
DIC_23.elf:     file format elf32-avr

Sections:
Idx Name          Size      VMA       LMA       File off  Algn
  0 .data         0000027e  00800100  00003f02  00003f96  2**0
                  CONTENTS, ALLOC, LOAD, DATA
  1 .text         00003f02  00000000  00000000  00000094  2**1
                  CONTENTS, ALLOC, LOAD, READONLY, CODE
  2 .bss          00000102  0080037e  0080037e  00004214  2**0
                  ALLOC
  3 .comment      00000030  00000000  00000000  00004214  2**0
                  CONTENTS, READONLY
  4 .note.gnu.avr.deviceinfo 00000040  00000000  00000000  00004244  2**2
                  CONTENTS, READONLY
  5 .debug_aranges 00000100  00000000  00000000  00004284  2**0
                  CONTENTS, READONLY, DEBUGGING
  6 .debug_info   00002217  00000000  00000000  00004384  2**0
                  CONTENTS, READONLY, DEBUGGING
  7 .debug_abbrev 0000116a  00000000  00000000  0000659b  2**0
                  CONTENTS, READONLY, DEBUGGING
  8 .debug_line   00001ad3  00000000  00000000  00007705  2**0
                  CONTENTS, READONLY, DEBUGGING
  9 .debug_frame  00000748  00000000  00000000  000091d8  2**2
                  CONTENTS, READONLY, DEBUGGING
 10 .debug_str    00000e20  00000000  00000000  00009920  2**0
                  CONTENTS, READONLY, DEBUGGING
 11 .debug_loc    00000e60  00000000  00000000  0000a740  2**0
                  CONTENTS, READONLY, DEBUGGING

Disassembly of section .text:

00000000 <__vectors>:
       0:	8d c0       	rjmp	.+282    	; 0x11c <__ctors_end>
       2:	00 00       	nop
       4:	aa c0       	rjmp	.+340    	; 0x15a <__bad_interrupt>
       6:	00 00       	nop
       8:	a8 c0       	rjmp	.+336    	; 0x15a <__bad_interrupt>
       a:	00 00       	nop
       c:	a6 c0       	rjmp	.+332    	; 0x15a <__bad_interrupt>
       e:	00 00       	nop
      10:	a4 c0       	rjmp	.+328    	; 0x15a <__bad_interrupt>
      12:	00 00       	nop
      14:	a2 c0       	rjmp	.+324    	; 0x15a <__bad_interrupt>
      16:	00 00       	nop
      18:	a0 c0       	rjmp	.+320    	; 0x15a <__bad_interrupt>
      1a:	00 00       	nop
      1c:	9e c0       	rjmp	.+316    	; 0x15a <__bad_interrupt>
      1e:	00 00       	nop
      20:	9c c0       	rjmp	.+312    	; 0x15a <__bad_interrupt>
      22:	00 00       	nop
      24:	9a c0       	rjmp	.+308    	; 0x15a <__bad_interrupt>
      26:	00 00       	nop
      28:	98 c0       	rjmp	.+304    	; 0x15a <__bad_interrupt>
      2a:	00 00       	nop
      2c:	96 c0       	rjmp	.+300    	; 0x15a <__bad_interrupt>
      2e:	00 00       	nop
      30:	94 c0       	rjmp	.+296    	; 0x15a <__bad_interrupt>
      32:	00 00       	nop
      34:	92 c0       	rjmp	.+292    	; 0x15a <__bad_interrupt>
      36:	00 00       	nop
      38:	90 c0       	rjmp	.+288    	; 0x15a <__bad_interrupt>
      3a:	00 00       	nop
      3c:	8e c0       	rjmp	.+284    	; 0x15a <__bad_interrupt>
      3e:	00 00       	nop
      40:	0c 94 cf 1e 	jmp	0x3d9e	; 0x3d9e <__vector_16>
      44:	8a c0       	rjmp	.+276    	; 0x15a <__bad_interrupt>
      46:	00 00       	nop
      48:	88 c0       	rjmp	.+272    	; 0x15a <__bad_interrupt>
      4a:	00 00       	nop
      4c:	86 c0       	rjmp	.+268    	; 0x15a <__bad_interrupt>
      4e:	00 00       	nop
      50:	0c 94 f8 19 	jmp	0x33f0	; 0x33f0 <__vector_20>
      54:	82 c0       	rjmp	.+260    	; 0x15a <__bad_interrupt>
      56:	00 00       	nop
      58:	80 c0       	rjmp	.+256    	; 0x15a <__bad_interrupt>
      5a:	00 00       	nop
      5c:	7e c0       	rjmp	.+252    	; 0x15a <__bad_interrupt>
      5e:	00 00       	nop
      60:	7c c0       	rjmp	.+248    	; 0x15a <__bad_interrupt>
      62:	00 00       	nop
      64:	7a c0       	rjmp	.+244    	; 0x15a <__bad_interrupt>
      66:	00 00       	nop
      68:	78 c0       	rjmp	.+240    	; 0x15a <__bad_interrupt>
      6a:	00 00       	nop
      6c:	76 c0       	rjmp	.+236    	; 0x15a <__bad_interrupt>
      6e:	00 00       	nop
      70:	74 c0       	rjmp	.+232    	; 0x15a <__bad_interrupt>
      72:	00 00       	nop
      74:	72 c0       	rjmp	.+228    	; 0x15a <__bad_interrupt>
      76:	00 00       	nop
      78:	70 c0       	rjmp	.+224    	; 0x15a <__bad_interrupt>
      7a:	00 00       	nop
      7c:	6e c0       	rjmp	.+220    	; 0x15a <__bad_interrupt>
      7e:	00 00       	nop
      80:	6c c0       	rjmp	.+216    	; 0x15a <__bad_interrupt>
      82:	00 00       	nop
      84:	6a c0       	rjmp	.+212    	; 0x15a <__bad_interrupt>
      86:	00 00       	nop
      88:	68 c0       	rjmp	.+208    	; 0x15a <__bad_interrupt>
      8a:	00 00       	nop
      8c:	66 c0       	rjmp	.+204    	; 0x15a <__bad_interrupt>
      8e:	00 00       	nop
      90:	64 c0       	rjmp	.+200    	; 0x15a <__bad_interrupt>
      92:	00 00       	nop
      94:	d7 09       	sbc	r29, r7
      96:	f4 09       	sbc	r31, r4
      98:	11 0a       	sbc	r1, r17
      9a:	2e 0a       	sbc	r2, r30
      9c:	4b 0a       	sbc	r4, r27
      9e:	68 0a       	sbc	r6, r24
      a0:	85 0a       	sbc	r8, r21
      a2:	a2 0a       	sbc	r10, r18
      a4:	bf 0a       	sbc	r11, r31
      a6:	dc 0a       	sbc	r13, r28
      a8:	f9 0a       	sbc	r15, r25
      aa:	16 0b       	sbc	r17, r22
      ac:	33 0b       	sbc	r19, r19
      ae:	50 0b       	sbc	r21, r16
      b0:	89 1a       	sub	r8, r25
      b2:	91 1a       	sub	r9, r17
      b4:	8d 1a       	sub	r8, r29
      b6:	9d 1a       	sub	r9, r29
      b8:	95 1a       	sub	r9, r21
      ba:	99 1a       	sub	r9, r25
      bc:	a5 1a       	sub	r10, r21
      be:	a1 1a       	sub	r10, r17
      c0:	c8 1a       	sub	r12, r24
      c2:	d0 1a       	sub	r13, r16
      c4:	cc 1a       	sub	r12, r28
      c6:	dc 1a       	sub	r13, r28
      c8:	d4 1a       	sub	r13, r20
      ca:	d8 1a       	sub	r13, r24
      cc:	e4 1a       	sub	r14, r20
      ce:	e0 1a       	sub	r14, r16
      d0:	08 1b       	sub	r16, r24
      d2:	16 1b       	sub	r17, r22
      d4:	0f 1b       	sub	r16, r31
      d6:	2b 1b       	sub	r18, r27
      d8:	1d 1b       	sub	r17, r29
      da:	24 1b       	sub	r18, r20
      dc:	39 1b       	sub	r19, r25
      de:	32 1b       	sub	r19, r18
      e0:	a5 1c       	adc	r10, r5
      e2:	af 1c       	adc	r10, r15
      e4:	b9 1c       	adc	r11, r9
      e6:	c3 1c       	adc	r12, r3
      e8:	cd 1c       	adc	r12, r13
      ea:	d7 1c       	adc	r13, r7
      ec:	e1 1c       	adc	r14, r1
      ee:	eb 1c       	adc	r14, r11
      f0:	f5 1c       	adc	r15, r5
      f2:	ff 1c       	adc	r15, r15
      f4:	09 1d       	adc	r16, r9
      f6:	13 1d       	adc	r17, r3
      f8:	1d 1d       	adc	r17, r13
      fa:	27 1d       	adc	r18, r7
      fc:	31 1d       	adc	r19, r1
      fe:	5b 1d       	adc	r21, r11
     100:	65 1d       	adc	r22, r5
     102:	6f 1d       	adc	r22, r15
     104:	79 1d       	adc	r23, r9
     106:	83 1d       	adc	r24, r3
     108:	8d 1d       	adc	r24, r13
     10a:	97 1d       	adc	r25, r7
     10c:	a1 1d       	adc	r26, r1
     10e:	ab 1d       	adc	r26, r11
     110:	b5 1d       	adc	r27, r5
     112:	bf 1d       	adc	r27, r15
     114:	c9 1d       	adc	r28, r9
     116:	d3 1d       	adc	r29, r3
     118:	dd 1d       	adc	r29, r13
     11a:	e7 1d       	adc	r30, r7

0000011c <__ctors_end>:
     11c:	11 24       	eor	r1, r1
     11e:	1f be       	out	0x3f, r1	; 63
     120:	cf ef       	ldi	r28, 0xFF	; 255
     122:	d0 e1       	ldi	r29, 0x10	; 16
     124:	de bf       	out	0x3e, r29	; 62
     126:	cd bf       	out	0x3d, r28	; 61

00000128 <__do_copy_data>:
     128:	13 e0       	ldi	r17, 0x03	; 3
     12a:	a0 e0       	ldi	r26, 0x00	; 0
     12c:	b1 e0       	ldi	r27, 0x01	; 1
     12e:	e2 e0       	ldi	r30, 0x02	; 2
     130:	ff e3       	ldi	r31, 0x3F	; 63
     132:	00 e0       	ldi	r16, 0x00	; 0
     134:	0b bf       	out	0x3b, r16	; 59
     136:	02 c0       	rjmp	.+4      	; 0x13c <__do_copy_data+0x14>
     138:	07 90       	elpm	r0, Z+
     13a:	0d 92       	st	X+, r0
     13c:	ae 37       	cpi	r26, 0x7E	; 126
     13e:	b1 07       	cpc	r27, r17
     140:	d9 f7       	brne	.-10     	; 0x138 <__do_copy_data+0x10>

00000142 <__do_clear_bss>:
     142:	24 e0       	ldi	r18, 0x04	; 4
     144:	ae e7       	ldi	r26, 0x7E	; 126
     146:	b3 e0       	ldi	r27, 0x03	; 3
     148:	01 c0       	rjmp	.+2      	; 0x14c <.do_clear_bss_start>

0000014a <.do_clear_bss_loop>:
     14a:	1d 92       	st	X+, r1

0000014c <.do_clear_bss_start>:
     14c:	a0 38       	cpi	r26, 0x80	; 128
     14e:	b2 07       	cpc	r27, r18
     150:	e1 f7       	brne	.-8      	; 0x14a <.do_clear_bss_loop>
     152:	0e 94 c8 0b 	call	0x1790	; 0x1790 <main>
     156:	0c 94 7f 1f 	jmp	0x3efe	; 0x3efe <_exit>

0000015a <__bad_interrupt>:
     15a:	52 cf       	rjmp	.-348    	; 0x0 <__vectors>

0000015c <init_mobs>:
// 1: MCU Temperature
// 0: MCU Temperature
struct CAN_MOB inv01_mob;


void init_mobs(){
     15c:	cf 93       	push	r28
     15e:	df 93       	push	r29
     160:	cd b7       	in	r28, 0x3d	; 61
     162:	de b7       	in	r29, 0x3e	; 62
	
	ams0_mob.mob_id = AMS_0_MOB_ID;
     164:	80 e0       	ldi	r24, 0x00	; 0
     166:	92 e0       	ldi	r25, 0x02	; 2
     168:	90 93 0b 04 	sts	0x040B, r25	; 0x80040b <ams0_mob+0x1>
     16c:	80 93 0a 04 	sts	0x040A, r24	; 0x80040a <ams0_mob>
	ams0_mob.mob_idmask = 0xffff;
     170:	8f ef       	ldi	r24, 0xFF	; 255
     172:	9f ef       	ldi	r25, 0xFF	; 255
     174:	90 93 0d 04 	sts	0x040D, r25	; 0x80040d <ams0_mob+0x3>
     178:	80 93 0c 04 	sts	0x040C, r24	; 0x80040c <ams0_mob+0x2>
	ams0_mob.mob_number = 0;
     17c:	10 92 0f 04 	sts	0x040F, r1	; 0x80040f <ams0_mob+0x5>
     180:	10 92 0e 04 	sts	0x040E, r1	; 0x80040e <ams0_mob+0x4>
	
	ams1_mob.mob_id = AMS_1_MOB_ID;
     184:	81 e0       	ldi	r24, 0x01	; 1
     186:	92 e0       	ldi	r25, 0x02	; 2
     188:	90 93 ff 03 	sts	0x03FF, r25	; 0x8003ff <ams1_mob+0x1>
     18c:	80 93 fe 03 	sts	0x03FE, r24	; 0x8003fe <ams1_mob>
	ams1_mob.mob_idmask = 0xffff;
     190:	8f ef       	ldi	r24, 0xFF	; 255
     192:	9f ef       	ldi	r25, 0xFF	; 255
     194:	90 93 01 04 	sts	0x0401, r25	; 0x800401 <ams1_mob+0x3>
     198:	80 93 00 04 	sts	0x0400, r24	; 0x800400 <ams1_mob+0x2>
	ams1_mob.mob_number = 1;
     19c:	81 e0       	ldi	r24, 0x01	; 1
     19e:	90 e0       	ldi	r25, 0x00	; 0
     1a0:	90 93 03 04 	sts	0x0403, r25	; 0x800403 <ams1_mob+0x5>
     1a4:	80 93 02 04 	sts	0x0402, r24	; 0x800402 <ams1_mob+0x4>
	
	shr_mob.mob_id = SHR_MOB_ID;
     1a8:	80 e0       	ldi	r24, 0x00	; 0
     1aa:	94 e0       	ldi	r25, 0x04	; 4
     1ac:	90 93 e7 03 	sts	0x03E7, r25	; 0x8003e7 <shr_mob+0x1>
     1b0:	80 93 e6 03 	sts	0x03E6, r24	; 0x8003e6 <shr_mob>
	shr_mob.mob_idmask = 0xffff;
     1b4:	8f ef       	ldi	r24, 0xFF	; 255
     1b6:	9f ef       	ldi	r25, 0xFF	; 255
     1b8:	90 93 e9 03 	sts	0x03E9, r25	; 0x8003e9 <shr_mob+0x3>
     1bc:	80 93 e8 03 	sts	0x03E8, r24	; 0x8003e8 <shr_mob+0x2>
	shr_mob.mob_number = 2;
     1c0:	82 e0       	ldi	r24, 0x02	; 2
     1c2:	90 e0       	ldi	r25, 0x00	; 0
     1c4:	90 93 eb 03 	sts	0x03EB, r25	; 0x8003eb <shr_mob+0x5>
     1c8:	80 93 ea 03 	sts	0x03EA, r24	; 0x8003ea <shr_mob+0x4>
	
	shf_mob.mob_id = SHF_MOB_ID;
     1cc:	81 e0       	ldi	r24, 0x01	; 1
     1ce:	94 e0       	ldi	r25, 0x04	; 4
     1d0:	90 93 71 04 	sts	0x0471, r25	; 0x800471 <shf_mob+0x1>
     1d4:	80 93 70 04 	sts	0x0470, r24	; 0x800470 <shf_mob>
	shf_mob.mob_idmask = 0xffff;
     1d8:	8f ef       	ldi	r24, 0xFF	; 255
     1da:	9f ef       	ldi	r25, 0xFF	; 255
     1dc:	90 93 73 04 	sts	0x0473, r25	; 0x800473 <shf_mob+0x3>
     1e0:	80 93 72 04 	sts	0x0472, r24	; 0x800472 <shf_mob+0x2>
	shf_mob.mob_number = 3;
     1e4:	83 e0       	ldi	r24, 0x03	; 3
     1e6:	90 e0       	ldi	r25, 0x00	; 0
     1e8:	90 93 75 04 	sts	0x0475, r25	; 0x800475 <shf_mob+0x5>
     1ec:	80 93 74 04 	sts	0x0474, r24	; 0x800474 <shf_mob+0x4>
	
	shb_mob.mob_id = SHB_MOB_ID;
     1f0:	80 e2       	ldi	r24, 0x20	; 32
     1f2:	94 e0       	ldi	r25, 0x04	; 4
     1f4:	90 93 f3 03 	sts	0x03F3, r25	; 0x8003f3 <shb_mob+0x1>
     1f8:	80 93 f2 03 	sts	0x03F2, r24	; 0x8003f2 <shb_mob>
	shb_mob.mob_idmask = 0xffff;
     1fc:	8f ef       	ldi	r24, 0xFF	; 255
     1fe:	9f ef       	ldi	r25, 0xFF	; 255
     200:	90 93 f5 03 	sts	0x03F5, r25	; 0x8003f5 <shb_mob+0x3>
     204:	80 93 f4 03 	sts	0x03F4, r24	; 0x8003f4 <shb_mob+0x2>
	shb_mob.mob_number = 4;
     208:	84 e0       	ldi	r24, 0x04	; 4
     20a:	90 e0       	ldi	r25, 0x00	; 0
     20c:	90 93 f7 03 	sts	0x03F7, r25	; 0x8003f7 <shb_mob+0x5>
     210:	80 93 f6 03 	sts	0x03F6, r24	; 0x8003f6 <shb_mob+0x4>
	
	dic_mob.mob_id = DIC_MOB_ID;
     214:	80 e0       	ldi	r24, 0x00	; 0
     216:	95 e0       	ldi	r25, 0x05	; 5
     218:	90 93 db 03 	sts	0x03DB, r25	; 0x8003db <dic_mob+0x1>
     21c:	80 93 da 03 	sts	0x03DA, r24	; 0x8003da <dic_mob>
	dic_mob.mob_idmask = 0xffff;
     220:	8f ef       	ldi	r24, 0xFF	; 255
     222:	9f ef       	ldi	r25, 0xFF	; 255
     224:	90 93 dd 03 	sts	0x03DD, r25	; 0x8003dd <dic_mob+0x3>
     228:	80 93 dc 03 	sts	0x03DC, r24	; 0x8003dc <dic_mob+0x2>
	dic_mob.mob_number = 5;
     22c:	85 e0       	ldi	r24, 0x05	; 5
     22e:	90 e0       	ldi	r25, 0x00	; 0
     230:	90 93 df 03 	sts	0x03DF, r25	; 0x8003df <dic_mob+0x5>
     234:	80 93 de 03 	sts	0x03DE, r24	; 0x8003de <dic_mob+0x4>
	
	fusebox_mob.mob_id = FUSEBOX_MOB_ID;
     238:	80 e0       	ldi	r24, 0x00	; 0
     23a:	96 e0       	ldi	r25, 0x06	; 6
     23c:	90 93 77 04 	sts	0x0477, r25	; 0x800477 <fusebox_mob+0x1>
     240:	80 93 76 04 	sts	0x0476, r24	; 0x800476 <fusebox_mob>
	fusebox_mob.mob_idmask = 0xffff;
     244:	8f ef       	ldi	r24, 0xFF	; 255
     246:	9f ef       	ldi	r25, 0xFF	; 255
     248:	90 93 79 04 	sts	0x0479, r25	; 0x800479 <fusebox_mob+0x3>
     24c:	80 93 78 04 	sts	0x0478, r24	; 0x800478 <fusebox_mob+0x2>
	fusebox_mob.mob_number = 6;
     250:	86 e0       	ldi	r24, 0x06	; 6
     252:	90 e0       	ldi	r25, 0x00	; 0
     254:	90 93 7b 04 	sts	0x047B, r25	; 0x80047b <fusebox_mob+0x5>
     258:	80 93 7a 04 	sts	0x047A, r24	; 0x80047a <fusebox_mob+0x4>
	
	swc_mob.mob_id = SWC_MOB_ID;
     25c:	80 e5       	ldi	r24, 0x50	; 80
     25e:	97 e0       	ldi	r25, 0x07	; 7
     260:	90 93 e1 03 	sts	0x03E1, r25	; 0x8003e1 <swc_mob+0x1>
     264:	80 93 e0 03 	sts	0x03E0, r24	; 0x8003e0 <swc_mob>
	swc_mob.mob_idmask = 0xffff;
     268:	8f ef       	ldi	r24, 0xFF	; 255
     26a:	9f ef       	ldi	r25, 0xFF	; 255
     26c:	90 93 e3 03 	sts	0x03E3, r25	; 0x8003e3 <swc_mob+0x3>
     270:	80 93 e2 03 	sts	0x03E2, r24	; 0x8003e2 <swc_mob+0x2>
	swc_mob.mob_number = 7;
     274:	87 e0       	ldi	r24, 0x07	; 7
     276:	90 e0       	ldi	r25, 0x00	; 0
     278:	90 93 e5 03 	sts	0x03E5, r25	; 0x8003e5 <swc_mob+0x5>
     27c:	80 93 e4 03 	sts	0x03E4, r24	; 0x8003e4 <swc_mob+0x4>
	
	vcu_mob.mob_id = vcu_0_mob_ID;
     280:	80 e0       	ldi	r24, 0x00	; 0
     282:	93 e0       	ldi	r25, 0x03	; 3
     284:	90 93 f9 03 	sts	0x03F9, r25	; 0x8003f9 <vcu_mob+0x1>
     288:	80 93 f8 03 	sts	0x03F8, r24	; 0x8003f8 <vcu_mob>
	vcu_mob.mob_idmask = 0xffff;
     28c:	8f ef       	ldi	r24, 0xFF	; 255
     28e:	9f ef       	ldi	r25, 0xFF	; 255
     290:	90 93 fb 03 	sts	0x03FB, r25	; 0x8003fb <vcu_mob+0x3>
     294:	80 93 fa 03 	sts	0x03FA, r24	; 0x8003fa <vcu_mob+0x2>
	vcu_mob.mob_number = 8;
     298:	88 e0       	ldi	r24, 0x08	; 8
     29a:	90 e0       	ldi	r25, 0x00	; 0
     29c:	90 93 fd 03 	sts	0x03FD, r25	; 0x8003fd <vcu_mob+0x5>
     2a0:	80 93 fc 03 	sts	0x03FC, r24	; 0x8003fc <vcu_mob+0x4>
	
	
	
	inv00_mob.mob_id = INV0_0_MOB_ID;
     2a4:	8a e4       	ldi	r24, 0x4A	; 74
     2a6:	94 e0       	ldi	r25, 0x04	; 4
     2a8:	90 93 ed 03 	sts	0x03ED, r25	; 0x8003ed <inv00_mob+0x1>
     2ac:	80 93 ec 03 	sts	0x03EC, r24	; 0x8003ec <inv00_mob>
	inv00_mob.mob_idmask = 0xffff;
     2b0:	8f ef       	ldi	r24, 0xFF	; 255
     2b2:	9f ef       	ldi	r25, 0xFF	; 255
     2b4:	90 93 ef 03 	sts	0x03EF, r25	; 0x8003ef <inv00_mob+0x3>
     2b8:	80 93 ee 03 	sts	0x03EE, r24	; 0x8003ee <inv00_mob+0x2>
	inv00_mob.mob_number = 9;
     2bc:	89 e0       	ldi	r24, 0x09	; 9
     2be:	90 e0       	ldi	r25, 0x00	; 0
     2c0:	90 93 f1 03 	sts	0x03F1, r25	; 0x8003f1 <inv00_mob+0x5>
     2c4:	80 93 f0 03 	sts	0x03F0, r24	; 0x8003f0 <inv00_mob+0x4>
	
	inv01_mob.mob_id = INV0_1_MOB_ID;
     2c8:	83 e5       	ldi	r24, 0x53	; 83
     2ca:	94 e0       	ldi	r25, 0x04	; 4
     2cc:	90 93 05 04 	sts	0x0405, r25	; 0x800405 <inv01_mob+0x1>
     2d0:	80 93 04 04 	sts	0x0404, r24	; 0x800404 <inv01_mob>
	inv01_mob.mob_idmask = 0xffff;
     2d4:	8f ef       	ldi	r24, 0xFF	; 255
     2d6:	9f ef       	ldi	r25, 0xFF	; 255
     2d8:	90 93 07 04 	sts	0x0407, r25	; 0x800407 <inv01_mob+0x3>
     2dc:	80 93 06 04 	sts	0x0406, r24	; 0x800406 <inv01_mob+0x2>
	inv01_mob.mob_number = 10;
     2e0:	8a e0       	ldi	r24, 0x0A	; 10
     2e2:	90 e0       	ldi	r25, 0x00	; 0
     2e4:	90 93 09 04 	sts	0x0409, r25	; 0x800409 <inv01_mob+0x5>
     2e8:	80 93 08 04 	sts	0x0408, r24	; 0x800408 <inv01_mob+0x4>
	
}
     2ec:	00 00       	nop
     2ee:	df 91       	pop	r29
     2f0:	cf 91       	pop	r28
     2f2:	08 95       	ret

000002f4 <can_receive>:

void can_receive(){
     2f4:	cf 93       	push	r28
     2f6:	df 93       	push	r29
     2f8:	1f 92       	push	r1
     2fa:	cd b7       	in	r28, 0x3d	; 61
     2fc:	de b7       	in	r29, 0x3e	; 62
	
	can_rx(&ams0_mob, mob_databytes[AMS0_DATA]);
     2fe:	60 e1       	ldi	r22, 0x10	; 16
     300:	74 e0       	ldi	r23, 0x04	; 4
     302:	8a e0       	ldi	r24, 0x0A	; 10
     304:	94 e0       	ldi	r25, 0x04	; 4
     306:	58 d3       	rcall	.+1712   	; 0x9b8 <can_rx>
	uint8_t ams_counter = mob_databytes[AMS0_DATA][7];
     308:	80 91 17 04 	lds	r24, 0x0417	; 0x800417 <mob_databytes+0x7>
     30c:	89 83       	std	Y+1, r24	; 0x01
	if (ams_counter == last_ams_counter){
     30e:	80 91 d0 03 	lds	r24, 0x03D0	; 0x8003d0 <last_ams_counter>
     312:	99 81       	ldd	r25, Y+1	; 0x01
     314:	98 17       	cp	r25, r24
     316:	51 f4       	brne	.+20     	; 0x32c <can_receive+0x38>
		ams_error_counter++;
     318:	80 91 ce 03 	lds	r24, 0x03CE	; 0x8003ce <ams_error_counter>
     31c:	90 91 cf 03 	lds	r25, 0x03CF	; 0x8003cf <ams_error_counter+0x1>
     320:	01 96       	adiw	r24, 0x01	; 1
     322:	90 93 cf 03 	sts	0x03CF, r25	; 0x8003cf <ams_error_counter+0x1>
     326:	80 93 ce 03 	sts	0x03CE, r24	; 0x8003ce <ams_error_counter>
     32a:	04 c0       	rjmp	.+8      	; 0x334 <can_receive+0x40>
	} else {
		ams_error_counter = 0;
     32c:	10 92 cf 03 	sts	0x03CF, r1	; 0x8003cf <ams_error_counter+0x1>
     330:	10 92 ce 03 	sts	0x03CE, r1	; 0x8003ce <ams_error_counter>
	}
	last_ams_counter = ams_counter;			// AMS error muss 100 mal kommen, dann dann leuchtet led bar 
     334:	89 81       	ldd	r24, Y+1	; 0x01
     336:	80 93 d0 03 	sts	0x03D0, r24	; 0x8003d0 <last_ams_counter>
	if (ams_error_counter > 1000 || ams_error != 0){
     33a:	80 91 ce 03 	lds	r24, 0x03CE	; 0x8003ce <ams_error_counter>
     33e:	90 91 cf 03 	lds	r25, 0x03CF	; 0x8003cf <ams_error_counter+0x1>
     342:	89 3e       	cpi	r24, 0xE9	; 233
     344:	93 40       	sbci	r25, 0x03	; 3
     346:	20 f4       	brcc	.+8      	; 0x350 <can_receive+0x5c>
     348:	80 91 84 03 	lds	r24, 0x0384	; 0x800384 <ams_error>
     34c:	88 23       	and	r24, r24
     34e:	21 f0       	breq	.+8      	; 0x358 <can_receive+0x64>
		//LED anschalten
		bms_error(1);
     350:	81 e0       	ldi	r24, 0x01	; 1
     352:	0e 94 f6 1d 	call	0x3bec	; 0x3bec <bms_error>
     356:	03 c0       	rjmp	.+6      	; 0x35e <can_receive+0x6a>
	} else {
		bms_error(0);
     358:	80 e0       	ldi	r24, 0x00	; 0
     35a:	0e 94 f6 1d 	call	0x3bec	; 0x3bec <bms_error>
	}
	
	can_rx(&ams1_mob, mob_databytes[AMS1_DATA]);
     35e:	68 e1       	ldi	r22, 0x18	; 24
     360:	74 e0       	ldi	r23, 0x04	; 4
     362:	8e ef       	ldi	r24, 0xFE	; 254
     364:	93 e0       	ldi	r25, 0x03	; 3
     366:	28 d3       	rcall	.+1616   	; 0x9b8 <can_rx>
	can_rx(&shr_mob, mob_databytes[SHR_DATA]);
     368:	60 e2       	ldi	r22, 0x20	; 32
     36a:	74 e0       	ldi	r23, 0x04	; 4
     36c:	86 ee       	ldi	r24, 0xE6	; 230
     36e:	93 e0       	ldi	r25, 0x03	; 3
     370:	23 d3       	rcall	.+1606   	; 0x9b8 <can_rx>
	can_rx(&shf_mob, mob_databytes[SHF_DATA]);
     372:	68 e2       	ldi	r22, 0x28	; 40
     374:	74 e0       	ldi	r23, 0x04	; 4
     376:	80 e7       	ldi	r24, 0x70	; 112
     378:	94 e0       	ldi	r25, 0x04	; 4
     37a:	1e d3       	rcall	.+1596   	; 0x9b8 <can_rx>
	can_rx(&shb_mob, mob_databytes[SHB_DATA]);
     37c:	60 e3       	ldi	r22, 0x30	; 48
     37e:	74 e0       	ldi	r23, 0x04	; 4
     380:	82 ef       	ldi	r24, 0xF2	; 242
     382:	93 e0       	ldi	r25, 0x03	; 3
     384:	19 d3       	rcall	.+1586   	; 0x9b8 <can_rx>
	can_rx(&fusebox_mob, mob_databytes[FUSEBOX_DATA]);
     386:	60 e4       	ldi	r22, 0x40	; 64
     388:	74 e0       	ldi	r23, 0x04	; 4
     38a:	86 e7       	ldi	r24, 0x76	; 118
     38c:	94 e0       	ldi	r25, 0x04	; 4
     38e:	14 d3       	rcall	.+1576   	; 0x9b8 <can_rx>
	can_rx(&swc_mob, mob_databytes[SWC_DATA]);
     390:	68 e4       	ldi	r22, 0x48	; 72
     392:	74 e0       	ldi	r23, 0x04	; 4
     394:	80 ee       	ldi	r24, 0xE0	; 224
     396:	93 e0       	ldi	r25, 0x03	; 3
     398:	0f d3       	rcall	.+1566   	; 0x9b8 <can_rx>
	can_rx(&vcu_mob, mob_databytes[VCU_DATA]);
     39a:	60 e5       	ldi	r22, 0x50	; 80
     39c:	74 e0       	ldi	r23, 0x04	; 4
     39e:	88 ef       	ldi	r24, 0xF8	; 248
     3a0:	93 e0       	ldi	r25, 0x03	; 3
     3a2:	0a d3       	rcall	.+1556   	; 0x9b8 <can_rx>
	can_rx(&inv00_mob, mob_databytes[INV00_DATA]);
     3a4:	68 e5       	ldi	r22, 0x58	; 88
     3a6:	74 e0       	ldi	r23, 0x04	; 4
     3a8:	8c ee       	ldi	r24, 0xEC	; 236
     3aa:	93 e0       	ldi	r25, 0x03	; 3
     3ac:	05 d3       	rcall	.+1546   	; 0x9b8 <can_rx>
	can_rx(&inv01_mob, mob_databytes[INV01_DATA]);
     3ae:	60 e6       	ldi	r22, 0x60	; 96
     3b0:	74 e0       	ldi	r23, 0x04	; 4
     3b2:	84 e0       	ldi	r24, 0x04	; 4
     3b4:	94 e0       	ldi	r25, 0x04	; 4
     3b6:	00 d3       	rcall	.+1536   	; 0x9b8 <can_rx>
     3b8:	00 00       	nop
	
	
}
     3ba:	0f 90       	pop	r0
     3bc:	df 91       	pop	r29
     3be:	cf 91       	pop	r28
     3c0:	08 95       	ret

000003c2 <can_transmit>:

void can_transmit(){
     3c2:	cf 93       	push	r28
     3c4:	df 93       	push	r29
     3c6:	cd b7       	in	r28, 0x3d	; 61
     3c8:	de b7       	in	r29, 0x3e	; 62
	can_tx(&dic_mob, mob_databytes[DIC_DATA]);
     3ca:	68 e3       	ldi	r22, 0x38	; 56
     3cc:	74 e0       	ldi	r23, 0x04	; 4
     3ce:	8a ed       	ldi	r24, 0xDA	; 218
     3d0:	93 e0       	ldi	r25, 0x03	; 3
     3d2:	8e d3       	rcall	.+1820   	; 0xaf0 <can_tx>
     3d4:	00 00       	nop
}
     3d6:	df 91       	pop	r29
     3d8:	cf 91       	pop	r28
     3da:	08 95       	ret

000003dc <get_dsp_mode>:
     3dc:	cf 93       	push	r28

uint8_t get_dsp_mode(){
     3de:	df 93       	push	r29
     3e0:	cd b7       	in	r28, 0x3d	; 61
     3e2:	de b7       	in	r29, 0x3e	; 62
     3e4:	80 91 49 04 	lds	r24, 0x0449	; 0x800449 <mob_databytes+0x39>
	return mob_databytes[SWC_DATA][DSP_MODE_BYTE];
     3e8:	df 91       	pop	r29
	
}
     3ea:	cf 91       	pop	r28
     3ec:	08 95       	ret

000003ee <get_swc_buttons>:
     3ee:	cf 93       	push	r28
uint8_t get_swc_buttons(){
     3f0:	df 93       	push	r29
     3f2:	1f 92       	push	r1
     3f4:	cd b7       	in	r28, 0x3d	; 61
     3f6:	de b7       	in	r29, 0x3e	; 62
     3f8:	19 82       	std	Y+1, r1	; 0x01
	 ---x PBL Push button Left
	 --x- PBR Push button Right
	 -x-- SWTL Schaltwippe top left
	 x--- SWTR Schaltwippe top right
	*/
	uint8_t wert = 0;
     3fa:	80 91 4a 04 	lds	r24, 0x044A	; 0x80044a <mob_databytes+0x3a>
	
	wert = mob_databytes[SWC_DATA][PBL] | (mob_databytes[SWC_DATA][PBR]<<1) | (((~mob_databytes[SWC_DATA][SWTL])&1)<<2) | (((~mob_databytes[SWC_DATA][SWTR])&1)<<3);
     3fe:	28 2f       	mov	r18, r24
     400:	80 91 4b 04 	lds	r24, 0x044B	; 0x80044b <mob_databytes+0x3b>
     404:	88 2f       	mov	r24, r24
     406:	90 e0       	ldi	r25, 0x00	; 0
     408:	88 0f       	add	r24, r24
     40a:	99 1f       	adc	r25, r25
     40c:	28 2b       	or	r18, r24
     40e:	80 91 4c 04 	lds	r24, 0x044C	; 0x80044c <mob_databytes+0x3c>
     412:	88 2f       	mov	r24, r24
     414:	90 e0       	ldi	r25, 0x00	; 0
     416:	81 70       	andi	r24, 0x01	; 1
     418:	99 27       	eor	r25, r25
     41a:	89 2b       	or	r24, r25
     41c:	11 f4       	brne	.+4      	; 0x422 <__LOCK_REGION_LENGTH__+0x22>
     41e:	84 e0       	ldi	r24, 0x04	; 4
     420:	01 c0       	rjmp	.+2      	; 0x424 <__LOCK_REGION_LENGTH__+0x24>
     422:	80 e0       	ldi	r24, 0x00	; 0
     424:	28 2b       	or	r18, r24
     426:	80 91 4e 04 	lds	r24, 0x044E	; 0x80044e <mob_databytes+0x3e>
     42a:	88 2f       	mov	r24, r24
     42c:	90 e0       	ldi	r25, 0x00	; 0
     42e:	81 70       	andi	r24, 0x01	; 1
     430:	99 27       	eor	r25, r25
     432:	89 2b       	or	r24, r25
     434:	11 f4       	brne	.+4      	; 0x43a <__LOCK_REGION_LENGTH__+0x3a>
     436:	88 e0       	ldi	r24, 0x08	; 8
     438:	01 c0       	rjmp	.+2      	; 0x43c <__LOCK_REGION_LENGTH__+0x3c>
     43a:	80 e0       	ldi	r24, 0x00	; 0
     43c:	82 2b       	or	r24, r18
     43e:	89 83       	std	Y+1, r24	; 0x01
     440:	89 81       	ldd	r24, Y+1	; 0x01
	return wert;
     442:	0f 90       	pop	r0
}
     444:	df 91       	pop	r29
     446:	cf 91       	pop	r28
     448:	08 95       	ret

0000044a <get_mob_data>:
     44a:	cf 93       	push	r28

uint8_t* get_mob_data(uint8_t mob){
     44c:	df 93       	push	r29
     44e:	1f 92       	push	r1
     450:	cd b7       	in	r28, 0x3d	; 61
     452:	de b7       	in	r29, 0x3e	; 62
     454:	89 83       	std	Y+1, r24	; 0x01
     456:	89 81       	ldd	r24, Y+1	; 0x01
	return mob_databytes[mob];
     458:	88 2f       	mov	r24, r24
     45a:	90 e0       	ldi	r25, 0x00	; 0
     45c:	88 0f       	add	r24, r24
     45e:	99 1f       	adc	r25, r25
     460:	88 0f       	add	r24, r24
     462:	99 1f       	adc	r25, r25
     464:	88 0f       	add	r24, r24
     466:	99 1f       	adc	r25, r25
     468:	80 5f       	subi	r24, 0xF0	; 240
     46a:	9b 4f       	sbci	r25, 0xFB	; 251
     46c:	0f 90       	pop	r0
}
     46e:	df 91       	pop	r29
     470:	cf 91       	pop	r28
     472:	08 95       	ret

00000474 <can_put_data>:
     474:	cf 93       	push	r28

void can_put_data(){
     476:	df 93       	push	r29
     478:	cd b7       	in	r28, 0x3d	; 61
     47a:	de b7       	in	r29, 0x3e	; 62
     47c:	80 91 10 04 	lds	r24, 0x0410	; 0x800410 <mob_databytes>
	
	ts_voltage = (mob_databytes[AMS0_DATA][0] | (mob_databytes[AMS0_DATA][1] << 8));
     480:	28 2f       	mov	r18, r24
     482:	30 e0       	ldi	r19, 0x00	; 0
     484:	80 91 11 04 	lds	r24, 0x0411	; 0x800411 <mob_databytes+0x1>
     488:	88 2f       	mov	r24, r24
     48a:	90 e0       	ldi	r25, 0x00	; 0
     48c:	98 2f       	mov	r25, r24
     48e:	88 27       	eor	r24, r24
     490:	82 2b       	or	r24, r18
     492:	93 2b       	or	r25, r19
     494:	90 93 7f 03 	sts	0x037F, r25	; 0x80037f <__data_end+0x1>
     498:	80 93 7e 03 	sts	0x037E, r24	; 0x80037e <__data_end>
     49c:	80 91 7e 03 	lds	r24, 0x037E	; 0x80037e <__data_end>
	ts_voltage = ts_voltage/100;
     4a0:	90 91 7f 03 	lds	r25, 0x037F	; 0x80037f <__data_end+0x1>
     4a4:	96 95       	lsr	r25
     4a6:	87 95       	ror	r24
     4a8:	96 95       	lsr	r25
     4aa:	87 95       	ror	r24
     4ac:	9c 01       	movw	r18, r24
     4ae:	ab e7       	ldi	r26, 0x7B	; 123
     4b0:	b4 e1       	ldi	r27, 0x14	; 20
     4b2:	0e 94 4e 1f 	call	0x3e9c	; 0x3e9c <__umulhisi3>
     4b6:	96 95       	lsr	r25
     4b8:	87 95       	ror	r24
     4ba:	90 93 7f 03 	sts	0x037F, r25	; 0x80037f <__data_end+0x1>
     4be:	80 93 7e 03 	sts	0x037E, r24	; 0x80037e <__data_end>
     4c2:	80 91 16 04 	lds	r24, 0x0416	; 0x800416 <mob_databytes+0x6>
	//ts_current = mob_databytes[AMS0_DATA][2] | (mob_databytes[AMS0_DATA][3] << 8);
	//state_of_charge = mob_databytes[AMS0_DATA][4] | (mob_databytes[AMS0_DATA][5] << 8);
	ams_error = ((mob_databytes[AMS0_DATA][6]>>7) & 1);
     4c6:	88 1f       	adc	r24, r24
     4c8:	88 27       	eor	r24, r24
     4ca:	88 1f       	adc	r24, r24
     4cc:	80 93 84 03 	sts	0x0384, r24	; 0x800384 <ams_error>
     4d0:	80 91 16 04 	lds	r24, 0x0416	; 0x800416 <mob_databytes+0x6>
	imd_error = ((mob_databytes[AMS0_DATA][6]>>6) & 1);
     4d4:	82 95       	swap	r24
     4d6:	86 95       	lsr	r24
     4d8:	86 95       	lsr	r24
     4da:	83 70       	andi	r24, 0x03	; 3
     4dc:	81 70       	andi	r24, 0x01	; 1
     4de:	80 93 85 03 	sts	0x0385, r24	; 0x800385 <imd_error>
     4e2:	80 91 85 03 	lds	r24, 0x0385	; 0x800385 <imd_error>
	if (imd_error == 0){
     4e6:	88 23       	and	r24, r24
     4e8:	49 f4       	brne	.+18     	; 0x4fc <can_put_data+0x88>
     4ea:	82 e2       	ldi	r24, 0x22	; 34
		//pre_defined_led_colors(PE_RED);
		PORTA |= (0<<PA2);
     4ec:	90 e0       	ldi	r25, 0x00	; 0
     4ee:	22 e2       	ldi	r18, 0x22	; 34
     4f0:	30 e0       	ldi	r19, 0x00	; 0
     4f2:	f9 01       	movw	r30, r18
     4f4:	20 81       	ld	r18, Z
     4f6:	fc 01       	movw	r30, r24
     4f8:	20 83       	st	Z, r18
     4fa:	09 c0       	rjmp	.+18     	; 0x50e <can_put_data+0x9a>
     4fc:	82 e2       	ldi	r24, 0x22	; 34
		//extender_leds_blocking(RGB_LEFT,0|(0<<F_RED));
	}
	else
	{
		//pre_defined_led_colors(PE_OFF);
		PORTA |= (1<<PA2);
     4fe:	90 e0       	ldi	r25, 0x00	; 0
     500:	22 e2       	ldi	r18, 0x22	; 34
     502:	30 e0       	ldi	r19, 0x00	; 0
     504:	f9 01       	movw	r30, r18
     506:	20 81       	ld	r18, Z
     508:	24 60       	ori	r18, 0x04	; 4
     50a:	fc 01       	movw	r30, r24
     50c:	20 83       	st	Z, r18
     50e:	80 91 16 04 	lds	r24, 0x0416	; 0x800416 <mob_databytes+0x6>
		//extender_leds_blocking(RGB_LEFT,0|(1<<F_RED));
	}
	//can_ok = ((mob_databytes[AMS0_DATA][6]>>5) & 1);
	precharge_active = ((mob_databytes[AMS0_DATA][6]>>4) & 1);
     512:	82 95       	swap	r24
     514:	8f 70       	andi	r24, 0x0F	; 15
     516:	81 70       	andi	r24, 0x01	; 1
     518:	80 93 87 03 	sts	0x0387, r24	; 0x800387 <precharge_active>
     51c:	80 91 1e 04 	lds	r24, 0x041E	; 0x80041e <mob_databytes+0xe>
    //TS_RDY = ((mob_databytes[AMS0_DATA][6]>>3) & 1);
	
	//bms_min_voltage = mob_databytes[AMS1_DATA][0] | (mob_databytes[AMS1_DATA][1] << 8);
	//bms_max_voltage = mob_databytes[AMS1_DATA][2] | (mob_databytes[AMS1_DATA][3] << 8);
	//bms_min_temp = (mob_databytes[AMS1_DATA][4] | (mob_databytes[AMS1_DATA][5] << 8))/100;
	bms_max_temp = (mob_databytes[AMS1_DATA][6] | (mob_databytes[AMS1_DATA][7] << 8));
     520:	28 2f       	mov	r18, r24
     522:	30 e0       	ldi	r19, 0x00	; 0
     524:	80 91 1f 04 	lds	r24, 0x041F	; 0x80041f <mob_databytes+0xf>
     528:	88 2f       	mov	r24, r24
     52a:	90 e0       	ldi	r25, 0x00	; 0
     52c:	98 2f       	mov	r25, r24
     52e:	88 27       	eor	r24, r24
     530:	82 2b       	or	r24, r18
     532:	93 2b       	or	r25, r19
     534:	90 93 8e 03 	sts	0x038E, r25	; 0x80038e <bms_max_temp+0x1>
     538:	80 93 8d 03 	sts	0x038D, r24	; 0x80038d <bms_max_temp>
     53c:	80 91 8d 03 	lds	r24, 0x038D	; 0x80038d <bms_max_temp>
	bms_max_temp = bms_max_temp/100;
     540:	90 91 8e 03 	lds	r25, 0x038E	; 0x80038e <bms_max_temp+0x1>
     544:	96 95       	lsr	r25
     546:	87 95       	ror	r24
     548:	96 95       	lsr	r25
     54a:	87 95       	ror	r24
     54c:	9c 01       	movw	r18, r24
     54e:	ab e7       	ldi	r26, 0x7B	; 123
     550:	b4 e1       	ldi	r27, 0x14	; 20
     552:	0e 94 4e 1f 	call	0x3e9c	; 0x3e9c <__umulhisi3>
     556:	96 95       	lsr	r25
     558:	87 95       	ror	r24
     55a:	90 93 8e 03 	sts	0x038E, r25	; 0x80038e <bms_max_temp+0x1>
     55e:	80 93 8d 03 	sts	0x038D, r24	; 0x80038d <bms_max_temp>
     562:	80 91 50 04 	lds	r24, 0x0450	; 0x800450 <mob_databytes+0x40>
	
	APPS1 = (mob_databytes[VCU_DATA][0] | (mob_databytes[VCU_DATA][1] << 8))/10;
     566:	28 2f       	mov	r18, r24
     568:	30 e0       	ldi	r19, 0x00	; 0
     56a:	80 91 51 04 	lds	r24, 0x0451	; 0x800451 <mob_databytes+0x41>
     56e:	88 2f       	mov	r24, r24
     570:	90 e0       	ldi	r25, 0x00	; 0
     572:	98 2f       	mov	r25, r24
     574:	88 27       	eor	r24, r24
     576:	82 2b       	or	r24, r18
     578:	93 2b       	or	r25, r19
     57a:	2a e0       	ldi	r18, 0x0A	; 10
     57c:	30 e0       	ldi	r19, 0x00	; 0
     57e:	b9 01       	movw	r22, r18
     580:	0e 94 16 1f 	call	0x3e2c	; 0x3e2c <__divmodhi4>
     584:	cb 01       	movw	r24, r22
     586:	90 93 92 03 	sts	0x0392, r25	; 0x800392 <APPS1+0x1>
     58a:	80 93 91 03 	sts	0x0391, r24	; 0x800391 <APPS1>
     58e:	80 91 52 04 	lds	r24, 0x0452	; 0x800452 <mob_databytes+0x42>
	APPS2 = (mob_databytes[VCU_DATA][2] | (mob_databytes[VCU_DATA][3] << 8))/10;
     592:	28 2f       	mov	r18, r24
     594:	30 e0       	ldi	r19, 0x00	; 0
     596:	80 91 53 04 	lds	r24, 0x0453	; 0x800453 <mob_databytes+0x43>
     59a:	88 2f       	mov	r24, r24
     59c:	90 e0       	ldi	r25, 0x00	; 0
     59e:	98 2f       	mov	r25, r24
     5a0:	88 27       	eor	r24, r24
     5a2:	82 2b       	or	r24, r18
     5a4:	93 2b       	or	r25, r19
     5a6:	2a e0       	ldi	r18, 0x0A	; 10
     5a8:	30 e0       	ldi	r19, 0x00	; 0
     5aa:	b9 01       	movw	r22, r18
     5ac:	0e 94 16 1f 	call	0x3e2c	; 0x3e2c <__divmodhi4>
     5b0:	cb 01       	movw	r24, r22
     5b2:	90 93 94 03 	sts	0x0394, r25	; 0x800394 <APPS2+0x1>
     5b6:	80 93 93 03 	sts	0x0393, r24	; 0x800393 <APPS2>
     5ba:	80 91 28 04 	lds	r24, 0x0428	; 0x800428 <mob_databytes+0x18>
	BPSF = (mob_databytes[SHF_DATA][0] | (mob_databytes[SHF_DATA][1] << 8))/10;
     5be:	28 2f       	mov	r18, r24
     5c0:	30 e0       	ldi	r19, 0x00	; 0
     5c2:	80 91 29 04 	lds	r24, 0x0429	; 0x800429 <mob_databytes+0x19>
     5c6:	88 2f       	mov	r24, r24
     5c8:	90 e0       	ldi	r25, 0x00	; 0
     5ca:	98 2f       	mov	r25, r24
     5cc:	88 27       	eor	r24, r24
     5ce:	82 2b       	or	r24, r18
     5d0:	93 2b       	or	r25, r19
     5d2:	2a e0       	ldi	r18, 0x0A	; 10
     5d4:	30 e0       	ldi	r19, 0x00	; 0
     5d6:	b9 01       	movw	r22, r18
     5d8:	0e 94 16 1f 	call	0x3e2c	; 0x3e2c <__divmodhi4>
     5dc:	cb 01       	movw	r24, r22
     5de:	90 93 96 03 	sts	0x0396, r25	; 0x800396 <BPSF+0x1>
     5e2:	80 93 95 03 	sts	0x0395, r24	; 0x800395 <BPSF>
     5e6:	80 91 2a 04 	lds	r24, 0x042A	; 0x80042a <mob_databytes+0x1a>
	BPSR = (mob_databytes[SHF_DATA][2] | (mob_databytes[SHF_DATA][3] << 8))/10;
     5ea:	28 2f       	mov	r18, r24
     5ec:	30 e0       	ldi	r19, 0x00	; 0
     5ee:	80 91 2b 04 	lds	r24, 0x042B	; 0x80042b <mob_databytes+0x1b>
     5f2:	88 2f       	mov	r24, r24
     5f4:	90 e0       	ldi	r25, 0x00	; 0
     5f6:	98 2f       	mov	r25, r24
     5f8:	88 27       	eor	r24, r24
     5fa:	82 2b       	or	r24, r18
     5fc:	93 2b       	or	r25, r19
     5fe:	2a e0       	ldi	r18, 0x0A	; 10
     600:	30 e0       	ldi	r19, 0x00	; 0
     602:	b9 01       	movw	r22, r18
     604:	0e 94 16 1f 	call	0x3e2c	; 0x3e2c <__divmodhi4>
     608:	cb 01       	movw	r24, r22
     60a:	90 93 98 03 	sts	0x0398, r25	; 0x800398 <BPSR+0x1>
     60e:	80 93 97 03 	sts	0x0397, r24	; 0x800397 <BPSR>
     612:	80 91 d5 03 	lds	r24, 0x03D5	; 0x8003d5 <sys_time>
	//cooling_1 = (mob_databytes[SHB_DATA][0] | (mob_databytes[SHB_DATA][1] << 8));
	//cooling_2 = mob_databytes[SHB_DATA][2] | (mob_databytes[SHB_DATA][3] << 8);
	//cooling_temp = (cooling_1 + cooling_2) / 2 ;		//Mittelwert aus cooling 1 und 2
	//cooling_temp_deg =  ((0.128*cooling_1) - (8.137))*10; // NTC Kurve ist linearisiert im Bereich 80°-20°, außerhalb ungenauer
	if(sys_time>=BSPD_STARTUP_TIME && wait == 0){
     616:	90 91 d6 03 	lds	r25, 0x03D6	; 0x8003d6 <sys_time+0x1>
     61a:	a0 91 d7 03 	lds	r26, 0x03D7	; 0x8003d7 <sys_time+0x2>
     61e:	b0 91 d8 03 	lds	r27, 0x03D8	; 0x8003d8 <sys_time+0x3>
     622:	88 39       	cpi	r24, 0x98	; 152
     624:	9a 43       	sbci	r25, 0x3A	; 58
     626:	a1 05       	cpc	r26, r1
     628:	b1 05       	cpc	r27, r1
     62a:	e8 f0       	brcs	.+58     	; 0x666 <can_put_data+0x1f2>
     62c:	80 91 d2 03 	lds	r24, 0x03D2	; 0x8003d2 <wait>
     630:	88 23       	and	r24, r24
     632:	c9 f4       	brne	.+50     	; 0x666 <can_put_data+0x1f2>
     634:	80 e2       	ldi	r24, 0x20	; 32
		TS_ON = (~PINA & (1 << PA0));
     636:	90 e0       	ldi	r25, 0x00	; 0
     638:	fc 01       	movw	r30, r24
     63a:	80 81       	ld	r24, Z
     63c:	88 2f       	mov	r24, r24
     63e:	90 e0       	ldi	r25, 0x00	; 0
     640:	81 70       	andi	r24, 0x01	; 1
     642:	99 27       	eor	r25, r25
     644:	21 e0       	ldi	r18, 0x01	; 1
     646:	89 2b       	or	r24, r25
     648:	09 f0       	breq	.+2      	; 0x64c <can_put_data+0x1d8>
     64a:	20 e0       	ldi	r18, 0x00	; 0
     64c:	82 2f       	mov	r24, r18
     64e:	80 93 a8 03 	sts	0x03A8, r24	; 0x8003a8 <TS_ON>
     652:	80 91 a9 03 	lds	r24, 0x03A9	; 0x8003a9 <TSon_enabled>
		if(TSon_enabled==0){
     656:	88 23       	and	r24, r24
     658:	19 f4       	brne	.+6      	; 0x660 <can_put_data+0x1ec>
     65a:	87 e0       	ldi	r24, 0x07	; 7
			pre_defined_led_colors(PE_OFF);
     65c:	0e 94 ed 1a 	call	0x35da	; 0x35da <pre_defined_led_colors>
     660:	81 e0       	ldi	r24, 0x01	; 1
			
		}
		TSon_enabled=1;
     662:	80 93 a9 03 	sts	0x03A9, r24	; 0x8003a9 <TSon_enabled>
     666:	10 92 a7 03 	sts	0x03A7, r1	; 0x8003a7 <Ready_2_Drive>
	}
	
	Ready_2_Drive = 0;
     66a:	80 e2       	ldi	r24, 0x20	; 32
	/*
	if (BPSR >= 10 && precharge_active){
		Ready_2_Drive = (~PINA >> PA1) & PA1;
	}
	*/
	Ready_2_Drive = (~PINA >> PA1) & PA1;
     66c:	90 e0       	ldi	r25, 0x00	; 0
     66e:	fc 01       	movw	r30, r24
     670:	80 81       	ld	r24, Z
     672:	88 2f       	mov	r24, r24
     674:	90 e0       	ldi	r25, 0x00	; 0
     676:	80 95       	com	r24
     678:	90 95       	com	r25
     67a:	95 95       	asr	r25
     67c:	87 95       	ror	r24
     67e:	81 70       	andi	r24, 0x01	; 1
     680:	80 93 a7 03 	sts	0x03A7, r24	; 0x8003a7 <Ready_2_Drive>
     684:	80 91 42 04 	lds	r24, 0x0442	; 0x800442 <mob_databytes+0x32>
	battery_voltage = mob_databytes[FUSEBOX_DATA][2] | (mob_databytes[FUSEBOX_DATA][3] << 8);
     688:	28 2f       	mov	r18, r24
     68a:	30 e0       	ldi	r19, 0x00	; 0
     68c:	80 91 43 04 	lds	r24, 0x0443	; 0x800443 <mob_databytes+0x33>
     690:	88 2f       	mov	r24, r24
     692:	90 e0       	ldi	r25, 0x00	; 0
     694:	98 2f       	mov	r25, r24
     696:	88 27       	eor	r24, r24
     698:	82 2b       	or	r24, r18
     69a:	93 2b       	or	r25, r19
     69c:	90 93 ac 03 	sts	0x03AC, r25	; 0x8003ac <battery_voltage+0x1>
     6a0:	80 93 ab 03 	sts	0x03AB, r24	; 0x8003ab <battery_voltage>
     6a4:	80 91 47 04 	lds	r24, 0x0447	; 0x800447 <mob_databytes+0x37>
	//SDCIFB = mob_databytes[FUSEBOX_DATA][4];
	//fuse_readout = mob_databytes[FUSEBOX_DATA][6] | (mob_databytes[FUSEBOX_DATA][7] << 8);
	
	fuse_readout = ((mob_databytes[FUSEBOX_DATA][7] & 11111110)/10); //Berechnung der gesendeten Fuse(-Stelle)
     6a8:	88 2f       	mov	r24, r24
     6aa:	90 e0       	ldi	r25, 0x00	; 0
     6ac:	a0 e0       	ldi	r26, 0x00	; 0
     6ae:	b0 e0       	ldi	r27, 0x00	; 0
     6b0:	86 7c       	andi	r24, 0xC6	; 198
     6b2:	9a 78       	andi	r25, 0x8A	; 138
     6b4:	a9 7a       	andi	r26, 0xA9	; 169
     6b6:	bb 27       	eor	r27, r27
     6b8:	2a e0       	ldi	r18, 0x0A	; 10
     6ba:	30 e0       	ldi	r19, 0x00	; 0
     6bc:	40 e0       	ldi	r20, 0x00	; 0
     6be:	50 e0       	ldi	r21, 0x00	; 0
     6c0:	bc 01       	movw	r22, r24
     6c2:	cd 01       	movw	r24, r26
     6c4:	0e 94 29 1f 	call	0x3e52	; 0x3e52 <__divmodsi4>
     6c8:	da 01       	movw	r26, r20
     6ca:	c9 01       	movw	r24, r18
     6cc:	90 93 af 03 	sts	0x03AF, r25	; 0x8003af <fuse_readout+0x1>
     6d0:	80 93 ae 03 	sts	0x03AE, r24	; 0x8003ae <fuse_readout>
     6d4:	80 91 47 04 	lds	r24, 0x0447	; 0x800447 <mob_databytes+0x37>
	FRO_value = (mob_databytes[FUSEBOX_DATA][7] & 00000001); //Prüfung, ob Fuse gezogen oder nicht
     6d8:	81 70       	andi	r24, 0x01	; 1
     6da:	80 93 b0 03 	sts	0x03B0, r24	; 0x8003b0 <FRO_value>
     6de:	80 91 b0 03 	lds	r24, 0x03B0	; 0x8003b0 <FRO_value>
	
	if (FRO_value == 1)
     6e2:	81 30       	cpi	r24, 0x01	; 1
     6e4:	51 f4       	brne	.+20     	; 0x6fa <can_put_data+0x286>
     6e6:	80 91 ae 03 	lds	r24, 0x03AE	; 0x8003ae <fuse_readout>
	{
		fr_values[fuse_readout] = 1;
     6ea:	90 91 af 03 	lds	r25, 0x03AF	; 0x8003af <fuse_readout+0x1>
     6ee:	8f 54       	subi	r24, 0x4F	; 79
     6f0:	9c 4f       	sbci	r25, 0xFC	; 252
     6f2:	21 e0       	ldi	r18, 0x01	; 1
     6f4:	fc 01       	movw	r30, r24
     6f6:	20 83       	st	Z, r18
     6f8:	08 c0       	rjmp	.+16     	; 0x70a <can_put_data+0x296>
     6fa:	80 91 ae 03 	lds	r24, 0x03AE	; 0x8003ae <fuse_readout>
	}
	else
	{
		fr_values[fuse_readout] = NULL;
     6fe:	90 91 af 03 	lds	r25, 0x03AF	; 0x8003af <fuse_readout+0x1>
     702:	8f 54       	subi	r24, 0x4F	; 79
     704:	9c 4f       	sbci	r25, 0xFC	; 252
     706:	fc 01       	movw	r30, r24
     708:	10 82       	st	Z, r1
     70a:	80 91 46 04 	lds	r24, 0x0446	; 0x800446 <mob_databytes+0x36>
	}
	
	Akku_fan_status = (mob_databytes[FUSEBOX_DATA][6] & 00000001);
     70e:	81 70       	andi	r24, 0x01	; 1
     710:	80 93 bf 03 	sts	0x03BF, r24	; 0x8003bf <Akku_fan_status>
     714:	80 91 5b 04 	lds	r24, 0x045B	; 0x80045b <mob_databytes+0x4b>
	
	
	motor_temp_1 = (mob_databytes[INV00_DATA][3] | (mob_databytes[INV00_DATA][2] << 8));
     718:	28 2f       	mov	r18, r24
     71a:	30 e0       	ldi	r19, 0x00	; 0
     71c:	80 91 5a 04 	lds	r24, 0x045A	; 0x80045a <mob_databytes+0x4a>
     720:	88 2f       	mov	r24, r24
     722:	90 e0       	ldi	r25, 0x00	; 0
     724:	98 2f       	mov	r25, r24
     726:	88 27       	eor	r24, r24
     728:	82 2b       	or	r24, r18
     72a:	93 2b       	or	r25, r19
     72c:	90 93 cc 03 	sts	0x03CC, r25	; 0x8003cc <motor_temp_1+0x1>
     730:	80 93 cb 03 	sts	0x03CB, r24	; 0x8003cb <motor_temp_1>
     734:	80 91 63 04 	lds	r24, 0x0463	; 0x800463 <mob_databytes+0x53>
	motor_temp_0 = (mob_databytes[INV01_DATA][3] | (mob_databytes[INV01_DATA][2] << 8));
     738:	28 2f       	mov	r18, r24
     73a:	30 e0       	ldi	r19, 0x00	; 0
     73c:	80 91 62 04 	lds	r24, 0x0462	; 0x800462 <mob_databytes+0x52>
     740:	88 2f       	mov	r24, r24
     742:	90 e0       	ldi	r25, 0x00	; 0
     744:	98 2f       	mov	r25, r24
     746:	88 27       	eor	r24, r24
     748:	82 2b       	or	r24, r18
     74a:	93 2b       	or	r25, r19
     74c:	90 93 01 01 	sts	0x0101, r25	; 0x800101 <__DATA_REGION_ORIGIN__+0x1>
     750:	80 93 00 01 	sts	0x0100, r24	; 0x800100 <__DATA_REGION_ORIGIN__>
     754:	20 91 cb 03 	lds	r18, 0x03CB	; 0x8003cb <motor_temp_1>
	
	if (motor_temp_1>motor_temp_0)
     758:	30 91 cc 03 	lds	r19, 0x03CC	; 0x8003cc <motor_temp_1+0x1>
     75c:	80 91 00 01 	lds	r24, 0x0100	; 0x800100 <__DATA_REGION_ORIGIN__>
     760:	90 91 01 01 	lds	r25, 0x0101	; 0x800101 <__DATA_REGION_ORIGIN__+0x1>
     764:	82 17       	cp	r24, r18
     766:	93 07       	cpc	r25, r19
     768:	48 f4       	brcc	.+18     	; 0x77c <can_put_data+0x308>
     76a:	80 91 cb 03 	lds	r24, 0x03CB	; 0x8003cb <motor_temp_1>
	{
		motor_temp = motor_temp_1;
     76e:	90 91 cc 03 	lds	r25, 0x03CC	; 0x8003cc <motor_temp_1+0x1>
     772:	90 93 a4 03 	sts	0x03A4, r25	; 0x8003a4 <motor_temp+0x1>
     776:	80 93 a3 03 	sts	0x03A3, r24	; 0x8003a3 <motor_temp>
     77a:	08 c0       	rjmp	.+16     	; 0x78c <can_put_data+0x318>
     77c:	80 91 00 01 	lds	r24, 0x0100	; 0x800100 <__DATA_REGION_ORIGIN__>
	} 
	else
	{
		motor_temp = motor_temp_0;
     780:	90 91 01 01 	lds	r25, 0x0101	; 0x800101 <__DATA_REGION_ORIGIN__+0x1>
     784:	90 93 a4 03 	sts	0x03A4, r25	; 0x8003a4 <motor_temp+0x1>
     788:	80 93 a3 03 	sts	0x03A3, r24	; 0x8003a3 <motor_temp>
     78c:	80 91 59 04 	lds	r24, 0x0459	; 0x800459 <mob_databytes+0x49>
	}
	
	mcu_temp_0 = (mob_databytes[INV00_DATA][1] | (mob_databytes[INV00_DATA][0] << 8));		//INV Temp
     790:	28 2f       	mov	r18, r24
     792:	30 e0       	ldi	r19, 0x00	; 0
     794:	80 91 58 04 	lds	r24, 0x0458	; 0x800458 <mob_databytes+0x48>
     798:	88 2f       	mov	r24, r24
     79a:	90 e0       	ldi	r25, 0x00	; 0
     79c:	98 2f       	mov	r25, r24
     79e:	88 27       	eor	r24, r24
     7a0:	82 2b       	or	r24, r18
     7a2:	93 2b       	or	r25, r19
     7a4:	90 93 c7 03 	sts	0x03C7, r25	; 0x8003c7 <mcu_temp_0+0x1>
     7a8:	80 93 c6 03 	sts	0x03C6, r24	; 0x8003c6 <mcu_temp_0>
     7ac:	80 91 61 04 	lds	r24, 0x0461	; 0x800461 <mob_databytes+0x51>
	mcu_temp_1 = (mob_databytes[INV01_DATA][1] | (mob_databytes[INV01_DATA][0] << 8));		//INV Temp
     7b0:	28 2f       	mov	r18, r24
     7b2:	30 e0       	ldi	r19, 0x00	; 0
     7b4:	80 91 60 04 	lds	r24, 0x0460	; 0x800460 <mob_databytes+0x50>
     7b8:	88 2f       	mov	r24, r24
     7ba:	90 e0       	ldi	r25, 0x00	; 0
     7bc:	98 2f       	mov	r25, r24
     7be:	88 27       	eor	r24, r24
     7c0:	82 2b       	or	r24, r18
     7c2:	93 2b       	or	r25, r19
     7c4:	90 93 ca 03 	sts	0x03CA, r25	; 0x8003ca <mcu_temp_1+0x1>
     7c8:	80 93 c9 03 	sts	0x03C9, r24	; 0x8003c9 <mcu_temp_1>
     7cc:	20 91 c9 03 	lds	r18, 0x03C9	; 0x8003c9 <mcu_temp_1>
	
	if (mcu_temp_1>mcu_temp_0)
     7d0:	30 91 ca 03 	lds	r19, 0x03CA	; 0x8003ca <mcu_temp_1+0x1>
     7d4:	80 91 c6 03 	lds	r24, 0x03C6	; 0x8003c6 <mcu_temp_0>
     7d8:	90 91 c7 03 	lds	r25, 0x03C7	; 0x8003c7 <mcu_temp_0+0x1>
     7dc:	82 17       	cp	r24, r18
     7de:	93 07       	cpc	r25, r19
     7e0:	48 f4       	brcc	.+18     	; 0x7f4 <can_put_data+0x380>
     7e2:	80 91 c9 03 	lds	r24, 0x03C9	; 0x8003c9 <mcu_temp_1>
	{
		mcu_temp = mcu_temp_1;
     7e6:	90 91 ca 03 	lds	r25, 0x03CA	; 0x8003ca <mcu_temp_1+0x1>
     7ea:	90 93 a6 03 	sts	0x03A6, r25	; 0x8003a6 <mcu_temp+0x1>
     7ee:	80 93 a5 03 	sts	0x03A5, r24	; 0x8003a5 <mcu_temp>
     7f2:	08 c0       	rjmp	.+16     	; 0x804 <can_put_data+0x390>
     7f4:	80 91 c6 03 	lds	r24, 0x03C6	; 0x8003c6 <mcu_temp_0>
	}
	else
	{
		mcu_temp = mcu_temp_0;
     7f8:	90 91 c7 03 	lds	r25, 0x03C7	; 0x8003c7 <mcu_temp_0+0x1>
     7fc:	90 93 a6 03 	sts	0x03A6, r25	; 0x8003a6 <mcu_temp+0x1>
     800:	80 93 a5 03 	sts	0x03A5, r24	; 0x8003a5 <mcu_temp>
     804:	80 91 a8 03 	lds	r24, 0x03A8	; 0x8003a8 <TS_ON>
	}
	mob_databytes[DIC_DATA][0] = TS_ON; // TS_ON;
     808:	80 93 38 04 	sts	0x0438, r24	; 0x800438 <mob_databytes+0x28>
     80c:	80 91 a7 03 	lds	r24, 0x03A7	; 0x8003a7 <Ready_2_Drive>
	mob_databytes[DIC_DATA][1] =  Ready_2_Drive;
     810:	80 93 39 04 	sts	0x0439, r24	; 0x800439 <mob_databytes+0x29>
     814:	80 91 aa 03 	lds	r24, 0x03AA	; 0x8003aa <SDCIDIC>
	mob_databytes[DIC_DATA][2] = SDCIDIC;
     818:	80 93 3a 04 	sts	0x043A, r24	; 0x80043a <mob_databytes+0x2a>
     81c:	10 92 3d 04 	sts	0x043D, r1	; 0x80043d <mob_databytes+0x2d>
	mob_databytes[DIC_DATA][5] = 0;
     820:	80 91 0e 01 	lds	r24, 0x010E	; 0x80010e <active_mode>
	mob_databytes[DIC_DATA][7] = active_mode;
     824:	80 93 3f 04 	sts	0x043F, r24	; 0x80043f <mob_databytes+0x2f>
     828:	00 00       	nop
	
	
	
		
}
     82a:	df 91       	pop	r29
     82c:	cf 91       	pop	r28
     82e:	08 95       	ret

00000830 <can_check_free>:

#include "canlib.h"



uint8_t can_check_free(uint8_t mobnum){
     830:	cf 93       	push	r28
     832:	df 93       	push	r29
     834:	00 d0       	rcall	.+0      	; 0x836 <can_check_free+0x6>
     836:	cd b7       	in	r28, 0x3d	; 61
     838:	de b7       	in	r29, 0x3e	; 62
     83a:	8a 83       	std	Y+2, r24	; 0x02
	
	uint8_t mob_status = 0;
     83c:	19 82       	std	Y+1, r1	; 0x01
	
	if(mobnum >= 8){
     83e:	8a 81       	ldd	r24, Y+2	; 0x02
     840:	88 30       	cpi	r24, 0x08	; 8
     842:	c0 f0       	brcs	.+48     	; 0x874 <can_check_free+0x44>
		
		mob_status = !((CANEN1 >> (mobnum-8)) &1);
     844:	8d ed       	ldi	r24, 0xDD	; 221
     846:	90 e0       	ldi	r25, 0x00	; 0
     848:	fc 01       	movw	r30, r24
     84a:	80 81       	ld	r24, Z
     84c:	88 2f       	mov	r24, r24
     84e:	90 e0       	ldi	r25, 0x00	; 0
     850:	2a 81       	ldd	r18, Y+2	; 0x02
     852:	22 2f       	mov	r18, r18
     854:	30 e0       	ldi	r19, 0x00	; 0
     856:	28 50       	subi	r18, 0x08	; 8
     858:	31 09       	sbc	r19, r1
     85a:	02 c0       	rjmp	.+4      	; 0x860 <can_check_free+0x30>
     85c:	95 95       	asr	r25
     85e:	87 95       	ror	r24
     860:	2a 95       	dec	r18
     862:	e2 f7       	brpl	.-8      	; 0x85c <can_check_free+0x2c>
     864:	81 70       	andi	r24, 0x01	; 1
     866:	99 27       	eor	r25, r25
     868:	21 e0       	ldi	r18, 0x01	; 1
     86a:	89 2b       	or	r24, r25
     86c:	09 f0       	breq	.+2      	; 0x870 <can_check_free+0x40>
     86e:	20 e0       	ldi	r18, 0x00	; 0
     870:	29 83       	std	Y+1, r18	; 0x01
     872:	15 c0       	rjmp	.+42     	; 0x89e <can_check_free+0x6e>


		} else {
		
		mob_status = !((CANEN2 >> mobnum) &1);
     874:	8c ed       	ldi	r24, 0xDC	; 220
     876:	90 e0       	ldi	r25, 0x00	; 0
     878:	fc 01       	movw	r30, r24
     87a:	80 81       	ld	r24, Z
     87c:	88 2f       	mov	r24, r24
     87e:	90 e0       	ldi	r25, 0x00	; 0
     880:	2a 81       	ldd	r18, Y+2	; 0x02
     882:	22 2f       	mov	r18, r18
     884:	30 e0       	ldi	r19, 0x00	; 0
     886:	02 c0       	rjmp	.+4      	; 0x88c <can_check_free+0x5c>
     888:	95 95       	asr	r25
     88a:	87 95       	ror	r24
     88c:	2a 95       	dec	r18
     88e:	e2 f7       	brpl	.-8      	; 0x888 <can_check_free+0x58>
     890:	81 70       	andi	r24, 0x01	; 1
     892:	99 27       	eor	r25, r25
     894:	21 e0       	ldi	r18, 0x01	; 1
     896:	89 2b       	or	r24, r25
     898:	09 f0       	breq	.+2      	; 0x89c <can_check_free+0x6c>
     89a:	20 e0       	ldi	r18, 0x00	; 0
     89c:	29 83       	std	Y+1, r18	; 0x01
	}

	return mob_status;
     89e:	89 81       	ldd	r24, Y+1	; 0x01
	
}
     8a0:	0f 90       	pop	r0
     8a2:	0f 90       	pop	r0
     8a4:	df 91       	pop	r29
     8a6:	cf 91       	pop	r28
     8a8:	08 95       	ret

000008aa <can_cfg>:
void can_cfg(){
     8aa:	cf 93       	push	r28
     8ac:	df 93       	push	r29
     8ae:	00 d0       	rcall	.+0      	; 0x8b0 <can_cfg+0x6>
     8b0:	cd b7       	in	r28, 0x3d	; 61
     8b2:	de b7       	in	r29, 0x3e	; 62
	
	CANGCON = 0; // Disable CAN
     8b4:	88 ed       	ldi	r24, 0xD8	; 216
     8b6:	90 e0       	ldi	r25, 0x00	; 0
     8b8:	fc 01       	movw	r30, r24
     8ba:	10 82       	st	Z, r1
	
	for (uint8_t mob = 0; mob < 15 ; mob++){//reset all mobs
     8bc:	19 82       	std	Y+1, r1	; 0x01
     8be:	56 c0       	rjmp	.+172    	; 0x96c <can_cfg+0xc2>
		CANPAGE = mob<<MOBNB0 | (1<<AINC);
     8c0:	8d ee       	ldi	r24, 0xED	; 237
     8c2:	90 e0       	ldi	r25, 0x00	; 0
     8c4:	29 81       	ldd	r18, Y+1	; 0x01
     8c6:	22 2f       	mov	r18, r18
     8c8:	30 e0       	ldi	r19, 0x00	; 0
     8ca:	22 95       	swap	r18
     8cc:	32 95       	swap	r19
     8ce:	30 7f       	andi	r19, 0xF0	; 240
     8d0:	32 27       	eor	r19, r18
     8d2:	20 7f       	andi	r18, 0xF0	; 240
     8d4:	32 27       	eor	r19, r18
     8d6:	28 60       	ori	r18, 0x08	; 8
     8d8:	fc 01       	movw	r30, r24
     8da:	20 83       	st	Z, r18
		CANSTMOB = 0;
     8dc:	8e ee       	ldi	r24, 0xEE	; 238
     8de:	90 e0       	ldi	r25, 0x00	; 0
     8e0:	fc 01       	movw	r30, r24
     8e2:	10 82       	st	Z, r1
		CANCDMOB = 0;
     8e4:	8f ee       	ldi	r24, 0xEF	; 239
     8e6:	90 e0       	ldi	r25, 0x00	; 0
     8e8:	fc 01       	movw	r30, r24
     8ea:	10 82       	st	Z, r1
		CANIDT4 = 0;
     8ec:	80 ef       	ldi	r24, 0xF0	; 240
     8ee:	90 e0       	ldi	r25, 0x00	; 0
     8f0:	fc 01       	movw	r30, r24
     8f2:	10 82       	st	Z, r1
		CANIDT3 = 0;
     8f4:	81 ef       	ldi	r24, 0xF1	; 241
     8f6:	90 e0       	ldi	r25, 0x00	; 0
     8f8:	fc 01       	movw	r30, r24
     8fa:	10 82       	st	Z, r1
		CANIDT2 = 0;
     8fc:	82 ef       	ldi	r24, 0xF2	; 242
     8fe:	90 e0       	ldi	r25, 0x00	; 0
     900:	fc 01       	movw	r30, r24
     902:	10 82       	st	Z, r1
		CANIDT1 = 0;
     904:	83 ef       	ldi	r24, 0xF3	; 243
     906:	90 e0       	ldi	r25, 0x00	; 0
     908:	fc 01       	movw	r30, r24
     90a:	10 82       	st	Z, r1
		CANIDM4 = 0;
     90c:	84 ef       	ldi	r24, 0xF4	; 244
     90e:	90 e0       	ldi	r25, 0x00	; 0
     910:	fc 01       	movw	r30, r24
     912:	10 82       	st	Z, r1
		CANIDM3 = 0;
     914:	85 ef       	ldi	r24, 0xF5	; 245
     916:	90 e0       	ldi	r25, 0x00	; 0
     918:	fc 01       	movw	r30, r24
     91a:	10 82       	st	Z, r1
		CANIDM2 = 0;
     91c:	86 ef       	ldi	r24, 0xF6	; 246
     91e:	90 e0       	ldi	r25, 0x00	; 0
     920:	fc 01       	movw	r30, r24
     922:	10 82       	st	Z, r1
		CANIDM1 = 0;
     924:	87 ef       	ldi	r24, 0xF7	; 247
     926:	90 e0       	ldi	r25, 0x00	; 0
     928:	fc 01       	movw	r30, r24
     92a:	10 82       	st	Z, r1
		for (uint8_t byte = 0; byte < 8; byte++){
     92c:	1a 82       	std	Y+2, r1	; 0x02
     92e:	18 c0       	rjmp	.+48     	; 0x960 <can_cfg+0xb6>
			CANPAGE = mob<<MOBNB0 | 1<<AINC | byte;
     930:	8d ee       	ldi	r24, 0xED	; 237
     932:	90 e0       	ldi	r25, 0x00	; 0
     934:	29 81       	ldd	r18, Y+1	; 0x01
     936:	22 2f       	mov	r18, r18
     938:	30 e0       	ldi	r19, 0x00	; 0
     93a:	22 95       	swap	r18
     93c:	32 95       	swap	r19
     93e:	30 7f       	andi	r19, 0xF0	; 240
     940:	32 27       	eor	r19, r18
     942:	20 7f       	andi	r18, 0xF0	; 240
     944:	32 27       	eor	r19, r18
     946:	32 2f       	mov	r19, r18
     948:	2a 81       	ldd	r18, Y+2	; 0x02
     94a:	23 2b       	or	r18, r19
     94c:	28 60       	ori	r18, 0x08	; 8
     94e:	fc 01       	movw	r30, r24
     950:	20 83       	st	Z, r18
			CANMSG = 0;
     952:	8a ef       	ldi	r24, 0xFA	; 250
     954:	90 e0       	ldi	r25, 0x00	; 0
     956:	fc 01       	movw	r30, r24
     958:	10 82       	st	Z, r1
		CANIDT1 = 0;
		CANIDM4 = 0;
		CANIDM3 = 0;
		CANIDM2 = 0;
		CANIDM1 = 0;
		for (uint8_t byte = 0; byte < 8; byte++){
     95a:	8a 81       	ldd	r24, Y+2	; 0x02
     95c:	8f 5f       	subi	r24, 0xFF	; 255
     95e:	8a 83       	std	Y+2, r24	; 0x02
     960:	8a 81       	ldd	r24, Y+2	; 0x02
     962:	88 30       	cpi	r24, 0x08	; 8
     964:	28 f3       	brcs	.-54     	; 0x930 <can_cfg+0x86>
}
void can_cfg(){
	
	CANGCON = 0; // Disable CAN
	
	for (uint8_t mob = 0; mob < 15 ; mob++){//reset all mobs
     966:	89 81       	ldd	r24, Y+1	; 0x01
     968:	8f 5f       	subi	r24, 0xFF	; 255
     96a:	89 83       	std	Y+1, r24	; 0x01
     96c:	89 81       	ldd	r24, Y+1	; 0x01
     96e:	8f 30       	cpi	r24, 0x0F	; 15
     970:	08 f4       	brcc	.+2      	; 0x974 <can_cfg+0xca>
     972:	a6 cf       	rjmp	.-180    	; 0x8c0 <can_cfg+0x16>
			CANPAGE = mob<<MOBNB0 | 1<<AINC | byte;
			CANMSG = 0;
		}
	}

	CANBT1 = 0x02;// Set Baudrate
     974:	82 ee       	ldi	r24, 0xE2	; 226
     976:	90 e0       	ldi	r25, 0x00	; 0
     978:	22 e0       	ldi	r18, 0x02	; 2
     97a:	fc 01       	movw	r30, r24
     97c:	20 83       	st	Z, r18
	CANBT2 = 0x0C;// 500kBaud according
     97e:	83 ee       	ldi	r24, 0xE3	; 227
     980:	90 e0       	ldi	r25, 0x00	; 0
     982:	2c e0       	ldi	r18, 0x0C	; 12
     984:	fc 01       	movw	r30, r24
     986:	20 83       	st	Z, r18
	CANBT3 = 0x37;// to Datasheet S. 267
     988:	84 ee       	ldi	r24, 0xE4	; 228
     98a:	90 e0       	ldi	r25, 0x00	; 0
     98c:	27 e3       	ldi	r18, 0x37	; 55
     98e:	fc 01       	movw	r30, r24
     990:	20 83       	st	Z, r18

	CANGIE = 0;
     992:	8b ed       	ldi	r24, 0xDB	; 219
     994:	90 e0       	ldi	r25, 0x00	; 0
     996:	fc 01       	movw	r30, r24
     998:	10 82       	st	Z, r1

	CANGCON |= (1<<ENASTB); // Enable CAN
     99a:	88 ed       	ldi	r24, 0xD8	; 216
     99c:	90 e0       	ldi	r25, 0x00	; 0
     99e:	28 ed       	ldi	r18, 0xD8	; 216
     9a0:	30 e0       	ldi	r19, 0x00	; 0
     9a2:	f9 01       	movw	r30, r18
     9a4:	20 81       	ld	r18, Z
     9a6:	22 60       	ori	r18, 0x02	; 2
     9a8:	fc 01       	movw	r30, r24
     9aa:	20 83       	st	Z, r18
	
	
	
}
     9ac:	00 00       	nop
     9ae:	0f 90       	pop	r0
     9b0:	0f 90       	pop	r0
     9b2:	df 91       	pop	r29
     9b4:	cf 91       	pop	r28
     9b6:	08 95       	ret

000009b8 <can_rx>:
void can_rx(struct CAN_MOB *to_receive, uint8_t *data){
     9b8:	cf 93       	push	r28
     9ba:	df 93       	push	r29
     9bc:	00 d0       	rcall	.+0      	; 0x9be <can_rx+0x6>
     9be:	00 d0       	rcall	.+0      	; 0x9c0 <can_rx+0x8>
     9c0:	1f 92       	push	r1
     9c2:	cd b7       	in	r28, 0x3d	; 61
     9c4:	de b7       	in	r29, 0x3e	; 62
     9c6:	9b 83       	std	Y+3, r25	; 0x03
     9c8:	8a 83       	std	Y+2, r24	; 0x02
     9ca:	7d 83       	std	Y+5, r23	; 0x05
     9cc:	6c 83       	std	Y+4, r22	; 0x04
	
	CANPAGE = to_receive->mob_number << MOBNB0;
     9ce:	8d ee       	ldi	r24, 0xED	; 237
     9d0:	90 e0       	ldi	r25, 0x00	; 0
     9d2:	2a 81       	ldd	r18, Y+2	; 0x02
     9d4:	3b 81       	ldd	r19, Y+3	; 0x03
     9d6:	f9 01       	movw	r30, r18
     9d8:	24 81       	ldd	r18, Z+4	; 0x04
     9da:	35 81       	ldd	r19, Z+5	; 0x05
     9dc:	22 95       	swap	r18
     9de:	20 7f       	andi	r18, 0xF0	; 240
     9e0:	fc 01       	movw	r30, r24
     9e2:	20 83       	st	Z, r18
	if (can_check_free(to_receive->mob_number)){
     9e4:	8a 81       	ldd	r24, Y+2	; 0x02
     9e6:	9b 81       	ldd	r25, Y+3	; 0x03
     9e8:	fc 01       	movw	r30, r24
     9ea:	84 81       	ldd	r24, Z+4	; 0x04
     9ec:	95 81       	ldd	r25, Z+5	; 0x05
     9ee:	20 df       	rcall	.-448    	; 0x830 <can_check_free>
     9f0:	88 23       	and	r24, r24
     9f2:	09 f4       	brne	.+2      	; 0x9f6 <can_rx+0x3e>
     9f4:	50 c0       	rjmp	.+160    	; 0xa96 <can_rx+0xde>
		/* load the id 11 bit */
		CANIDT1 = to_receive->mob_id >>3;
     9f6:	83 ef       	ldi	r24, 0xF3	; 243
     9f8:	90 e0       	ldi	r25, 0x00	; 0
     9fa:	2a 81       	ldd	r18, Y+2	; 0x02
     9fc:	3b 81       	ldd	r19, Y+3	; 0x03
     9fe:	f9 01       	movw	r30, r18
     a00:	20 81       	ld	r18, Z
     a02:	31 81       	ldd	r19, Z+1	; 0x01
     a04:	36 95       	lsr	r19
     a06:	27 95       	ror	r18
     a08:	36 95       	lsr	r19
     a0a:	27 95       	ror	r18
     a0c:	36 95       	lsr	r19
     a0e:	27 95       	ror	r18
     a10:	fc 01       	movw	r30, r24
     a12:	20 83       	st	Z, r18
		CANIDT2 = (to_receive->mob_id << 5)&0b11100000;
     a14:	82 ef       	ldi	r24, 0xF2	; 242
     a16:	90 e0       	ldi	r25, 0x00	; 0
     a18:	2a 81       	ldd	r18, Y+2	; 0x02
     a1a:	3b 81       	ldd	r19, Y+3	; 0x03
     a1c:	f9 01       	movw	r30, r18
     a1e:	20 81       	ld	r18, Z
     a20:	31 81       	ldd	r19, Z+1	; 0x01
     a22:	22 95       	swap	r18
     a24:	22 0f       	add	r18, r18
     a26:	20 7e       	andi	r18, 0xE0	; 224
     a28:	fc 01       	movw	r30, r24
     a2a:	20 83       	st	Z, r18
		CANIDT3 = 0;
     a2c:	81 ef       	ldi	r24, 0xF1	; 241
     a2e:	90 e0       	ldi	r25, 0x00	; 0
     a30:	fc 01       	movw	r30, r24
     a32:	10 82       	st	Z, r1
		CANIDT4 = 1<<RTRTAG;
     a34:	80 ef       	ldi	r24, 0xF0	; 240
     a36:	90 e0       	ldi	r25, 0x00	; 0
     a38:	24 e0       	ldi	r18, 0x04	; 4
     a3a:	fc 01       	movw	r30, r24
     a3c:	20 83       	st	Z, r18
		CANIDM1 = to_receive->mob_idmask >>3;
     a3e:	87 ef       	ldi	r24, 0xF7	; 247
     a40:	90 e0       	ldi	r25, 0x00	; 0
     a42:	2a 81       	ldd	r18, Y+2	; 0x02
     a44:	3b 81       	ldd	r19, Y+3	; 0x03
     a46:	f9 01       	movw	r30, r18
     a48:	22 81       	ldd	r18, Z+2	; 0x02
     a4a:	33 81       	ldd	r19, Z+3	; 0x03
     a4c:	36 95       	lsr	r19
     a4e:	27 95       	ror	r18
     a50:	36 95       	lsr	r19
     a52:	27 95       	ror	r18
     a54:	36 95       	lsr	r19
     a56:	27 95       	ror	r18
     a58:	fc 01       	movw	r30, r24
     a5a:	20 83       	st	Z, r18
		CANIDM2 = (to_receive->mob_idmask <<5)&0b11100000;
     a5c:	86 ef       	ldi	r24, 0xF6	; 246
     a5e:	90 e0       	ldi	r25, 0x00	; 0
     a60:	2a 81       	ldd	r18, Y+2	; 0x02
     a62:	3b 81       	ldd	r19, Y+3	; 0x03
     a64:	f9 01       	movw	r30, r18
     a66:	22 81       	ldd	r18, Z+2	; 0x02
     a68:	33 81       	ldd	r19, Z+3	; 0x03
     a6a:	22 95       	swap	r18
     a6c:	22 0f       	add	r18, r18
     a6e:	20 7e       	andi	r18, 0xE0	; 224
     a70:	fc 01       	movw	r30, r24
     a72:	20 83       	st	Z, r18
		CANIDM3 = 0;
     a74:	85 ef       	ldi	r24, 0xF5	; 245
     a76:	90 e0       	ldi	r25, 0x00	; 0
     a78:	fc 01       	movw	r30, r24
     a7a:	10 82       	st	Z, r1
		CANIDM4 = 0;
     a7c:	84 ef       	ldi	r24, 0xF4	; 244
     a7e:	90 e0       	ldi	r25, 0x00	; 0
     a80:	fc 01       	movw	r30, r24
     a82:	10 82       	st	Z, r1
		CANCDMOB = (1 << CONMOB1) | (1 << CONMOB0)| (1<<DLC3);
     a84:	8f ee       	ldi	r24, 0xEF	; 239
     a86:	90 e0       	ldi	r25, 0x00	; 0
     a88:	28 ec       	ldi	r18, 0xC8	; 200
     a8a:	fc 01       	movw	r30, r24
     a8c:	20 83       	st	Z, r18
		CANSTMOB = 0;
     a8e:	8e ee       	ldi	r24, 0xEE	; 238
     a90:	90 e0       	ldi	r25, 0x00	; 0
     a92:	fc 01       	movw	r30, r24
     a94:	10 82       	st	Z, r1
	}
	
	for(uint8_t byte = 0; byte <8; byte++){
     a96:	19 82       	std	Y+1, r1	; 0x01
     a98:	1f c0       	rjmp	.+62     	; 0xad8 <can_rx+0x120>
		CANPAGE = (to_receive->mob_number << MOBNB0) | (1 << AINC) | byte;
     a9a:	8d ee       	ldi	r24, 0xED	; 237
     a9c:	90 e0       	ldi	r25, 0x00	; 0
     a9e:	2a 81       	ldd	r18, Y+2	; 0x02
     aa0:	3b 81       	ldd	r19, Y+3	; 0x03
     aa2:	f9 01       	movw	r30, r18
     aa4:	24 81       	ldd	r18, Z+4	; 0x04
     aa6:	35 81       	ldd	r19, Z+5	; 0x05
     aa8:	32 2f       	mov	r19, r18
     aaa:	32 95       	swap	r19
     aac:	30 7f       	andi	r19, 0xF0	; 240
     aae:	29 81       	ldd	r18, Y+1	; 0x01
     ab0:	23 2b       	or	r18, r19
     ab2:	28 60       	ori	r18, 0x08	; 8
     ab4:	fc 01       	movw	r30, r24
     ab6:	20 83       	st	Z, r18
		data[byte] = CANMSG;
     ab8:	89 81       	ldd	r24, Y+1	; 0x01
     aba:	88 2f       	mov	r24, r24
     abc:	90 e0       	ldi	r25, 0x00	; 0
     abe:	2c 81       	ldd	r18, Y+4	; 0x04
     ac0:	3d 81       	ldd	r19, Y+5	; 0x05
     ac2:	82 0f       	add	r24, r18
     ac4:	93 1f       	adc	r25, r19
     ac6:	2a ef       	ldi	r18, 0xFA	; 250
     ac8:	30 e0       	ldi	r19, 0x00	; 0
     aca:	f9 01       	movw	r30, r18
     acc:	20 81       	ld	r18, Z
     ace:	fc 01       	movw	r30, r24
     ad0:	20 83       	st	Z, r18
		CANIDM4 = 0;
		CANCDMOB = (1 << CONMOB1) | (1 << CONMOB0)| (1<<DLC3);
		CANSTMOB = 0;
	}
	
	for(uint8_t byte = 0; byte <8; byte++){
     ad2:	89 81       	ldd	r24, Y+1	; 0x01
     ad4:	8f 5f       	subi	r24, 0xFF	; 255
     ad6:	89 83       	std	Y+1, r24	; 0x01
     ad8:	89 81       	ldd	r24, Y+1	; 0x01
     ada:	88 30       	cpi	r24, 0x08	; 8
     adc:	f0 f2       	brcs	.-68     	; 0xa9a <can_rx+0xe2>
		CANPAGE = (to_receive->mob_number << MOBNB0) | (1 << AINC) | byte;
		data[byte] = CANMSG;
	}
	
	
}
     ade:	00 00       	nop
     ae0:	0f 90       	pop	r0
     ae2:	0f 90       	pop	r0
     ae4:	0f 90       	pop	r0
     ae6:	0f 90       	pop	r0
     ae8:	0f 90       	pop	r0
     aea:	df 91       	pop	r29
     aec:	cf 91       	pop	r28
     aee:	08 95       	ret

00000af0 <can_tx>:
void can_tx(struct CAN_MOB *to_send, uint8_t *data){
     af0:	cf 93       	push	r28
     af2:	df 93       	push	r29
     af4:	00 d0       	rcall	.+0      	; 0xaf6 <can_tx+0x6>
     af6:	00 d0       	rcall	.+0      	; 0xaf8 <can_tx+0x8>
     af8:	1f 92       	push	r1
     afa:	cd b7       	in	r28, 0x3d	; 61
     afc:	de b7       	in	r29, 0x3e	; 62
     afe:	9b 83       	std	Y+3, r25	; 0x03
     b00:	8a 83       	std	Y+2, r24	; 0x02
     b02:	7d 83       	std	Y+5, r23	; 0x05
     b04:	6c 83       	std	Y+4, r22	; 0x04
	
	for(uint8_t byte = 0; byte <8; byte++){
     b06:	19 82       	std	Y+1, r1	; 0x01
     b08:	1f c0       	rjmp	.+62     	; 0xb48 <can_tx+0x58>
		CANPAGE = (to_send->mob_number << MOBNB0) | (1 << AINC) | byte;
     b0a:	8d ee       	ldi	r24, 0xED	; 237
     b0c:	90 e0       	ldi	r25, 0x00	; 0
     b0e:	2a 81       	ldd	r18, Y+2	; 0x02
     b10:	3b 81       	ldd	r19, Y+3	; 0x03
     b12:	f9 01       	movw	r30, r18
     b14:	24 81       	ldd	r18, Z+4	; 0x04
     b16:	35 81       	ldd	r19, Z+5	; 0x05
     b18:	32 2f       	mov	r19, r18
     b1a:	32 95       	swap	r19
     b1c:	30 7f       	andi	r19, 0xF0	; 240
     b1e:	29 81       	ldd	r18, Y+1	; 0x01
     b20:	23 2b       	or	r18, r19
     b22:	28 60       	ori	r18, 0x08	; 8
     b24:	fc 01       	movw	r30, r24
     b26:	20 83       	st	Z, r18
		CANMSG = data[byte];
     b28:	8a ef       	ldi	r24, 0xFA	; 250
     b2a:	90 e0       	ldi	r25, 0x00	; 0
     b2c:	29 81       	ldd	r18, Y+1	; 0x01
     b2e:	22 2f       	mov	r18, r18
     b30:	30 e0       	ldi	r19, 0x00	; 0
     b32:	4c 81       	ldd	r20, Y+4	; 0x04
     b34:	5d 81       	ldd	r21, Y+5	; 0x05
     b36:	24 0f       	add	r18, r20
     b38:	35 1f       	adc	r19, r21
     b3a:	f9 01       	movw	r30, r18
     b3c:	20 81       	ld	r18, Z
     b3e:	fc 01       	movw	r30, r24
     b40:	20 83       	st	Z, r18
	
	
}
void can_tx(struct CAN_MOB *to_send, uint8_t *data){
	
	for(uint8_t byte = 0; byte <8; byte++){
     b42:	89 81       	ldd	r24, Y+1	; 0x01
     b44:	8f 5f       	subi	r24, 0xFF	; 255
     b46:	89 83       	std	Y+1, r24	; 0x01
     b48:	89 81       	ldd	r24, Y+1	; 0x01
     b4a:	88 30       	cpi	r24, 0x08	; 8
     b4c:	f0 f2       	brcs	.-68     	; 0xb0a <can_tx+0x1a>
		CANPAGE = (to_send->mob_number << MOBNB0) | (1 << AINC) | byte;
		CANMSG = data[byte];
	}
	
	CANPAGE = to_send->mob_number << MOBNB0;
     b4e:	8d ee       	ldi	r24, 0xED	; 237
     b50:	90 e0       	ldi	r25, 0x00	; 0
     b52:	2a 81       	ldd	r18, Y+2	; 0x02
     b54:	3b 81       	ldd	r19, Y+3	; 0x03
     b56:	f9 01       	movw	r30, r18
     b58:	24 81       	ldd	r18, Z+4	; 0x04
     b5a:	35 81       	ldd	r19, Z+5	; 0x05
     b5c:	22 95       	swap	r18
     b5e:	20 7f       	andi	r18, 0xF0	; 240
     b60:	fc 01       	movw	r30, r24
     b62:	20 83       	st	Z, r18
	if (can_check_free(to_send->mob_number)){
     b64:	8a 81       	ldd	r24, Y+2	; 0x02
     b66:	9b 81       	ldd	r25, Y+3	; 0x03
     b68:	fc 01       	movw	r30, r24
     b6a:	84 81       	ldd	r24, Z+4	; 0x04
     b6c:	95 81       	ldd	r25, Z+5	; 0x05
     b6e:	60 de       	rcall	.-832    	; 0x830 <can_check_free>
     b70:	88 23       	and	r24, r24
     b72:	09 f4       	brne	.+2      	; 0xb76 <can_tx+0x86>
     b74:	44 c0       	rjmp	.+136    	; 0xbfe <can_tx+0x10e>
		CANSTMOB = 0;
     b76:	8e ee       	ldi	r24, 0xEE	; 238
     b78:	90 e0       	ldi	r25, 0x00	; 0
     b7a:	fc 01       	movw	r30, r24
     b7c:	10 82       	st	Z, r1
		CANIDT1 = to_send->mob_id>>3;
     b7e:	83 ef       	ldi	r24, 0xF3	; 243
     b80:	90 e0       	ldi	r25, 0x00	; 0
     b82:	2a 81       	ldd	r18, Y+2	; 0x02
     b84:	3b 81       	ldd	r19, Y+3	; 0x03
     b86:	f9 01       	movw	r30, r18
     b88:	20 81       	ld	r18, Z
     b8a:	31 81       	ldd	r19, Z+1	; 0x01
     b8c:	36 95       	lsr	r19
     b8e:	27 95       	ror	r18
     b90:	36 95       	lsr	r19
     b92:	27 95       	ror	r18
     b94:	36 95       	lsr	r19
     b96:	27 95       	ror	r18
     b98:	fc 01       	movw	r30, r24
     b9a:	20 83       	st	Z, r18
		CANIDT2 = (to_send->mob_id << 5) & 0b11100000;
     b9c:	82 ef       	ldi	r24, 0xF2	; 242
     b9e:	90 e0       	ldi	r25, 0x00	; 0
     ba0:	2a 81       	ldd	r18, Y+2	; 0x02
     ba2:	3b 81       	ldd	r19, Y+3	; 0x03
     ba4:	f9 01       	movw	r30, r18
     ba6:	20 81       	ld	r18, Z
     ba8:	31 81       	ldd	r19, Z+1	; 0x01
     baa:	22 95       	swap	r18
     bac:	22 0f       	add	r18, r18
     bae:	20 7e       	andi	r18, 0xE0	; 224
     bb0:	fc 01       	movw	r30, r24
     bb2:	20 83       	st	Z, r18
		CANIDT3 = 0;
     bb4:	81 ef       	ldi	r24, 0xF1	; 241
     bb6:	90 e0       	ldi	r25, 0x00	; 0
     bb8:	fc 01       	movw	r30, r24
     bba:	10 82       	st	Z, r1
		CANIDT4 = 0;
     bbc:	80 ef       	ldi	r24, 0xF0	; 240
     bbe:	90 e0       	ldi	r25, 0x00	; 0
     bc0:	fc 01       	movw	r30, r24
     bc2:	10 82       	st	Z, r1
		CANIDM1 = 0; //0b11111111;
     bc4:	87 ef       	ldi	r24, 0xF7	; 247
     bc6:	90 e0       	ldi	r25, 0x00	; 0
     bc8:	fc 01       	movw	r30, r24
     bca:	10 82       	st	Z, r1
		CANIDM2 = 0; //0b11100000;
     bcc:	86 ef       	ldi	r24, 0xF6	; 246
     bce:	90 e0       	ldi	r25, 0x00	; 0
     bd0:	fc 01       	movw	r30, r24
     bd2:	10 82       	st	Z, r1
		CANIDM3 = 0;
     bd4:	85 ef       	ldi	r24, 0xF5	; 245
     bd6:	90 e0       	ldi	r25, 0x00	; 0
     bd8:	fc 01       	movw	r30, r24
     bda:	10 82       	st	Z, r1
		CANIDM4 = 0;
     bdc:	84 ef       	ldi	r24, 0xF4	; 244
     bde:	90 e0       	ldi	r25, 0x00	; 0
     be0:	fc 01       	movw	r30, r24
     be2:	10 82       	st	Z, r1
		CANSTMOB = 0;
     be4:	8e ee       	ldi	r24, 0xEE	; 238
     be6:	90 e0       	ldi	r25, 0x00	; 0
     be8:	fc 01       	movw	r30, r24
     bea:	10 82       	st	Z, r1
		CANCDMOB = (1<<CONMOB0) | 1 << DLC3;
     bec:	8f ee       	ldi	r24, 0xEF	; 239
     bee:	90 e0       	ldi	r25, 0x00	; 0
     bf0:	28 e4       	ldi	r18, 0x48	; 72
     bf2:	fc 01       	movw	r30, r24
     bf4:	20 83       	st	Z, r18
		CANSTMOB = 0;
     bf6:	8e ee       	ldi	r24, 0xEE	; 238
     bf8:	90 e0       	ldi	r25, 0x00	; 0
     bfa:	fc 01       	movw	r30, r24
     bfc:	10 82       	st	Z, r1
	}
	
}
     bfe:	00 00       	nop
     c00:	0f 90       	pop	r0
     c02:	0f 90       	pop	r0
     c04:	0f 90       	pop	r0
     c06:	0f 90       	pop	r0
     c08:	0f 90       	pop	r0
     c0a:	df 91       	pop	r29
     c0c:	cf 91       	pop	r28
     c0e:	08 95       	ret

00000c10 <draw_char>:
	0x94, //row 2
	0xD4, //row 3
	0x80, //row 1
};

void draw_char(struct DISPLAY_PAGE *display,struct DISPLAY_STATE *display_state){
     c10:	cf 93       	push	r28
     c12:	df 93       	push	r29
     c14:	00 d0       	rcall	.+0      	; 0xc16 <draw_char+0x6>
     c16:	00 d0       	rcall	.+0      	; 0xc18 <draw_char+0x8>
     c18:	cd b7       	in	r28, 0x3d	; 61
     c1a:	de b7       	in	r29, 0x3e	; 62
     c1c:	9a 83       	std	Y+2, r25	; 0x02
     c1e:	89 83       	std	Y+1, r24	; 0x01
     c20:	7c 83       	std	Y+4, r23	; 0x04
     c22:	6b 83       	std	Y+3, r22	; 0x03
	
	if (display_state->column == 20){
     c24:	8b 81       	ldd	r24, Y+3	; 0x03
     c26:	9c 81       	ldd	r25, Y+4	; 0x04
     c28:	fc 01       	movw	r30, r24
     c2a:	81 81       	ldd	r24, Z+1	; 0x01
     c2c:	84 31       	cpi	r24, 0x14	; 20
     c2e:	d1 f4       	brne	.+52     	; 0xc64 <draw_char+0x54>
		display_write_data(dsp_row[display_state->row],0);
     c30:	8b 81       	ldd	r24, Y+3	; 0x03
     c32:	9c 81       	ldd	r25, Y+4	; 0x04
     c34:	fc 01       	movw	r30, r24
     c36:	80 81       	ld	r24, Z
     c38:	88 2f       	mov	r24, r24
     c3a:	90 e0       	ldi	r25, 0x00	; 0
     c3c:	87 5f       	subi	r24, 0xF7	; 247
     c3e:	9e 4f       	sbci	r25, 0xFE	; 254
     c40:	fc 01       	movw	r30, r24
     c42:	80 81       	ld	r24, Z
     c44:	60 e0       	ldi	r22, 0x00	; 0
     c46:	aa d0       	rcall	.+340    	; 0xd9c <display_write_data>
		display_state->column = 0;
     c48:	8b 81       	ldd	r24, Y+3	; 0x03
     c4a:	9c 81       	ldd	r25, Y+4	; 0x04
     c4c:	fc 01       	movw	r30, r24
     c4e:	11 82       	std	Z+1, r1	; 0x01
		display_state->row += 1;
     c50:	8b 81       	ldd	r24, Y+3	; 0x03
     c52:	9c 81       	ldd	r25, Y+4	; 0x04
     c54:	fc 01       	movw	r30, r24
     c56:	80 81       	ld	r24, Z
     c58:	21 e0       	ldi	r18, 0x01	; 1
     c5a:	28 0f       	add	r18, r24
     c5c:	8b 81       	ldd	r24, Y+3	; 0x03
     c5e:	9c 81       	ldd	r25, Y+4	; 0x04
     c60:	fc 01       	movw	r30, r24
     c62:	20 83       	st	Z, r18
	}
	if (display_state->row == 4){
     c64:	8b 81       	ldd	r24, Y+3	; 0x03
     c66:	9c 81       	ldd	r25, Y+4	; 0x04
     c68:	fc 01       	movw	r30, r24
     c6a:	80 81       	ld	r24, Z
     c6c:	84 30       	cpi	r24, 0x04	; 4
     c6e:	21 f4       	brne	.+8      	; 0xc78 <draw_char+0x68>
		display_state->row = 0;
     c70:	8b 81       	ldd	r24, Y+3	; 0x03
     c72:	9c 81       	ldd	r25, Y+4	; 0x04
     c74:	fc 01       	movw	r30, r24
     c76:	10 82       	st	Z, r1
	}
	display_write_data(display->data[display_state->row][display_state->column],1);
     c78:	8b 81       	ldd	r24, Y+3	; 0x03
     c7a:	9c 81       	ldd	r25, Y+4	; 0x04
     c7c:	fc 01       	movw	r30, r24
     c7e:	80 81       	ld	r24, Z
     c80:	68 2f       	mov	r22, r24
     c82:	70 e0       	ldi	r23, 0x00	; 0
     c84:	8b 81       	ldd	r24, Y+3	; 0x03
     c86:	9c 81       	ldd	r25, Y+4	; 0x04
     c88:	fc 01       	movw	r30, r24
     c8a:	81 81       	ldd	r24, Z+1	; 0x01
     c8c:	88 2f       	mov	r24, r24
     c8e:	90 e0       	ldi	r25, 0x00	; 0
     c90:	49 81       	ldd	r20, Y+1	; 0x01
     c92:	5a 81       	ldd	r21, Y+2	; 0x02
     c94:	e4 e1       	ldi	r30, 0x14	; 20
     c96:	e6 9f       	mul	r30, r22
     c98:	90 01       	movw	r18, r0
     c9a:	e7 9f       	mul	r30, r23
     c9c:	30 0d       	add	r19, r0
     c9e:	11 24       	eor	r1, r1
     ca0:	24 0f       	add	r18, r20
     ca2:	35 1f       	adc	r19, r21
     ca4:	82 0f       	add	r24, r18
     ca6:	93 1f       	adc	r25, r19
     ca8:	fc 01       	movw	r30, r24
     caa:	80 81       	ld	r24, Z
     cac:	61 e0       	ldi	r22, 0x01	; 1
     cae:	76 d0       	rcall	.+236    	; 0xd9c <display_write_data>
	display_state->column++;
     cb0:	8b 81       	ldd	r24, Y+3	; 0x03
     cb2:	9c 81       	ldd	r25, Y+4	; 0x04
     cb4:	fc 01       	movw	r30, r24
     cb6:	81 81       	ldd	r24, Z+1	; 0x01
     cb8:	21 e0       	ldi	r18, 0x01	; 1
     cba:	28 0f       	add	r18, r24
     cbc:	8b 81       	ldd	r24, Y+3	; 0x03
     cbe:	9c 81       	ldd	r25, Y+4	; 0x04
     cc0:	fc 01       	movw	r30, r24
     cc2:	21 83       	std	Z+1, r18	; 0x01
}
     cc4:	00 00       	nop
     cc6:	0f 90       	pop	r0
     cc8:	0f 90       	pop	r0
     cca:	0f 90       	pop	r0
     ccc:	0f 90       	pop	r0
     cce:	df 91       	pop	r29
     cd0:	cf 91       	pop	r28
     cd2:	08 95       	ret

00000cd4 <get_empty_state>:
struct DISPLAY_STATE get_empty_state(){
     cd4:	cf 93       	push	r28
     cd6:	df 93       	push	r29
     cd8:	00 d0       	rcall	.+0      	; 0xcda <get_empty_state+0x6>
     cda:	cd b7       	in	r28, 0x3d	; 61
     cdc:	de b7       	in	r29, 0x3e	; 62
	struct DISPLAY_STATE display_state;
	display_state.row = 0;
     cde:	19 82       	std	Y+1, r1	; 0x01
	display_state.column = 0;
     ce0:	1a 82       	std	Y+2, r1	; 0x02
	
	return display_state;
     ce2:	89 81       	ldd	r24, Y+1	; 0x01
     ce4:	9a 81       	ldd	r25, Y+2	; 0x02
}
     ce6:	0f 90       	pop	r0
     ce8:	0f 90       	pop	r0
     cea:	df 91       	pop	r29
     cec:	cf 91       	pop	r28
     cee:	08 95       	ret

00000cf0 <get_empty_display>:
struct DISPLAY_PAGE get_empty_display(){
     cf0:	cf 93       	push	r28
     cf2:	df 93       	push	r29
     cf4:	cd b7       	in	r28, 0x3d	; 61
     cf6:	de b7       	in	r29, 0x3e	; 62
     cf8:	c4 55       	subi	r28, 0x54	; 84
     cfa:	d1 09       	sbc	r29, r1
     cfc:	0f b6       	in	r0, 0x3f	; 63
     cfe:	f8 94       	cli
     d00:	de bf       	out	0x3e, r29	; 62
     d02:	0f be       	out	0x3f, r0	; 63
     d04:	cd bf       	out	0x3d, r28	; 61
     d06:	9e 01       	movw	r18, r28
     d08:	2d 5a       	subi	r18, 0xAD	; 173
     d0a:	3f 4f       	sbci	r19, 0xFF	; 255
     d0c:	f9 01       	movw	r30, r18
     d0e:	91 83       	std	Z+1, r25	; 0x01
     d10:	80 83       	st	Z, r24
	
	struct DISPLAY_PAGE display_data;
	
	for(uint8_t row = 0; row < 4; row++){
     d12:	19 82       	std	Y+1, r1	; 0x01
     d14:	22 c0       	rjmp	.+68     	; 0xd5a <get_empty_display+0x6a>
		for (uint8_t column = 0; column < 20; column++){
     d16:	1a 82       	std	Y+2, r1	; 0x02
     d18:	1a c0       	rjmp	.+52     	; 0xd4e <get_empty_display+0x5e>
			display_data.data[row][column] = 0x10;
     d1a:	89 81       	ldd	r24, Y+1	; 0x01
     d1c:	48 2f       	mov	r20, r24
     d1e:	50 e0       	ldi	r21, 0x00	; 0
     d20:	8a 81       	ldd	r24, Y+2	; 0x02
     d22:	88 2f       	mov	r24, r24
     d24:	90 e0       	ldi	r25, 0x00	; 0
     d26:	64 e1       	ldi	r22, 0x14	; 20
     d28:	64 9f       	mul	r22, r20
     d2a:	90 01       	movw	r18, r0
     d2c:	65 9f       	mul	r22, r21
     d2e:	30 0d       	add	r19, r0
     d30:	11 24       	eor	r1, r1
     d32:	ae 01       	movw	r20, r28
     d34:	4f 5f       	subi	r20, 0xFF	; 255
     d36:	5f 4f       	sbci	r21, 0xFF	; 255
     d38:	24 0f       	add	r18, r20
     d3a:	35 1f       	adc	r19, r21
     d3c:	82 0f       	add	r24, r18
     d3e:	93 1f       	adc	r25, r19
     d40:	02 96       	adiw	r24, 0x02	; 2
     d42:	20 e1       	ldi	r18, 0x10	; 16
     d44:	fc 01       	movw	r30, r24
     d46:	20 83       	st	Z, r18
struct DISPLAY_PAGE get_empty_display(){
	
	struct DISPLAY_PAGE display_data;
	
	for(uint8_t row = 0; row < 4; row++){
		for (uint8_t column = 0; column < 20; column++){
     d48:	8a 81       	ldd	r24, Y+2	; 0x02
     d4a:	8f 5f       	subi	r24, 0xFF	; 255
     d4c:	8a 83       	std	Y+2, r24	; 0x02
     d4e:	8a 81       	ldd	r24, Y+2	; 0x02
     d50:	84 31       	cpi	r24, 0x14	; 20
     d52:	18 f3       	brcs	.-58     	; 0xd1a <get_empty_display+0x2a>
}
struct DISPLAY_PAGE get_empty_display(){
	
	struct DISPLAY_PAGE display_data;
	
	for(uint8_t row = 0; row < 4; row++){
     d54:	89 81       	ldd	r24, Y+1	; 0x01
     d56:	8f 5f       	subi	r24, 0xFF	; 255
     d58:	89 83       	std	Y+1, r24	; 0x01
     d5a:	89 81       	ldd	r24, Y+1	; 0x01
     d5c:	84 30       	cpi	r24, 0x04	; 4
     d5e:	d8 f2       	brcs	.-74     	; 0xd16 <get_empty_display+0x26>
		for (uint8_t column = 0; column < 20; column++){
			display_data.data[row][column] = 0x10;
		}	 
	}
	return display_data;
     d60:	ce 01       	movw	r24, r28
     d62:	8d 5a       	subi	r24, 0xAD	; 173
     d64:	9f 4f       	sbci	r25, 0xFF	; 255
     d66:	fc 01       	movw	r30, r24
     d68:	80 81       	ld	r24, Z
     d6a:	91 81       	ldd	r25, Z+1	; 0x01
     d6c:	20 e5       	ldi	r18, 0x50	; 80
     d6e:	fe 01       	movw	r30, r28
     d70:	33 96       	adiw	r30, 0x03	; 3
     d72:	dc 01       	movw	r26, r24
     d74:	01 90       	ld	r0, Z+
     d76:	0d 92       	st	X+, r0
     d78:	2a 95       	dec	r18
     d7a:	e1 f7       	brne	.-8      	; 0xd74 <get_empty_display+0x84>
}
     d7c:	ce 01       	movw	r24, r28
     d7e:	8d 5a       	subi	r24, 0xAD	; 173
     d80:	9f 4f       	sbci	r25, 0xFF	; 255
     d82:	fc 01       	movw	r30, r24
     d84:	80 81       	ld	r24, Z
     d86:	91 81       	ldd	r25, Z+1	; 0x01
     d88:	cc 5a       	subi	r28, 0xAC	; 172
     d8a:	df 4f       	sbci	r29, 0xFF	; 255
     d8c:	0f b6       	in	r0, 0x3f	; 63
     d8e:	f8 94       	cli
     d90:	de bf       	out	0x3e, r29	; 62
     d92:	0f be       	out	0x3f, r0	; 63
     d94:	cd bf       	out	0x3d, r28	; 61
     d96:	df 91       	pop	r29
     d98:	cf 91       	pop	r28
     d9a:	08 95       	ret

00000d9c <display_write_data>:

void display_write_data(uint8_t data,uint8_t rs){
     d9c:	0f 93       	push	r16
     d9e:	1f 93       	push	r17
     da0:	cf 93       	push	r28
     da2:	df 93       	push	r29
     da4:	00 d0       	rcall	.+0      	; 0xda6 <display_write_data+0xa>
     da6:	00 d0       	rcall	.+0      	; 0xda8 <display_write_data+0xc>
     da8:	cd b7       	in	r28, 0x3d	; 61
     daa:	de b7       	in	r29, 0x3e	; 62
     dac:	8b 83       	std	Y+3, r24	; 0x03
     dae:	6c 83       	std	Y+4, r22	; 0x04
	
	DISPLAY_DATA = invert_binary_number(data);
     db0:	0e e2       	ldi	r16, 0x2E	; 46
     db2:	10 e0       	ldi	r17, 0x00	; 0
     db4:	8b 81       	ldd	r24, Y+3	; 0x03
     db6:	b6 d4       	rcall	.+2412   	; 0x1724 <invert_binary_number>
     db8:	f8 01       	movw	r30, r16
     dba:	80 83       	st	Z, r24
	
	if (rs==1){
     dbc:	8c 81       	ldd	r24, Y+4	; 0x04
     dbe:	81 30       	cpi	r24, 0x01	; 1
     dc0:	51 f4       	brne	.+20     	; 0xdd6 <display_write_data+0x3a>
		SET_RS_PIN
     dc2:	85 e2       	ldi	r24, 0x25	; 37
     dc4:	90 e0       	ldi	r25, 0x00	; 0
     dc6:	25 e2       	ldi	r18, 0x25	; 37
     dc8:	30 e0       	ldi	r19, 0x00	; 0
     dca:	f9 01       	movw	r30, r18
     dcc:	20 81       	ld	r18, Z
     dce:	20 64       	ori	r18, 0x40	; 64
     dd0:	fc 01       	movw	r30, r24
     dd2:	20 83       	st	Z, r18
     dd4:	09 c0       	rjmp	.+18     	; 0xde8 <display_write_data+0x4c>
		} else {
		UNSET_RS_PIN
     dd6:	85 e2       	ldi	r24, 0x25	; 37
     dd8:	90 e0       	ldi	r25, 0x00	; 0
     dda:	25 e2       	ldi	r18, 0x25	; 37
     ddc:	30 e0       	ldi	r19, 0x00	; 0
     dde:	f9 01       	movw	r30, r18
     de0:	20 81       	ld	r18, Z
     de2:	2f 7b       	andi	r18, 0xBF	; 191
     de4:	fc 01       	movw	r30, r24
     de6:	20 83       	st	Z, r18
	}
	
	//Sets enable high
	SET_ENABLE_PIN
     de8:	85 e2       	ldi	r24, 0x25	; 37
     dea:	90 e0       	ldi	r25, 0x00	; 0
     dec:	25 e2       	ldi	r18, 0x25	; 37
     dee:	30 e0       	ldi	r19, 0x00	; 0
     df0:	f9 01       	movw	r30, r18
     df2:	20 81       	ld	r18, Z
     df4:	20 61       	ori	r18, 0x10	; 16
     df6:	fc 01       	movw	r30, r24
     df8:	20 83       	st	Z, r18
	//Sets enable low
	for(int wait = 0; wait<100; wait++){
     dfa:	1a 82       	std	Y+2, r1	; 0x02
     dfc:	19 82       	std	Y+1, r1	; 0x01
     dfe:	0e c0       	rjmp	.+28     	; 0xe1c <display_write_data+0x80>
		UNSET_ENABLE_PIN
     e00:	85 e2       	ldi	r24, 0x25	; 37
     e02:	90 e0       	ldi	r25, 0x00	; 0
     e04:	25 e2       	ldi	r18, 0x25	; 37
     e06:	30 e0       	ldi	r19, 0x00	; 0
     e08:	f9 01       	movw	r30, r18
     e0a:	20 81       	ld	r18, Z
     e0c:	2f 7e       	andi	r18, 0xEF	; 239
     e0e:	fc 01       	movw	r30, r24
     e10:	20 83       	st	Z, r18
	}
	
	//Sets enable high
	SET_ENABLE_PIN
	//Sets enable low
	for(int wait = 0; wait<100; wait++){
     e12:	89 81       	ldd	r24, Y+1	; 0x01
     e14:	9a 81       	ldd	r25, Y+2	; 0x02
     e16:	01 96       	adiw	r24, 0x01	; 1
     e18:	9a 83       	std	Y+2, r25	; 0x02
     e1a:	89 83       	std	Y+1, r24	; 0x01
     e1c:	89 81       	ldd	r24, Y+1	; 0x01
     e1e:	9a 81       	ldd	r25, Y+2	; 0x02
     e20:	84 36       	cpi	r24, 0x64	; 100
     e22:	91 05       	cpc	r25, r1
     e24:	6c f3       	brlt	.-38     	; 0xe00 <display_write_data+0x64>
		UNSET_ENABLE_PIN
	}
	
	
}
     e26:	00 00       	nop
     e28:	0f 90       	pop	r0
     e2a:	0f 90       	pop	r0
     e2c:	0f 90       	pop	r0
     e2e:	0f 90       	pop	r0
     e30:	df 91       	pop	r29
     e32:	cf 91       	pop	r28
     e34:	1f 91       	pop	r17
     e36:	0f 91       	pop	r16
     e38:	08 95       	ret

00000e3a <display_definechars>:


//num_to_3digit this function not only converts the raw data to a 3Digit number which can be displayed onto the display, it also sets the Page and Position of the Number on the Display


void display_definechars(){
     e3a:	8f 92       	push	r8
     e3c:	af 92       	push	r10
     e3e:	cf 92       	push	r12
     e40:	ef 92       	push	r14
     e42:	0f 93       	push	r16
     e44:	cf 93       	push	r28
     e46:	df 93       	push	r29
     e48:	cd b7       	in	r28, 0x3d	; 61
     e4a:	de b7       	in	r29, 0x3e	; 62
	//definition of needed custom chars
	display_customchar(1,0x1F,0x1F,0,0,0,0,0,0);
     e4c:	81 2c       	mov	r8, r1
     e4e:	a1 2c       	mov	r10, r1
     e50:	c1 2c       	mov	r12, r1
     e52:	e1 2c       	mov	r14, r1
     e54:	00 e0       	ldi	r16, 0x00	; 0
     e56:	20 e0       	ldi	r18, 0x00	; 0
     e58:	4f e1       	ldi	r20, 0x1F	; 31
     e5a:	6f e1       	ldi	r22, 0x1F	; 31
     e5c:	81 e0       	ldi	r24, 0x01	; 1
     e5e:	7a d0       	rcall	.+244    	; 0xf54 <display_customchar>
	display_customchar(2,0xEF,0xEF,0xEF,0xEF,0xEF,0xEF,0xEF,0xEF);
     e60:	0f 2e       	mov	r0, r31
     e62:	ff ee       	ldi	r31, 0xEF	; 239
     e64:	8f 2e       	mov	r8, r31
     e66:	f0 2d       	mov	r31, r0
     e68:	0f 2e       	mov	r0, r31
     e6a:	ff ee       	ldi	r31, 0xEF	; 239
     e6c:	af 2e       	mov	r10, r31
     e6e:	f0 2d       	mov	r31, r0
     e70:	0f 2e       	mov	r0, r31
     e72:	ff ee       	ldi	r31, 0xEF	; 239
     e74:	cf 2e       	mov	r12, r31
     e76:	f0 2d       	mov	r31, r0
     e78:	0f 2e       	mov	r0, r31
     e7a:	ff ee       	ldi	r31, 0xEF	; 239
     e7c:	ef 2e       	mov	r14, r31
     e7e:	f0 2d       	mov	r31, r0
     e80:	0f ee       	ldi	r16, 0xEF	; 239
     e82:	2f ee       	ldi	r18, 0xEF	; 239
     e84:	4f ee       	ldi	r20, 0xEF	; 239
     e86:	6f ee       	ldi	r22, 0xEF	; 239
     e88:	82 e0       	ldi	r24, 0x02	; 2
     e8a:	64 d0       	rcall	.+200    	; 0xf54 <display_customchar>
	display_customchar(3,0x1E,0x1E,0x1E,0x1E,0x1E,0x1E,0x1E,0x1E);
     e8c:	0f 2e       	mov	r0, r31
     e8e:	fe e1       	ldi	r31, 0x1E	; 30
     e90:	8f 2e       	mov	r8, r31
     e92:	f0 2d       	mov	r31, r0
     e94:	0f 2e       	mov	r0, r31
     e96:	fe e1       	ldi	r31, 0x1E	; 30
     e98:	af 2e       	mov	r10, r31
     e9a:	f0 2d       	mov	r31, r0
     e9c:	0f 2e       	mov	r0, r31
     e9e:	fe e1       	ldi	r31, 0x1E	; 30
     ea0:	cf 2e       	mov	r12, r31
     ea2:	f0 2d       	mov	r31, r0
     ea4:	0f 2e       	mov	r0, r31
     ea6:	fe e1       	ldi	r31, 0x1E	; 30
     ea8:	ef 2e       	mov	r14, r31
     eaa:	f0 2d       	mov	r31, r0
     eac:	0e e1       	ldi	r16, 0x1E	; 30
     eae:	2e e1       	ldi	r18, 0x1E	; 30
     eb0:	4e e1       	ldi	r20, 0x1E	; 30
     eb2:	6e e1       	ldi	r22, 0x1E	; 30
     eb4:	83 e0       	ldi	r24, 0x03	; 3
     eb6:	4e d0       	rcall	.+156    	; 0xf54 <display_customchar>
	display_customchar(4,0xFF,0xFF,0xFF,0xFF,0,0,0,0);
     eb8:	81 2c       	mov	r8, r1
     eba:	a1 2c       	mov	r10, r1
     ebc:	c1 2c       	mov	r12, r1
     ebe:	e1 2c       	mov	r14, r1
     ec0:	0f ef       	ldi	r16, 0xFF	; 255
     ec2:	2f ef       	ldi	r18, 0xFF	; 255
     ec4:	4f ef       	ldi	r20, 0xFF	; 255
     ec6:	6f ef       	ldi	r22, 0xFF	; 255
     ec8:	84 e0       	ldi	r24, 0x04	; 4
     eca:	44 d0       	rcall	.+136    	; 0xf54 <display_customchar>
	display_customchar(5,0xFF,0xFF,0xFF,0xFF,0xEF,0xEF,0xEF,0xEF);
     ecc:	0f 2e       	mov	r0, r31
     ece:	ff ee       	ldi	r31, 0xEF	; 239
     ed0:	8f 2e       	mov	r8, r31
     ed2:	f0 2d       	mov	r31, r0
     ed4:	0f 2e       	mov	r0, r31
     ed6:	ff ee       	ldi	r31, 0xEF	; 239
     ed8:	af 2e       	mov	r10, r31
     eda:	f0 2d       	mov	r31, r0
     edc:	0f 2e       	mov	r0, r31
     ede:	ff ee       	ldi	r31, 0xEF	; 239
     ee0:	cf 2e       	mov	r12, r31
     ee2:	f0 2d       	mov	r31, r0
     ee4:	0f 2e       	mov	r0, r31
     ee6:	ff ee       	ldi	r31, 0xEF	; 239
     ee8:	ef 2e       	mov	r14, r31
     eea:	f0 2d       	mov	r31, r0
     eec:	0f ef       	ldi	r16, 0xFF	; 255
     eee:	2f ef       	ldi	r18, 0xFF	; 255
     ef0:	4f ef       	ldi	r20, 0xFF	; 255
     ef2:	6f ef       	ldi	r22, 0xFF	; 255
     ef4:	85 e0       	ldi	r24, 0x05	; 5
     ef6:	2e d0       	rcall	.+92     	; 0xf54 <display_customchar>
	display_customchar(6,0x08,0x15,0x0A,0x04,0x0A,0x15,0x02,0x00);
     ef8:	81 2c       	mov	r8, r1
     efa:	68 94       	set
     efc:	aa 24       	eor	r10, r10
     efe:	a1 f8       	bld	r10, 1
     f00:	0f 2e       	mov	r0, r31
     f02:	f5 e1       	ldi	r31, 0x15	; 21
     f04:	cf 2e       	mov	r12, r31
     f06:	f0 2d       	mov	r31, r0
     f08:	0f 2e       	mov	r0, r31
     f0a:	fa e0       	ldi	r31, 0x0A	; 10
     f0c:	ef 2e       	mov	r14, r31
     f0e:	f0 2d       	mov	r31, r0
     f10:	04 e0       	ldi	r16, 0x04	; 4
     f12:	2a e0       	ldi	r18, 0x0A	; 10
     f14:	45 e1       	ldi	r20, 0x15	; 21
     f16:	68 e0       	ldi	r22, 0x08	; 8
     f18:	86 e0       	ldi	r24, 0x06	; 6
     f1a:	1c d0       	rcall	.+56     	; 0xf54 <display_customchar>
	display_customchar(7,0,0,0,0,0,0x1F,0x1F,0x1F);
     f1c:	0f 2e       	mov	r0, r31
     f1e:	ff e1       	ldi	r31, 0x1F	; 31
     f20:	8f 2e       	mov	r8, r31
     f22:	f0 2d       	mov	r31, r0
     f24:	0f 2e       	mov	r0, r31
     f26:	ff e1       	ldi	r31, 0x1F	; 31
     f28:	af 2e       	mov	r10, r31
     f2a:	f0 2d       	mov	r31, r0
     f2c:	0f 2e       	mov	r0, r31
     f2e:	ff e1       	ldi	r31, 0x1F	; 31
     f30:	cf 2e       	mov	r12, r31
     f32:	f0 2d       	mov	r31, r0
     f34:	e1 2c       	mov	r14, r1
     f36:	00 e0       	ldi	r16, 0x00	; 0
     f38:	20 e0       	ldi	r18, 0x00	; 0
     f3a:	40 e0       	ldi	r20, 0x00	; 0
     f3c:	60 e0       	ldi	r22, 0x00	; 0
     f3e:	87 e0       	ldi	r24, 0x07	; 7
     f40:	09 d0       	rcall	.+18     	; 0xf54 <display_customchar>
	
}
     f42:	00 00       	nop
     f44:	df 91       	pop	r29
     f46:	cf 91       	pop	r28
     f48:	0f 91       	pop	r16
     f4a:	ef 90       	pop	r14
     f4c:	cf 90       	pop	r12
     f4e:	af 90       	pop	r10
     f50:	8f 90       	pop	r8
     f52:	08 95       	ret

00000f54 <display_customchar>:

void display_customchar(uint8_t charpos, uint8_t line1, uint8_t line2, uint8_t line3, uint8_t line4, uint8_t line5, uint8_t line6, uint8_t line7, uint8_t line8){
     f54:	8f 92       	push	r8
     f56:	af 92       	push	r10
     f58:	cf 92       	push	r12
     f5a:	ef 92       	push	r14
     f5c:	0f 93       	push	r16
     f5e:	cf 93       	push	r28
     f60:	df 93       	push	r29
     f62:	cd b7       	in	r28, 0x3d	; 61
     f64:	de b7       	in	r29, 0x3e	; 62
     f66:	29 97       	sbiw	r28, 0x09	; 9
     f68:	0f b6       	in	r0, 0x3f	; 63
     f6a:	f8 94       	cli
     f6c:	de bf       	out	0x3e, r29	; 62
     f6e:	0f be       	out	0x3f, r0	; 63
     f70:	cd bf       	out	0x3d, r28	; 61
     f72:	89 83       	std	Y+1, r24	; 0x01
     f74:	6a 83       	std	Y+2, r22	; 0x02
     f76:	4b 83       	std	Y+3, r20	; 0x03
     f78:	2c 83       	std	Y+4, r18	; 0x04
     f7a:	0d 83       	std	Y+5, r16	; 0x05
     f7c:	ee 82       	std	Y+6, r14	; 0x06
     f7e:	cf 82       	std	Y+7, r12	; 0x07
     f80:	a8 86       	std	Y+8, r10	; 0x08
	
	//where to write in cgram
	display_write_data(0x40+8*charpos,0);
     f82:	89 86       	std	Y+9, r8	; 0x09
     f84:	89 81       	ldd	r24, Y+1	; 0x01
     f86:	88 2f       	mov	r24, r24
     f88:	90 e0       	ldi	r25, 0x00	; 0
     f8a:	08 96       	adiw	r24, 0x08	; 8
     f8c:	88 0f       	add	r24, r24
     f8e:	88 0f       	add	r24, r24

	//write each line
	display_write_data(line1,1);
     f90:	88 0f       	add	r24, r24
     f92:	60 e0       	ldi	r22, 0x00	; 0
     f94:	03 df       	rcall	.-506    	; 0xd9c <display_write_data>
	display_write_data(line2,1);
     f96:	61 e0       	ldi	r22, 0x01	; 1
     f98:	8a 81       	ldd	r24, Y+2	; 0x02
     f9a:	00 df       	rcall	.-512    	; 0xd9c <display_write_data>
	display_write_data(line3,1);
     f9c:	61 e0       	ldi	r22, 0x01	; 1
     f9e:	8b 81       	ldd	r24, Y+3	; 0x03
     fa0:	fd de       	rcall	.-518    	; 0xd9c <display_write_data>
	display_write_data(line4,1);
     fa2:	61 e0       	ldi	r22, 0x01	; 1
     fa4:	8c 81       	ldd	r24, Y+4	; 0x04
     fa6:	fa de       	rcall	.-524    	; 0xd9c <display_write_data>
	display_write_data(line5,1);
     fa8:	61 e0       	ldi	r22, 0x01	; 1
     faa:	8d 81       	ldd	r24, Y+5	; 0x05
     fac:	f7 de       	rcall	.-530    	; 0xd9c <display_write_data>
     fae:	61 e0       	ldi	r22, 0x01	; 1
	display_write_data(line6,1);
     fb0:	8e 81       	ldd	r24, Y+6	; 0x06
     fb2:	f4 de       	rcall	.-536    	; 0xd9c <display_write_data>
     fb4:	61 e0       	ldi	r22, 0x01	; 1
     fb6:	8f 81       	ldd	r24, Y+7	; 0x07
	display_write_data(line7,1);
     fb8:	f1 de       	rcall	.-542    	; 0xd9c <display_write_data>
     fba:	61 e0       	ldi	r22, 0x01	; 1
     fbc:	88 85       	ldd	r24, Y+8	; 0x08
     fbe:	ee de       	rcall	.-548    	; 0xd9c <display_write_data>
	display_write_data(line8,1);
     fc0:	61 e0       	ldi	r22, 0x01	; 1
     fc2:	89 85       	ldd	r24, Y+9	; 0x09
     fc4:	eb de       	rcall	.-554    	; 0xd9c <display_write_data>
     fc6:	60 e0       	ldi	r22, 0x00	; 0

	//display return home
	display_write_data(0x02,0);
     fc8:	82 e0       	ldi	r24, 0x02	; 2
     fca:	e8 de       	rcall	.-560    	; 0xd9c <display_write_data>
     fcc:	00 00       	nop
     fce:	29 96       	adiw	r28, 0x09	; 9
}
     fd0:	0f b6       	in	r0, 0x3f	; 63
     fd2:	f8 94       	cli
     fd4:	de bf       	out	0x3e, r29	; 62
     fd6:	0f be       	out	0x3f, r0	; 63
     fd8:	cd bf       	out	0x3d, r28	; 61
     fda:	df 91       	pop	r29
     fdc:	cf 91       	pop	r28
     fde:	0f 91       	pop	r16
     fe0:	ef 90       	pop	r14
     fe2:	cf 90       	pop	r12
     fe4:	af 90       	pop	r10
     fe6:	8f 90       	pop	r8
     fe8:	08 95       	ret

00000fea <display_write_str>:
     fea:	cf 93       	push	r28
     fec:	df 93       	push	r29

void display_write_str(struct DISPLAY_PAGE *display, char data[], uint8_t row, uint8_t column)
{
     fee:	cd b7       	in	r28, 0x3d	; 61
     ff0:	de b7       	in	r29, 0x3e	; 62
     ff2:	27 97       	sbiw	r28, 0x07	; 7
     ff4:	0f b6       	in	r0, 0x3f	; 63
     ff6:	f8 94       	cli
     ff8:	de bf       	out	0x3e, r29	; 62
     ffa:	0f be       	out	0x3f, r0	; 63
     ffc:	cd bf       	out	0x3d, r28	; 61
     ffe:	9b 83       	std	Y+3, r25	; 0x03
    1000:	8a 83       	std	Y+2, r24	; 0x02
    1002:	7d 83       	std	Y+5, r23	; 0x05
    1004:	6c 83       	std	Y+4, r22	; 0x04
    1006:	4e 83       	std	Y+6, r20	; 0x06
    1008:	2f 83       	std	Y+7, r18	; 0x07
    100a:	19 82       	std	Y+1, r1	; 0x01
    100c:	25 c0       	rjmp	.+74     	; 0x1058 <__DATA_REGION_LENGTH__+0x58>
	//Schreiben
	//Notiz < length is wichtig da so das 0 byte ignoriert wird
	//mit dem Zeichenketten terminiert werden
	uint8_t i = 0;
    100e:	8e 81       	ldd	r24, Y+6	; 0x06
	while(data[i]!= 0 && (column+i)<20){
    1010:	68 2f       	mov	r22, r24
		display->data[row][i+column] = data[i];
    1012:	70 e0       	ldi	r23, 0x00	; 0
    1014:	89 81       	ldd	r24, Y+1	; 0x01
    1016:	28 2f       	mov	r18, r24
    1018:	30 e0       	ldi	r19, 0x00	; 0
    101a:	8f 81       	ldd	r24, Y+7	; 0x07
    101c:	88 2f       	mov	r24, r24
    101e:	90 e0       	ldi	r25, 0x00	; 0
    1020:	82 0f       	add	r24, r18
    1022:	93 1f       	adc	r25, r19
    1024:	29 81       	ldd	r18, Y+1	; 0x01
    1026:	22 2f       	mov	r18, r18
    1028:	30 e0       	ldi	r19, 0x00	; 0
    102a:	4c 81       	ldd	r20, Y+4	; 0x04
    102c:	5d 81       	ldd	r21, Y+5	; 0x05
    102e:	24 0f       	add	r18, r20
    1030:	35 1f       	adc	r19, r21
    1032:	d9 01       	movw	r26, r18
    1034:	ec 91       	ld	r30, X
    1036:	4a 81       	ldd	r20, Y+2	; 0x02
    1038:	5b 81       	ldd	r21, Y+3	; 0x03
    103a:	f4 e1       	ldi	r31, 0x14	; 20
    103c:	f6 9f       	mul	r31, r22
    103e:	90 01       	movw	r18, r0
    1040:	f7 9f       	mul	r31, r23
    1042:	30 0d       	add	r19, r0
    1044:	11 24       	eor	r1, r1
    1046:	24 0f       	add	r18, r20
    1048:	35 1f       	adc	r19, r21
    104a:	82 0f       	add	r24, r18
    104c:	93 1f       	adc	r25, r19
    104e:	dc 01       	movw	r26, r24
    1050:	ec 93       	st	X, r30
    1052:	89 81       	ldd	r24, Y+1	; 0x01
    1054:	8f 5f       	subi	r24, 0xFF	; 255
		i++;
    1056:	89 83       	std	Y+1, r24	; 0x01
    1058:	89 81       	ldd	r24, Y+1	; 0x01
    105a:	88 2f       	mov	r24, r24
{
	//Schreiben
	//Notiz < length is wichtig da so das 0 byte ignoriert wird
	//mit dem Zeichenketten terminiert werden
	uint8_t i = 0;
	while(data[i]!= 0 && (column+i)<20){
    105c:	90 e0       	ldi	r25, 0x00	; 0
    105e:	2c 81       	ldd	r18, Y+4	; 0x04
    1060:	3d 81       	ldd	r19, Y+5	; 0x05
    1062:	82 0f       	add	r24, r18
    1064:	93 1f       	adc	r25, r19
    1066:	fc 01       	movw	r30, r24
    1068:	80 81       	ld	r24, Z
    106a:	88 23       	and	r24, r24
    106c:	51 f0       	breq	.+20     	; 0x1082 <__DATA_REGION_LENGTH__+0x82>
    106e:	8f 81       	ldd	r24, Y+7	; 0x07
    1070:	28 2f       	mov	r18, r24
    1072:	30 e0       	ldi	r19, 0x00	; 0
    1074:	89 81       	ldd	r24, Y+1	; 0x01
    1076:	88 2f       	mov	r24, r24
    1078:	90 e0       	ldi	r25, 0x00	; 0
    107a:	82 0f       	add	r24, r18
    107c:	93 1f       	adc	r25, r19
    107e:	44 97       	sbiw	r24, 0x14	; 20
    1080:	34 f2       	brlt	.-116    	; 0x100e <__DATA_REGION_LENGTH__+0xe>
    1082:	00 00       	nop
    1084:	27 96       	adiw	r28, 0x07	; 7
		display->data[row][i+column] = data[i];
		i++;
	}
}
    1086:	0f b6       	in	r0, 0x3f	; 63
    1088:	f8 94       	cli
    108a:	de bf       	out	0x3e, r29	; 62
    108c:	0f be       	out	0x3f, r0	; 63
    108e:	cd bf       	out	0x3d, r28	; 61
    1090:	df 91       	pop	r29
    1092:	cf 91       	pop	r28
    1094:	08 95       	ret

00001096 <init_display>:
    1096:	cf 93       	push	r28

void init_display(){
    1098:	df 93       	push	r29
    109a:	00 d0       	rcall	.+0      	; 0x109c <init_display+0x6>
    109c:	cd b7       	in	r28, 0x3d	; 61
    109e:	de b7       	in	r29, 0x3e	; 62
    10a0:	1a 82       	std	Y+2, r1	; 0x02
	
	//init the display with commands in dsp_command array
	for (int i=0; i<7; i++){
    10a2:	19 82       	std	Y+1, r1	; 0x01
    10a4:	0d c0       	rjmp	.+26     	; 0x10c0 <init_display+0x2a>
    10a6:	89 81       	ldd	r24, Y+1	; 0x01
		display_write_data(dsp_command[i],0);
    10a8:	9a 81       	ldd	r25, Y+2	; 0x02
    10aa:	8e 5f       	subi	r24, 0xFE	; 254
    10ac:	9e 4f       	sbci	r25, 0xFE	; 254
    10ae:	fc 01       	movw	r30, r24
    10b0:	80 81       	ld	r24, Z
    10b2:	60 e0       	ldi	r22, 0x00	; 0
    10b4:	73 de       	rcall	.-794    	; 0xd9c <display_write_data>
    10b6:	89 81       	ldd	r24, Y+1	; 0x01
    10b8:	9a 81       	ldd	r25, Y+2	; 0x02
}

void init_display(){
	
	//init the display with commands in dsp_command array
	for (int i=0; i<7; i++){
    10ba:	01 96       	adiw	r24, 0x01	; 1
    10bc:	9a 83       	std	Y+2, r25	; 0x02
    10be:	89 83       	std	Y+1, r24	; 0x01
    10c0:	89 81       	ldd	r24, Y+1	; 0x01
    10c2:	9a 81       	ldd	r25, Y+2	; 0x02
    10c4:	07 97       	sbiw	r24, 0x07	; 7
    10c6:	7c f3       	brlt	.-34     	; 0x10a6 <init_display+0x10>
    10c8:	00 00       	nop
		display_write_data(dsp_command[i],0);
	}	
}
    10ca:	0f 90       	pop	r0
    10cc:	0f 90       	pop	r0
    10ce:	df 91       	pop	r29
    10d0:	cf 91       	pop	r28
    10d2:	08 95       	ret

000010d4 <display_meme>:
    10d4:	cf 93       	push	r28
	
	
	

void display_meme(struct DISPLAY_PAGE *display)
{
    10d6:	df 93       	push	r29
    10d8:	00 d0       	rcall	.+0      	; 0x10da <display_meme+0x6>
    10da:	cd b7       	in	r28, 0x3d	; 61
    10dc:	de b7       	in	r29, 0x3e	; 62
    10de:	9a 83       	std	Y+2, r25	; 0x02
    10e0:	89 83       	std	Y+1, r24	; 0x01
    10e2:	ab de       	rcall	.-682    	; 0xe3a <display_definechars>
	 display_definechars();
    10e4:	00 00       	nop
}
    10e6:	0f 90       	pop	r0
    10e8:	0f 90       	pop	r0
    10ea:	df 91       	pop	r29
    10ec:	cf 91       	pop	r28
    10ee:	08 95       	ret

000010f0 <display_voltage>:

void display_voltage(struct DISPLAY_PAGE *display, uint16_t number){
    10f0:	cf 93       	push	r28
    10f2:	df 93       	push	r29
    10f4:	00 d0       	rcall	.+0      	; 0x10f6 <display_voltage+0x6>
    10f6:	00 d0       	rcall	.+0      	; 0x10f8 <display_voltage+0x8>
    10f8:	cd b7       	in	r28, 0x3d	; 61
    10fa:	de b7       	in	r29, 0x3e	; 62
    10fc:	9a 83       	std	Y+2, r25	; 0x02
    10fe:	89 83       	std	Y+1, r24	; 0x01
    1100:	7c 83       	std	Y+4, r23	; 0x04
    1102:	6b 83       	std	Y+3, r22	; 0x03
	//display_large_number(display, 0, 12);
	//display_write_str(display,"o",1,4);
	//display_write_str(display,"o",2,4);
	display_large_number(display, 14, 11);
    1104:	89 81       	ldd	r24, Y+1	; 0x01
    1106:	9a 81       	ldd	r25, Y+2	; 0x02
    1108:	4b e0       	ldi	r20, 0x0B	; 11
    110a:	6e e0       	ldi	r22, 0x0E	; 14
    110c:	30 d1       	rcall	.+608    	; 0x136e <display_large_number>
    110e:	89 81       	ldd	r24, Y+1	; 0x01
	display_write_str(display, "\x07", 3, 4);
    1110:	9a 81       	ldd	r25, Y+2	; 0x02
    1112:	24 e0       	ldi	r18, 0x04	; 4
    1114:	43 e0       	ldi	r20, 0x03	; 3
    1116:	60 e1       	ldi	r22, 0x10	; 16
    1118:	71 e0       	ldi	r23, 0x01	; 1
    111a:	67 df       	rcall	.-306    	; 0xfea <display_write_str>
    111c:	4b 81       	ldd	r20, Y+3	; 0x03
    111e:	5c 81       	ldd	r21, Y+4	; 0x04
	display_large_number(display, 10, number%10);
    1120:	9a 01       	movw	r18, r20
    1122:	ad ec       	ldi	r26, 0xCD	; 205
    1124:	bc ec       	ldi	r27, 0xCC	; 204
    1126:	0e 94 4e 1f 	call	0x3e9c	; 0x3e9c <__umulhisi3>
    112a:	96 95       	lsr	r25
    112c:	87 95       	ror	r24
    112e:	96 95       	lsr	r25
    1130:	87 95       	ror	r24
    1132:	96 95       	lsr	r25
    1134:	87 95       	ror	r24
    1136:	88 0f       	add	r24, r24
    1138:	99 1f       	adc	r25, r25
    113a:	9c 01       	movw	r18, r24
    113c:	22 0f       	add	r18, r18
    113e:	33 1f       	adc	r19, r19
    1140:	22 0f       	add	r18, r18
    1142:	33 1f       	adc	r19, r19
    1144:	82 0f       	add	r24, r18
    1146:	93 1f       	adc	r25, r19
    1148:	9a 01       	movw	r18, r20
    114a:	28 1b       	sub	r18, r24
    114c:	39 0b       	sbc	r19, r25
    114e:	c9 01       	movw	r24, r18
    1150:	28 2f       	mov	r18, r24
    1152:	89 81       	ldd	r24, Y+1	; 0x01
    1154:	9a 81       	ldd	r25, Y+2	; 0x02
    1156:	42 2f       	mov	r20, r18
    1158:	6a e0       	ldi	r22, 0x0A	; 10
    115a:	09 d1       	rcall	.+530    	; 0x136e <display_large_number>
    115c:	8b 81       	ldd	r24, Y+3	; 0x03
    115e:	9c 81       	ldd	r25, Y+4	; 0x04
	number = number/10;
    1160:	9c 01       	movw	r18, r24
    1162:	ad ec       	ldi	r26, 0xCD	; 205
    1164:	bc ec       	ldi	r27, 0xCC	; 204
    1166:	0e 94 4e 1f 	call	0x3e9c	; 0x3e9c <__umulhisi3>
    116a:	96 95       	lsr	r25
    116c:	87 95       	ror	r24
    116e:	96 95       	lsr	r25
    1170:	87 95       	ror	r24
    1172:	96 95       	lsr	r25
    1174:	87 95       	ror	r24
    1176:	9c 83       	std	Y+4, r25	; 0x04
    1178:	8b 83       	std	Y+3, r24	; 0x03
    117a:	4b 81       	ldd	r20, Y+3	; 0x03
    117c:	5c 81       	ldd	r21, Y+4	; 0x04
	display_large_number(display, 6, number%10);
    117e:	9a 01       	movw	r18, r20
    1180:	ad ec       	ldi	r26, 0xCD	; 205
    1182:	bc ec       	ldi	r27, 0xCC	; 204
    1184:	0e 94 4e 1f 	call	0x3e9c	; 0x3e9c <__umulhisi3>
    1188:	96 95       	lsr	r25
    118a:	87 95       	ror	r24
    118c:	96 95       	lsr	r25
    118e:	87 95       	ror	r24
    1190:	96 95       	lsr	r25
    1192:	87 95       	ror	r24
    1194:	88 0f       	add	r24, r24
    1196:	99 1f       	adc	r25, r25
    1198:	9c 01       	movw	r18, r24
    119a:	22 0f       	add	r18, r18
    119c:	33 1f       	adc	r19, r19
    119e:	22 0f       	add	r18, r18
    11a0:	33 1f       	adc	r19, r19
    11a2:	82 0f       	add	r24, r18
    11a4:	93 1f       	adc	r25, r19
    11a6:	9a 01       	movw	r18, r20
    11a8:	28 1b       	sub	r18, r24
    11aa:	39 0b       	sbc	r19, r25
    11ac:	c9 01       	movw	r24, r18
    11ae:	28 2f       	mov	r18, r24
    11b0:	89 81       	ldd	r24, Y+1	; 0x01
    11b2:	9a 81       	ldd	r25, Y+2	; 0x02
    11b4:	42 2f       	mov	r20, r18
    11b6:	66 e0       	ldi	r22, 0x06	; 6
    11b8:	da d0       	rcall	.+436    	; 0x136e <display_large_number>
    11ba:	8b 81       	ldd	r24, Y+3	; 0x03
    11bc:	9c 81       	ldd	r25, Y+4	; 0x04
	number = number/10;
    11be:	9c 01       	movw	r18, r24
    11c0:	ad ec       	ldi	r26, 0xCD	; 205
    11c2:	bc ec       	ldi	r27, 0xCC	; 204
    11c4:	0e 94 4e 1f 	call	0x3e9c	; 0x3e9c <__umulhisi3>
    11c8:	96 95       	lsr	r25
    11ca:	87 95       	ror	r24
    11cc:	96 95       	lsr	r25
    11ce:	87 95       	ror	r24
    11d0:	96 95       	lsr	r25
    11d2:	87 95       	ror	r24
    11d4:	9c 83       	std	Y+4, r25	; 0x04
    11d6:	8b 83       	std	Y+3, r24	; 0x03
    11d8:	4b 81       	ldd	r20, Y+3	; 0x03
    11da:	5c 81       	ldd	r21, Y+4	; 0x04
	display_large_number(display, 0, number%10);
    11dc:	9a 01       	movw	r18, r20
    11de:	ad ec       	ldi	r26, 0xCD	; 205
    11e0:	bc ec       	ldi	r27, 0xCC	; 204
    11e2:	0e 94 4e 1f 	call	0x3e9c	; 0x3e9c <__umulhisi3>
    11e6:	96 95       	lsr	r25
    11e8:	87 95       	ror	r24
    11ea:	96 95       	lsr	r25
    11ec:	87 95       	ror	r24
    11ee:	96 95       	lsr	r25
    11f0:	87 95       	ror	r24
    11f2:	88 0f       	add	r24, r24
    11f4:	99 1f       	adc	r25, r25
    11f6:	9c 01       	movw	r18, r24
    11f8:	22 0f       	add	r18, r18
    11fa:	33 1f       	adc	r19, r19
    11fc:	22 0f       	add	r18, r18
    11fe:	33 1f       	adc	r19, r19
    1200:	82 0f       	add	r24, r18
    1202:	93 1f       	adc	r25, r19
    1204:	9a 01       	movw	r18, r20
    1206:	28 1b       	sub	r18, r24
    1208:	39 0b       	sbc	r19, r25
    120a:	c9 01       	movw	r24, r18
    120c:	28 2f       	mov	r18, r24
    120e:	89 81       	ldd	r24, Y+1	; 0x01
    1210:	9a 81       	ldd	r25, Y+2	; 0x02
    1212:	42 2f       	mov	r20, r18
    1214:	60 e0       	ldi	r22, 0x00	; 0
    1216:	ab d0       	rcall	.+342    	; 0x136e <display_large_number>
    1218:	00 00       	nop
}
    121a:	0f 90       	pop	r0
    121c:	0f 90       	pop	r0
    121e:	0f 90       	pop	r0
    1220:	0f 90       	pop	r0
    1222:	df 91       	pop	r29
    1224:	cf 91       	pop	r28
    1226:	08 95       	ret

00001228 <display_temp>:



void display_temp(struct DISPLAY_PAGE *display, uint16_t number){
    1228:	cf 93       	push	r28
    122a:	df 93       	push	r29
    122c:	00 d0       	rcall	.+0      	; 0x122e <display_temp+0x6>
    122e:	00 d0       	rcall	.+0      	; 0x1230 <display_temp+0x8>
    1230:	cd b7       	in	r28, 0x3d	; 61
    1232:	de b7       	in	r29, 0x3e	; 62
    1234:	9a 83       	std	Y+2, r25	; 0x02
    1236:	89 83       	std	Y+1, r24	; 0x01
    1238:	7c 83       	std	Y+4, r23	; 0x04
	//display_large_number(display, 0, 12);
	//display_write_str(display,"o",1,4);
	//display_write_str(display,"o",2,4);
	display_large_number(display, 16, 13);
    123a:	6b 83       	std	Y+3, r22	; 0x03
    123c:	89 81       	ldd	r24, Y+1	; 0x01
    123e:	9a 81       	ldd	r25, Y+2	; 0x02
    1240:	4d e0       	ldi	r20, 0x0D	; 13
    1242:	60 e1       	ldi	r22, 0x10	; 16
    1244:	94 d0       	rcall	.+296    	; 0x136e <display_large_number>
	display_write_str(display,"o", 0, 14);
    1246:	89 81       	ldd	r24, Y+1	; 0x01
    1248:	9a 81       	ldd	r25, Y+2	; 0x02
    124a:	2e e0       	ldi	r18, 0x0E	; 14
    124c:	40 e0       	ldi	r20, 0x00	; 0
    124e:	62 e1       	ldi	r22, 0x12	; 18
    1250:	71 e0       	ldi	r23, 0x01	; 1
    1252:	cb de       	rcall	.-618    	; 0xfea <display_write_str>
    1254:	89 81       	ldd	r24, Y+1	; 0x01
	display_write_str(display, "\x07", 3, 8);
    1256:	9a 81       	ldd	r25, Y+2	; 0x02
    1258:	28 e0       	ldi	r18, 0x08	; 8
    125a:	43 e0       	ldi	r20, 0x03	; 3
    125c:	60 e1       	ldi	r22, 0x10	; 16
    125e:	71 e0       	ldi	r23, 0x01	; 1
    1260:	c4 de       	rcall	.-632    	; 0xfea <display_write_str>
    1262:	4b 81       	ldd	r20, Y+3	; 0x03
    1264:	5c 81       	ldd	r21, Y+4	; 0x04
	display_large_number(display, 10, number%10);
    1266:	9a 01       	movw	r18, r20
    1268:	ad ec       	ldi	r26, 0xCD	; 205
    126a:	bc ec       	ldi	r27, 0xCC	; 204
    126c:	0e 94 4e 1f 	call	0x3e9c	; 0x3e9c <__umulhisi3>
    1270:	96 95       	lsr	r25
    1272:	87 95       	ror	r24
    1274:	96 95       	lsr	r25
    1276:	87 95       	ror	r24
    1278:	96 95       	lsr	r25
    127a:	87 95       	ror	r24
    127c:	88 0f       	add	r24, r24
    127e:	99 1f       	adc	r25, r25
    1280:	9c 01       	movw	r18, r24
    1282:	22 0f       	add	r18, r18
    1284:	33 1f       	adc	r19, r19
    1286:	22 0f       	add	r18, r18
    1288:	33 1f       	adc	r19, r19
    128a:	82 0f       	add	r24, r18
    128c:	93 1f       	adc	r25, r19
    128e:	9a 01       	movw	r18, r20
    1290:	28 1b       	sub	r18, r24
    1292:	39 0b       	sbc	r19, r25
    1294:	c9 01       	movw	r24, r18
    1296:	28 2f       	mov	r18, r24
    1298:	89 81       	ldd	r24, Y+1	; 0x01
    129a:	9a 81       	ldd	r25, Y+2	; 0x02
    129c:	42 2f       	mov	r20, r18
    129e:	6a e0       	ldi	r22, 0x0A	; 10
    12a0:	66 d0       	rcall	.+204    	; 0x136e <display_large_number>
    12a2:	8b 81       	ldd	r24, Y+3	; 0x03
    12a4:	9c 81       	ldd	r25, Y+4	; 0x04
	number = number/10;
    12a6:	9c 01       	movw	r18, r24
    12a8:	ad ec       	ldi	r26, 0xCD	; 205
    12aa:	bc ec       	ldi	r27, 0xCC	; 204
    12ac:	0e 94 4e 1f 	call	0x3e9c	; 0x3e9c <__umulhisi3>
    12b0:	96 95       	lsr	r25
    12b2:	87 95       	ror	r24
    12b4:	96 95       	lsr	r25
    12b6:	87 95       	ror	r24
    12b8:	96 95       	lsr	r25
    12ba:	87 95       	ror	r24
    12bc:	9c 83       	std	Y+4, r25	; 0x04
    12be:	8b 83       	std	Y+3, r24	; 0x03
    12c0:	4b 81       	ldd	r20, Y+3	; 0x03
    12c2:	5c 81       	ldd	r21, Y+4	; 0x04
	display_large_number(display, 4, number%10);
    12c4:	9a 01       	movw	r18, r20
    12c6:	ad ec       	ldi	r26, 0xCD	; 205
    12c8:	bc ec       	ldi	r27, 0xCC	; 204
    12ca:	0e 94 4e 1f 	call	0x3e9c	; 0x3e9c <__umulhisi3>
    12ce:	96 95       	lsr	r25
    12d0:	87 95       	ror	r24
    12d2:	96 95       	lsr	r25
    12d4:	87 95       	ror	r24
    12d6:	96 95       	lsr	r25
    12d8:	87 95       	ror	r24
    12da:	88 0f       	add	r24, r24
    12dc:	99 1f       	adc	r25, r25
    12de:	9c 01       	movw	r18, r24
    12e0:	22 0f       	add	r18, r18
    12e2:	33 1f       	adc	r19, r19
    12e4:	22 0f       	add	r18, r18
    12e6:	33 1f       	adc	r19, r19
    12e8:	82 0f       	add	r24, r18
    12ea:	93 1f       	adc	r25, r19
    12ec:	9a 01       	movw	r18, r20
    12ee:	28 1b       	sub	r18, r24
    12f0:	39 0b       	sbc	r19, r25
    12f2:	c9 01       	movw	r24, r18
    12f4:	28 2f       	mov	r18, r24
    12f6:	89 81       	ldd	r24, Y+1	; 0x01
    12f8:	9a 81       	ldd	r25, Y+2	; 0x02
    12fa:	42 2f       	mov	r20, r18
    12fc:	64 e0       	ldi	r22, 0x04	; 4
    12fe:	37 d0       	rcall	.+110    	; 0x136e <display_large_number>
    1300:	8b 81       	ldd	r24, Y+3	; 0x03
    1302:	9c 81       	ldd	r25, Y+4	; 0x04
	number = number/10;
    1304:	9c 01       	movw	r18, r24
    1306:	ad ec       	ldi	r26, 0xCD	; 205
    1308:	bc ec       	ldi	r27, 0xCC	; 204
    130a:	0e 94 4e 1f 	call	0x3e9c	; 0x3e9c <__umulhisi3>
    130e:	96 95       	lsr	r25
    1310:	87 95       	ror	r24
    1312:	96 95       	lsr	r25
    1314:	87 95       	ror	r24
    1316:	96 95       	lsr	r25
    1318:	87 95       	ror	r24
    131a:	9c 83       	std	Y+4, r25	; 0x04
    131c:	8b 83       	std	Y+3, r24	; 0x03
    131e:	4b 81       	ldd	r20, Y+3	; 0x03
	display_large_number(display, 0, number%10);
    1320:	5c 81       	ldd	r21, Y+4	; 0x04
    1322:	9a 01       	movw	r18, r20
    1324:	ad ec       	ldi	r26, 0xCD	; 205
    1326:	bc ec       	ldi	r27, 0xCC	; 204
    1328:	0e 94 4e 1f 	call	0x3e9c	; 0x3e9c <__umulhisi3>
    132c:	96 95       	lsr	r25
    132e:	87 95       	ror	r24
    1330:	96 95       	lsr	r25
    1332:	87 95       	ror	r24
    1334:	96 95       	lsr	r25
    1336:	87 95       	ror	r24
    1338:	88 0f       	add	r24, r24
    133a:	99 1f       	adc	r25, r25
    133c:	9c 01       	movw	r18, r24
    133e:	22 0f       	add	r18, r18
    1340:	33 1f       	adc	r19, r19
    1342:	22 0f       	add	r18, r18
    1344:	33 1f       	adc	r19, r19
    1346:	82 0f       	add	r24, r18
    1348:	93 1f       	adc	r25, r19
    134a:	9a 01       	movw	r18, r20
    134c:	28 1b       	sub	r18, r24
    134e:	39 0b       	sbc	r19, r25
    1350:	c9 01       	movw	r24, r18
    1352:	28 2f       	mov	r18, r24
    1354:	89 81       	ldd	r24, Y+1	; 0x01
    1356:	9a 81       	ldd	r25, Y+2	; 0x02
    1358:	42 2f       	mov	r20, r18
    135a:	60 e0       	ldi	r22, 0x00	; 0
    135c:	08 d0       	rcall	.+16     	; 0x136e <display_large_number>
    135e:	00 00       	nop
    1360:	0f 90       	pop	r0
}
    1362:	0f 90       	pop	r0
    1364:	0f 90       	pop	r0
    1366:	0f 90       	pop	r0
    1368:	df 91       	pop	r29
    136a:	cf 91       	pop	r28
    136c:	08 95       	ret

0000136e <display_large_number>:
    136e:	cf 93       	push	r28
    1370:	df 93       	push	r29



	

void display_large_number(struct DISPLAY_PAGE *display, uint8_t offset, uint8_t number){
    1372:	00 d0       	rcall	.+0      	; 0x1374 <display_large_number+0x6>
    1374:	00 d0       	rcall	.+0      	; 0x1376 <display_large_number+0x8>
    1376:	cd b7       	in	r28, 0x3d	; 61
    1378:	de b7       	in	r29, 0x3e	; 62
    137a:	9a 83       	std	Y+2, r25	; 0x02
    137c:	89 83       	std	Y+1, r24	; 0x01
    137e:	6b 83       	std	Y+3, r22	; 0x03
    1380:	4c 83       	std	Y+4, r20	; 0x04
    1382:	8c 81       	ldd	r24, Y+4	; 0x04

	switch (number){
    1384:	88 2f       	mov	r24, r24
    1386:	90 e0       	ldi	r25, 0x00	; 0
    1388:	09 2e       	mov	r0, r25
    138a:	00 0c       	add	r0, r0
    138c:	aa 0b       	sbc	r26, r26
    138e:	bb 0b       	sbc	r27, r27
    1390:	40 e0       	ldi	r20, 0x00	; 0
    1392:	50 e0       	ldi	r21, 0x00	; 0
    1394:	2d e0       	ldi	r18, 0x0D	; 13
    1396:	30 e0       	ldi	r19, 0x00	; 0
    1398:	84 1b       	sub	r24, r20
    139a:	95 0b       	sbc	r25, r21
    139c:	28 17       	cp	r18, r24
    139e:	39 07       	cpc	r19, r25
    13a0:	08 f4       	brcc	.+2      	; 0x13a4 <display_large_number+0x36>
    13a2:	9b c1       	rjmp	.+822    	; 0x16da <display_large_number+0x36c>
    13a4:	86 5b       	subi	r24, 0xB6	; 182
    13a6:	9f 4f       	sbci	r25, 0xFF	; 255
    13a8:	fc 01       	movw	r30, r24
		case 0:
			display_write_str(display, "\xff\xff\xff",0,offset);
    13aa:	0c 94 45 1f 	jmp	0x3e8a	; 0x3e8a <__tablejump2__>
    13ae:	89 81       	ldd	r24, Y+1	; 0x01
    13b0:	9a 81       	ldd	r25, Y+2	; 0x02
    13b2:	2b 81       	ldd	r18, Y+3	; 0x03
    13b4:	40 e0       	ldi	r20, 0x00	; 0
    13b6:	64 e1       	ldi	r22, 0x14	; 20
			display_write_str(display, "\xff \xff",1,offset);
    13b8:	71 e0       	ldi	r23, 0x01	; 1
    13ba:	17 de       	rcall	.-978    	; 0xfea <display_write_str>
    13bc:	89 81       	ldd	r24, Y+1	; 0x01
    13be:	9a 81       	ldd	r25, Y+2	; 0x02
    13c0:	2b 81       	ldd	r18, Y+3	; 0x03
    13c2:	41 e0       	ldi	r20, 0x01	; 1
    13c4:	68 e1       	ldi	r22, 0x18	; 24
			display_write_str(display, "\xff \xff",2,offset);
    13c6:	71 e0       	ldi	r23, 0x01	; 1
    13c8:	10 de       	rcall	.-992    	; 0xfea <display_write_str>
    13ca:	89 81       	ldd	r24, Y+1	; 0x01
    13cc:	9a 81       	ldd	r25, Y+2	; 0x02
    13ce:	2b 81       	ldd	r18, Y+3	; 0x03
    13d0:	42 e0       	ldi	r20, 0x02	; 2
    13d2:	68 e1       	ldi	r22, 0x18	; 24
			display_write_str(display, "\xff\xff\xff",3,offset);
    13d4:	71 e0       	ldi	r23, 0x01	; 1
    13d6:	09 de       	rcall	.-1006   	; 0xfea <display_write_str>
    13d8:	89 81       	ldd	r24, Y+1	; 0x01
    13da:	9a 81       	ldd	r25, Y+2	; 0x02
    13dc:	2b 81       	ldd	r18, Y+3	; 0x03
    13de:	43 e0       	ldi	r20, 0x03	; 3
    13e0:	64 e1       	ldi	r22, 0x14	; 20
			break;
    13e2:	71 e0       	ldi	r23, 0x01	; 1
		case 1:
			display_write_str(display, " \xff\xff",0,offset);
    13e4:	02 de       	rcall	.-1020   	; 0xfea <display_write_str>
    13e6:	96 c1       	rjmp	.+812    	; 0x1714 <display_large_number+0x3a6>
    13e8:	89 81       	ldd	r24, Y+1	; 0x01
    13ea:	9a 81       	ldd	r25, Y+2	; 0x02
    13ec:	2b 81       	ldd	r18, Y+3	; 0x03
    13ee:	40 e0       	ldi	r20, 0x00	; 0
    13f0:	6c e1       	ldi	r22, 0x1C	; 28
			display_write_str(display, "  \xff",1,offset);
    13f2:	71 e0       	ldi	r23, 0x01	; 1
    13f4:	fa dd       	rcall	.-1036   	; 0xfea <display_write_str>
    13f6:	89 81       	ldd	r24, Y+1	; 0x01
    13f8:	9a 81       	ldd	r25, Y+2	; 0x02
    13fa:	2b 81       	ldd	r18, Y+3	; 0x03
    13fc:	41 e0       	ldi	r20, 0x01	; 1
    13fe:	60 e2       	ldi	r22, 0x20	; 32
			display_write_str(display, "  \xff",2,offset);
    1400:	71 e0       	ldi	r23, 0x01	; 1
    1402:	f3 dd       	rcall	.-1050   	; 0xfea <display_write_str>
    1404:	89 81       	ldd	r24, Y+1	; 0x01
    1406:	9a 81       	ldd	r25, Y+2	; 0x02
    1408:	2b 81       	ldd	r18, Y+3	; 0x03
    140a:	42 e0       	ldi	r20, 0x02	; 2
    140c:	60 e2       	ldi	r22, 0x20	; 32
			display_write_str(display, "  \xff",3,offset);
    140e:	71 e0       	ldi	r23, 0x01	; 1
    1410:	ec dd       	rcall	.-1064   	; 0xfea <display_write_str>
    1412:	89 81       	ldd	r24, Y+1	; 0x01
    1414:	9a 81       	ldd	r25, Y+2	; 0x02
    1416:	2b 81       	ldd	r18, Y+3	; 0x03
    1418:	43 e0       	ldi	r20, 0x03	; 3
    141a:	60 e2       	ldi	r22, 0x20	; 32
			break;
    141c:	71 e0       	ldi	r23, 0x01	; 1
		case 2:
			display_write_str(display, "\xff\xff\xff",0,offset);
    141e:	e5 dd       	rcall	.-1078   	; 0xfea <display_write_str>
    1420:	79 c1       	rjmp	.+754    	; 0x1714 <display_large_number+0x3a6>
    1422:	89 81       	ldd	r24, Y+1	; 0x01
    1424:	9a 81       	ldd	r25, Y+2	; 0x02
    1426:	2b 81       	ldd	r18, Y+3	; 0x03
    1428:	40 e0       	ldi	r20, 0x00	; 0
    142a:	64 e1       	ldi	r22, 0x14	; 20
			display_write_str(display, "\x07\x07\xff",1,offset);
    142c:	71 e0       	ldi	r23, 0x01	; 1
    142e:	dd dd       	rcall	.-1094   	; 0xfea <display_write_str>
    1430:	89 81       	ldd	r24, Y+1	; 0x01
    1432:	9a 81       	ldd	r25, Y+2	; 0x02
    1434:	2b 81       	ldd	r18, Y+3	; 0x03
    1436:	41 e0       	ldi	r20, 0x01	; 1
    1438:	64 e2       	ldi	r22, 0x24	; 36
			display_write_str(display, "\xff\x01\x01",2,offset);
    143a:	71 e0       	ldi	r23, 0x01	; 1
    143c:	d6 dd       	rcall	.-1108   	; 0xfea <display_write_str>
    143e:	89 81       	ldd	r24, Y+1	; 0x01
    1440:	9a 81       	ldd	r25, Y+2	; 0x02
    1442:	2b 81       	ldd	r18, Y+3	; 0x03
    1444:	42 e0       	ldi	r20, 0x02	; 2
    1446:	68 e2       	ldi	r22, 0x28	; 40
			display_write_str(display, "\xff\xff\xff",3,offset);
    1448:	71 e0       	ldi	r23, 0x01	; 1
    144a:	cf dd       	rcall	.-1122   	; 0xfea <display_write_str>
    144c:	89 81       	ldd	r24, Y+1	; 0x01
    144e:	9a 81       	ldd	r25, Y+2	; 0x02
    1450:	2b 81       	ldd	r18, Y+3	; 0x03
    1452:	43 e0       	ldi	r20, 0x03	; 3
    1454:	64 e1       	ldi	r22, 0x14	; 20
			break;
    1456:	71 e0       	ldi	r23, 0x01	; 1
		case 3:
			display_write_str(display, "\xff\xff\xff",0,offset);
    1458:	c8 dd       	rcall	.-1136   	; 0xfea <display_write_str>
    145a:	5c c1       	rjmp	.+696    	; 0x1714 <display_large_number+0x3a6>
    145c:	89 81       	ldd	r24, Y+1	; 0x01
    145e:	9a 81       	ldd	r25, Y+2	; 0x02
    1460:	2b 81       	ldd	r18, Y+3	; 0x03
    1462:	40 e0       	ldi	r20, 0x00	; 0
    1464:	64 e1       	ldi	r22, 0x14	; 20
			display_write_str(display, "\x07\x07\xff",1,offset);
    1466:	71 e0       	ldi	r23, 0x01	; 1
    1468:	c0 dd       	rcall	.-1152   	; 0xfea <display_write_str>
    146a:	89 81       	ldd	r24, Y+1	; 0x01
    146c:	9a 81       	ldd	r25, Y+2	; 0x02
    146e:	2b 81       	ldd	r18, Y+3	; 0x03
    1470:	41 e0       	ldi	r20, 0x01	; 1
    1472:	64 e2       	ldi	r22, 0x24	; 36
			display_write_str(display, "\x01\x01\xff",2,offset);
    1474:	71 e0       	ldi	r23, 0x01	; 1
    1476:	b9 dd       	rcall	.-1166   	; 0xfea <display_write_str>
    1478:	89 81       	ldd	r24, Y+1	; 0x01
    147a:	9a 81       	ldd	r25, Y+2	; 0x02
    147c:	2b 81       	ldd	r18, Y+3	; 0x03
    147e:	42 e0       	ldi	r20, 0x02	; 2
    1480:	6c e2       	ldi	r22, 0x2C	; 44
			display_write_str(display, "\xff\xff\xff",3,offset);
    1482:	71 e0       	ldi	r23, 0x01	; 1
    1484:	b2 dd       	rcall	.-1180   	; 0xfea <display_write_str>
    1486:	89 81       	ldd	r24, Y+1	; 0x01
    1488:	9a 81       	ldd	r25, Y+2	; 0x02
    148a:	2b 81       	ldd	r18, Y+3	; 0x03
    148c:	43 e0       	ldi	r20, 0x03	; 3
    148e:	64 e1       	ldi	r22, 0x14	; 20
			break;
    1490:	71 e0       	ldi	r23, 0x01	; 1
		case 4:
			display_write_str(display, "\x03  ",0,offset);
    1492:	ab dd       	rcall	.-1194   	; 0xfea <display_write_str>
    1494:	3f c1       	rjmp	.+638    	; 0x1714 <display_large_number+0x3a6>
    1496:	89 81       	ldd	r24, Y+1	; 0x01
    1498:	9a 81       	ldd	r25, Y+2	; 0x02
    149a:	2b 81       	ldd	r18, Y+3	; 0x03
    149c:	40 e0       	ldi	r20, 0x00	; 0
    149e:	60 e3       	ldi	r22, 0x30	; 48
			display_write_str(display, "\x03\x02 ",1,offset);
    14a0:	71 e0       	ldi	r23, 0x01	; 1
    14a2:	a3 dd       	rcall	.-1210   	; 0xfea <display_write_str>
    14a4:	89 81       	ldd	r24, Y+1	; 0x01
    14a6:	9a 81       	ldd	r25, Y+2	; 0x02
    14a8:	2b 81       	ldd	r18, Y+3	; 0x03
    14aa:	41 e0       	ldi	r20, 0x01	; 1
    14ac:	64 e3       	ldi	r22, 0x34	; 52
			display_write_str(display, "\x04\x05\x04",2,offset);
    14ae:	71 e0       	ldi	r23, 0x01	; 1
    14b0:	9c dd       	rcall	.-1224   	; 0xfea <display_write_str>
    14b2:	89 81       	ldd	r24, Y+1	; 0x01
    14b4:	9a 81       	ldd	r25, Y+2	; 0x02
    14b6:	2b 81       	ldd	r18, Y+3	; 0x03
    14b8:	42 e0       	ldi	r20, 0x02	; 2
    14ba:	68 e3       	ldi	r22, 0x38	; 56
			display_write_str(display, " \x02 ",3,offset);
    14bc:	71 e0       	ldi	r23, 0x01	; 1
    14be:	95 dd       	rcall	.-1238   	; 0xfea <display_write_str>
    14c0:	89 81       	ldd	r24, Y+1	; 0x01
    14c2:	9a 81       	ldd	r25, Y+2	; 0x02
    14c4:	2b 81       	ldd	r18, Y+3	; 0x03
    14c6:	43 e0       	ldi	r20, 0x03	; 3
    14c8:	6c e3       	ldi	r22, 0x3C	; 60
			break;
    14ca:	71 e0       	ldi	r23, 0x01	; 1
		case 5:
			display_write_str(display, "\xff\xff\xff",0,offset);
    14cc:	8e dd       	rcall	.-1252   	; 0xfea <display_write_str>
    14ce:	22 c1       	rjmp	.+580    	; 0x1714 <display_large_number+0x3a6>
    14d0:	89 81       	ldd	r24, Y+1	; 0x01
    14d2:	9a 81       	ldd	r25, Y+2	; 0x02
    14d4:	2b 81       	ldd	r18, Y+3	; 0x03
    14d6:	40 e0       	ldi	r20, 0x00	; 0
    14d8:	64 e1       	ldi	r22, 0x14	; 20
			display_write_str(display, "\xff\x07\x07",1,offset);
    14da:	71 e0       	ldi	r23, 0x01	; 1
    14dc:	86 dd       	rcall	.-1268   	; 0xfea <display_write_str>
    14de:	89 81       	ldd	r24, Y+1	; 0x01
    14e0:	9a 81       	ldd	r25, Y+2	; 0x02
    14e2:	2b 81       	ldd	r18, Y+3	; 0x03
    14e4:	41 e0       	ldi	r20, 0x01	; 1
    14e6:	60 e4       	ldi	r22, 0x40	; 64
			display_write_str(display, "\x01\x01\xff",2,offset);
    14e8:	71 e0       	ldi	r23, 0x01	; 1
    14ea:	7f dd       	rcall	.-1282   	; 0xfea <display_write_str>
    14ec:	89 81       	ldd	r24, Y+1	; 0x01
    14ee:	9a 81       	ldd	r25, Y+2	; 0x02
    14f0:	2b 81       	ldd	r18, Y+3	; 0x03
    14f2:	42 e0       	ldi	r20, 0x02	; 2
    14f4:	6c e2       	ldi	r22, 0x2C	; 44
			display_write_str(display, "\xff\xff\xff",3,offset);
    14f6:	71 e0       	ldi	r23, 0x01	; 1
    14f8:	78 dd       	rcall	.-1296   	; 0xfea <display_write_str>
    14fa:	89 81       	ldd	r24, Y+1	; 0x01
    14fc:	9a 81       	ldd	r25, Y+2	; 0x02
    14fe:	2b 81       	ldd	r18, Y+3	; 0x03
    1500:	43 e0       	ldi	r20, 0x03	; 3
    1502:	64 e1       	ldi	r22, 0x14	; 20
			break;
		case 6:
			display_write_str(display, "\xff\xff\xff",0,offset);
    1504:	71 e0       	ldi	r23, 0x01	; 1
    1506:	71 dd       	rcall	.-1310   	; 0xfea <display_write_str>
    1508:	05 c1       	rjmp	.+522    	; 0x1714 <display_large_number+0x3a6>
    150a:	89 81       	ldd	r24, Y+1	; 0x01
    150c:	9a 81       	ldd	r25, Y+2	; 0x02
    150e:	2b 81       	ldd	r18, Y+3	; 0x03
    1510:	40 e0       	ldi	r20, 0x00	; 0
			display_write_str(display, "\xff\x07\x07",1,offset);
    1512:	64 e1       	ldi	r22, 0x14	; 20
    1514:	71 e0       	ldi	r23, 0x01	; 1
    1516:	69 dd       	rcall	.-1326   	; 0xfea <display_write_str>
    1518:	89 81       	ldd	r24, Y+1	; 0x01
    151a:	9a 81       	ldd	r25, Y+2	; 0x02
    151c:	2b 81       	ldd	r18, Y+3	; 0x03
    151e:	41 e0       	ldi	r20, 0x01	; 1
			display_write_str(display, "\xff\x01\xff",2,offset);
    1520:	60 e4       	ldi	r22, 0x40	; 64
    1522:	71 e0       	ldi	r23, 0x01	; 1
    1524:	62 dd       	rcall	.-1340   	; 0xfea <display_write_str>
    1526:	89 81       	ldd	r24, Y+1	; 0x01
    1528:	9a 81       	ldd	r25, Y+2	; 0x02
    152a:	2b 81       	ldd	r18, Y+3	; 0x03
    152c:	42 e0       	ldi	r20, 0x02	; 2
			display_write_str(display, "\xff\xff\xff",3,offset);
    152e:	64 e4       	ldi	r22, 0x44	; 68
    1530:	71 e0       	ldi	r23, 0x01	; 1
    1532:	5b dd       	rcall	.-1354   	; 0xfea <display_write_str>
    1534:	89 81       	ldd	r24, Y+1	; 0x01
    1536:	9a 81       	ldd	r25, Y+2	; 0x02
    1538:	2b 81       	ldd	r18, Y+3	; 0x03
    153a:	43 e0       	ldi	r20, 0x03	; 3
			break;
    153c:	64 e1       	ldi	r22, 0x14	; 20
		case 7:
			display_write_str(display, "\xff\xff\xff",0,offset);
    153e:	71 e0       	ldi	r23, 0x01	; 1
    1540:	54 dd       	rcall	.-1368   	; 0xfea <display_write_str>
    1542:	e8 c0       	rjmp	.+464    	; 0x1714 <display_large_number+0x3a6>
    1544:	89 81       	ldd	r24, Y+1	; 0x01
    1546:	9a 81       	ldd	r25, Y+2	; 0x02
    1548:	2b 81       	ldd	r18, Y+3	; 0x03
    154a:	40 e0       	ldi	r20, 0x00	; 0
			display_write_str(display, "  \xff",1,offset);
    154c:	64 e1       	ldi	r22, 0x14	; 20
    154e:	71 e0       	ldi	r23, 0x01	; 1
    1550:	4c dd       	rcall	.-1384   	; 0xfea <display_write_str>
    1552:	89 81       	ldd	r24, Y+1	; 0x01
    1554:	9a 81       	ldd	r25, Y+2	; 0x02
    1556:	2b 81       	ldd	r18, Y+3	; 0x03
    1558:	41 e0       	ldi	r20, 0x01	; 1
			display_write_str(display, " \xff ",2,offset);
    155a:	60 e2       	ldi	r22, 0x20	; 32
    155c:	71 e0       	ldi	r23, 0x01	; 1
    155e:	45 dd       	rcall	.-1398   	; 0xfea <display_write_str>
    1560:	89 81       	ldd	r24, Y+1	; 0x01
    1562:	9a 81       	ldd	r25, Y+2	; 0x02
    1564:	2b 81       	ldd	r18, Y+3	; 0x03
    1566:	42 e0       	ldi	r20, 0x02	; 2
			display_write_str(display, " \xff ",3,offset);
    1568:	68 e4       	ldi	r22, 0x48	; 72
    156a:	71 e0       	ldi	r23, 0x01	; 1
    156c:	3e dd       	rcall	.-1412   	; 0xfea <display_write_str>
    156e:	89 81       	ldd	r24, Y+1	; 0x01
    1570:	9a 81       	ldd	r25, Y+2	; 0x02
    1572:	2b 81       	ldd	r18, Y+3	; 0x03
    1574:	43 e0       	ldi	r20, 0x03	; 3
			break;
		case 8:
			display_write_str(display, "\xff\xff\xff",0,offset);
    1576:	68 e4       	ldi	r22, 0x48	; 72
    1578:	71 e0       	ldi	r23, 0x01	; 1
    157a:	37 dd       	rcall	.-1426   	; 0xfea <display_write_str>
    157c:	cb c0       	rjmp	.+406    	; 0x1714 <display_large_number+0x3a6>
    157e:	89 81       	ldd	r24, Y+1	; 0x01
    1580:	9a 81       	ldd	r25, Y+2	; 0x02
    1582:	2b 81       	ldd	r18, Y+3	; 0x03
			display_write_str(display, "\xff\x07\xff",1,offset);
    1584:	40 e0       	ldi	r20, 0x00	; 0
    1586:	64 e1       	ldi	r22, 0x14	; 20
    1588:	71 e0       	ldi	r23, 0x01	; 1
    158a:	2f dd       	rcall	.-1442   	; 0xfea <display_write_str>
    158c:	89 81       	ldd	r24, Y+1	; 0x01
    158e:	9a 81       	ldd	r25, Y+2	; 0x02
    1590:	2b 81       	ldd	r18, Y+3	; 0x03
			display_write_str(display, "\xff\x01\xff",2,offset);
    1592:	41 e0       	ldi	r20, 0x01	; 1
    1594:	6c e4       	ldi	r22, 0x4C	; 76
    1596:	71 e0       	ldi	r23, 0x01	; 1
    1598:	28 dd       	rcall	.-1456   	; 0xfea <display_write_str>
    159a:	89 81       	ldd	r24, Y+1	; 0x01
    159c:	9a 81       	ldd	r25, Y+2	; 0x02
    159e:	2b 81       	ldd	r18, Y+3	; 0x03
			display_write_str(display, "\xff\x07\xff",3,offset);
    15a0:	42 e0       	ldi	r20, 0x02	; 2
    15a2:	64 e4       	ldi	r22, 0x44	; 68
    15a4:	71 e0       	ldi	r23, 0x01	; 1
    15a6:	21 dd       	rcall	.-1470   	; 0xfea <display_write_str>
    15a8:	89 81       	ldd	r24, Y+1	; 0x01
    15aa:	9a 81       	ldd	r25, Y+2	; 0x02
    15ac:	2b 81       	ldd	r18, Y+3	; 0x03
			break;
    15ae:	43 e0       	ldi	r20, 0x03	; 3
		
		case 9:
			display_write_str(display, "\xff\xff\xff",0,offset);
    15b0:	6c e4       	ldi	r22, 0x4C	; 76
    15b2:	71 e0       	ldi	r23, 0x01	; 1
    15b4:	1a dd       	rcall	.-1484   	; 0xfea <display_write_str>
    15b6:	ae c0       	rjmp	.+348    	; 0x1714 <display_large_number+0x3a6>
    15b8:	89 81       	ldd	r24, Y+1	; 0x01
    15ba:	9a 81       	ldd	r25, Y+2	; 0x02
    15bc:	2b 81       	ldd	r18, Y+3	; 0x03
			display_write_str(display, "\xff\x07\xff",1,offset);
    15be:	40 e0       	ldi	r20, 0x00	; 0
    15c0:	64 e1       	ldi	r22, 0x14	; 20
    15c2:	71 e0       	ldi	r23, 0x01	; 1
    15c4:	12 dd       	rcall	.-1500   	; 0xfea <display_write_str>
    15c6:	89 81       	ldd	r24, Y+1	; 0x01
    15c8:	9a 81       	ldd	r25, Y+2	; 0x02
    15ca:	2b 81       	ldd	r18, Y+3	; 0x03
			display_write_str(display, "\x01\x01\xff",2,offset);
    15cc:	41 e0       	ldi	r20, 0x01	; 1
    15ce:	6c e4       	ldi	r22, 0x4C	; 76
    15d0:	71 e0       	ldi	r23, 0x01	; 1
    15d2:	0b dd       	rcall	.-1514   	; 0xfea <display_write_str>
    15d4:	89 81       	ldd	r24, Y+1	; 0x01
    15d6:	9a 81       	ldd	r25, Y+2	; 0x02
    15d8:	2b 81       	ldd	r18, Y+3	; 0x03
			display_write_str(display, "  \xff",3,offset);
    15da:	42 e0       	ldi	r20, 0x02	; 2
    15dc:	6c e2       	ldi	r22, 0x2C	; 44
    15de:	71 e0       	ldi	r23, 0x01	; 1
    15e0:	04 dd       	rcall	.-1528   	; 0xfea <display_write_str>
    15e2:	89 81       	ldd	r24, Y+1	; 0x01
    15e4:	9a 81       	ldd	r25, Y+2	; 0x02
    15e6:	2b 81       	ldd	r18, Y+3	; 0x03
			break;
    15e8:	43 e0       	ldi	r20, 0x03	; 3
		// 10 is completly empty
		case 10:
			display_write_str(display, "   ",0,offset);
    15ea:	60 e2       	ldi	r22, 0x20	; 32
    15ec:	71 e0       	ldi	r23, 0x01	; 1
    15ee:	fd dc       	rcall	.-1542   	; 0xfea <display_write_str>
    15f0:	91 c0       	rjmp	.+290    	; 0x1714 <display_large_number+0x3a6>
    15f2:	89 81       	ldd	r24, Y+1	; 0x01
    15f4:	9a 81       	ldd	r25, Y+2	; 0x02
    15f6:	2b 81       	ldd	r18, Y+3	; 0x03
			display_write_str(display, "   ",1,offset);
    15f8:	40 e0       	ldi	r20, 0x00	; 0
    15fa:	60 e5       	ldi	r22, 0x50	; 80
    15fc:	71 e0       	ldi	r23, 0x01	; 1
    15fe:	f5 dc       	rcall	.-1558   	; 0xfea <display_write_str>
    1600:	89 81       	ldd	r24, Y+1	; 0x01
    1602:	9a 81       	ldd	r25, Y+2	; 0x02
    1604:	2b 81       	ldd	r18, Y+3	; 0x03
			display_write_str(display, "   ",2,offset);
    1606:	41 e0       	ldi	r20, 0x01	; 1
    1608:	60 e5       	ldi	r22, 0x50	; 80
    160a:	71 e0       	ldi	r23, 0x01	; 1
    160c:	ee dc       	rcall	.-1572   	; 0xfea <display_write_str>
    160e:	89 81       	ldd	r24, Y+1	; 0x01
    1610:	9a 81       	ldd	r25, Y+2	; 0x02
    1612:	2b 81       	ldd	r18, Y+3	; 0x03
			display_write_str(display, "   ",3,offset);
    1614:	42 e0       	ldi	r20, 0x02	; 2
    1616:	60 e5       	ldi	r22, 0x50	; 80
    1618:	71 e0       	ldi	r23, 0x01	; 1
    161a:	e7 dc       	rcall	.-1586   	; 0xfea <display_write_str>
    161c:	89 81       	ldd	r24, Y+1	; 0x01
    161e:	9a 81       	ldd	r25, Y+2	; 0x02
    1620:	2b 81       	ldd	r18, Y+3	; 0x03
			break;
    1622:	43 e0       	ldi	r20, 0x03	; 3
		
		//we misuse the 11 as V
		case 11:
			display_write_str(display, "\xff \xff",0,offset);
    1624:	60 e5       	ldi	r22, 0x50	; 80
    1626:	71 e0       	ldi	r23, 0x01	; 1
    1628:	e0 dc       	rcall	.-1600   	; 0xfea <display_write_str>
    162a:	74 c0       	rjmp	.+232    	; 0x1714 <display_large_number+0x3a6>
    162c:	89 81       	ldd	r24, Y+1	; 0x01
    162e:	9a 81       	ldd	r25, Y+2	; 0x02
    1630:	2b 81       	ldd	r18, Y+3	; 0x03
			display_write_str(display, "\xff \xff",1,offset);
    1632:	40 e0       	ldi	r20, 0x00	; 0
    1634:	68 e1       	ldi	r22, 0x18	; 24
    1636:	71 e0       	ldi	r23, 0x01	; 1
    1638:	d8 dc       	rcall	.-1616   	; 0xfea <display_write_str>
    163a:	89 81       	ldd	r24, Y+1	; 0x01
    163c:	9a 81       	ldd	r25, Y+2	; 0x02
    163e:	2b 81       	ldd	r18, Y+3	; 0x03
			display_write_str(display, "\x02\x07\x03",2,offset);
    1640:	41 e0       	ldi	r20, 0x01	; 1
    1642:	68 e1       	ldi	r22, 0x18	; 24
    1644:	71 e0       	ldi	r23, 0x01	; 1
    1646:	d1 dc       	rcall	.-1630   	; 0xfea <display_write_str>
    1648:	89 81       	ldd	r24, Y+1	; 0x01
    164a:	9a 81       	ldd	r25, Y+2	; 0x02
    164c:	2b 81       	ldd	r18, Y+3	; 0x03
			display_write_str(display, " \xff ",3,offset);
    164e:	42 e0       	ldi	r20, 0x02	; 2
    1650:	64 e5       	ldi	r22, 0x54	; 84
    1652:	71 e0       	ldi	r23, 0x01	; 1
    1654:	ca dc       	rcall	.-1644   	; 0xfea <display_write_str>
    1656:	89 81       	ldd	r24, Y+1	; 0x01
    1658:	9a 81       	ldd	r25, Y+2	; 0x02
    165a:	2b 81       	ldd	r18, Y+3	; 0x03
			break;
    165c:	43 e0       	ldi	r20, 0x03	; 3
		//we misuse the 12 as U
		case 12:
			display_write_str(display, "\xff \xff",0,offset);
    165e:	68 e4       	ldi	r22, 0x48	; 72
    1660:	71 e0       	ldi	r23, 0x01	; 1
    1662:	c3 dc       	rcall	.-1658   	; 0xfea <display_write_str>
    1664:	57 c0       	rjmp	.+174    	; 0x1714 <display_large_number+0x3a6>
    1666:	89 81       	ldd	r24, Y+1	; 0x01
    1668:	9a 81       	ldd	r25, Y+2	; 0x02
    166a:	2b 81       	ldd	r18, Y+3	; 0x03
			display_write_str(display, "\xff \xff",1,offset);
    166c:	40 e0       	ldi	r20, 0x00	; 0
    166e:	68 e1       	ldi	r22, 0x18	; 24
    1670:	71 e0       	ldi	r23, 0x01	; 1
    1672:	bb dc       	rcall	.-1674   	; 0xfea <display_write_str>
    1674:	89 81       	ldd	r24, Y+1	; 0x01
    1676:	9a 81       	ldd	r25, Y+2	; 0x02
    1678:	2b 81       	ldd	r18, Y+3	; 0x03
    167a:	41 e0       	ldi	r20, 0x01	; 1
			display_write_str(display, "\xff \xff",2,offset);
    167c:	68 e1       	ldi	r22, 0x18	; 24
    167e:	71 e0       	ldi	r23, 0x01	; 1
    1680:	b4 dc       	rcall	.-1688   	; 0xfea <display_write_str>
    1682:	89 81       	ldd	r24, Y+1	; 0x01
    1684:	9a 81       	ldd	r25, Y+2	; 0x02
    1686:	2b 81       	ldd	r18, Y+3	; 0x03
    1688:	42 e0       	ldi	r20, 0x02	; 2
    168a:	68 e1       	ldi	r22, 0x18	; 24
			display_write_str(display, "\xff\xff\xff",3,offset);
    168c:	71 e0       	ldi	r23, 0x01	; 1
    168e:	ad dc       	rcall	.-1702   	; 0xfea <display_write_str>
    1690:	89 81       	ldd	r24, Y+1	; 0x01
    1692:	9a 81       	ldd	r25, Y+2	; 0x02
    1694:	2b 81       	ldd	r18, Y+3	; 0x03
    1696:	43 e0       	ldi	r20, 0x03	; 3
    1698:	64 e1       	ldi	r22, 0x14	; 20
    169a:	71 e0       	ldi	r23, 0x01	; 1
			break;
    169c:	a6 dc       	rcall	.-1716   	; 0xfea <display_write_str>
			//we misuse the 13 as C
		case 13:
			display_write_str(display, "\xff\xff\xff",0,offset);
    169e:	3a c0       	rjmp	.+116    	; 0x1714 <display_large_number+0x3a6>
    16a0:	89 81       	ldd	r24, Y+1	; 0x01
    16a2:	9a 81       	ldd	r25, Y+2	; 0x02
    16a4:	2b 81       	ldd	r18, Y+3	; 0x03
    16a6:	40 e0       	ldi	r20, 0x00	; 0
    16a8:	64 e1       	ldi	r22, 0x14	; 20
    16aa:	71 e0       	ldi	r23, 0x01	; 1
    16ac:	9e dc       	rcall	.-1732   	; 0xfea <display_write_str>
			display_write_str(display, "\xff  ",1,offset);
    16ae:	89 81       	ldd	r24, Y+1	; 0x01
    16b0:	9a 81       	ldd	r25, Y+2	; 0x02
    16b2:	2b 81       	ldd	r18, Y+3	; 0x03
    16b4:	41 e0       	ldi	r20, 0x01	; 1
    16b6:	68 e5       	ldi	r22, 0x58	; 88
    16b8:	71 e0       	ldi	r23, 0x01	; 1
    16ba:	97 dc       	rcall	.-1746   	; 0xfea <display_write_str>
    16bc:	89 81       	ldd	r24, Y+1	; 0x01
			display_write_str(display, "\xff  ",2,offset);
    16be:	9a 81       	ldd	r25, Y+2	; 0x02
    16c0:	2b 81       	ldd	r18, Y+3	; 0x03
    16c2:	42 e0       	ldi	r20, 0x02	; 2
    16c4:	68 e5       	ldi	r22, 0x58	; 88
    16c6:	71 e0       	ldi	r23, 0x01	; 1
    16c8:	90 dc       	rcall	.-1760   	; 0xfea <display_write_str>
    16ca:	89 81       	ldd	r24, Y+1	; 0x01
    16cc:	9a 81       	ldd	r25, Y+2	; 0x02
			display_write_str(display, "\xff\xff\xff",3,offset);
    16ce:	2b 81       	ldd	r18, Y+3	; 0x03
    16d0:	43 e0       	ldi	r20, 0x03	; 3
    16d2:	64 e1       	ldi	r22, 0x14	; 20
    16d4:	71 e0       	ldi	r23, 0x01	; 1
    16d6:	89 dc       	rcall	.-1774   	; 0xfea <display_write_str>
    16d8:	1d c0       	rjmp	.+58     	; 0x1714 <display_large_number+0x3a6>
    16da:	89 81       	ldd	r24, Y+1	; 0x01
    16dc:	9a 81       	ldd	r25, Y+2	; 0x02
			break;
    16de:	2b 81       	ldd	r18, Y+3	; 0x03
			
		//if no number was transmitted
		default:
			display_write_str(display, "\xff\xff\xff",0,offset);
    16e0:	40 e0       	ldi	r20, 0x00	; 0
    16e2:	64 e1       	ldi	r22, 0x14	; 20
    16e4:	71 e0       	ldi	r23, 0x01	; 1
    16e6:	81 dc       	rcall	.-1790   	; 0xfea <display_write_str>
    16e8:	89 81       	ldd	r24, Y+1	; 0x01
    16ea:	9a 81       	ldd	r25, Y+2	; 0x02
    16ec:	2b 81       	ldd	r18, Y+3	; 0x03
    16ee:	41 e0       	ldi	r20, 0x01	; 1
			display_write_str(display, "\xff\xff\xff",1,offset);
    16f0:	64 e1       	ldi	r22, 0x14	; 20
    16f2:	71 e0       	ldi	r23, 0x01	; 1
    16f4:	7a dc       	rcall	.-1804   	; 0xfea <display_write_str>
    16f6:	89 81       	ldd	r24, Y+1	; 0x01
    16f8:	9a 81       	ldd	r25, Y+2	; 0x02
    16fa:	2b 81       	ldd	r18, Y+3	; 0x03
    16fc:	42 e0       	ldi	r20, 0x02	; 2
    16fe:	64 e1       	ldi	r22, 0x14	; 20
			display_write_str(display, "\xff\xff\xff",2,offset);
    1700:	71 e0       	ldi	r23, 0x01	; 1
    1702:	73 dc       	rcall	.-1818   	; 0xfea <display_write_str>
    1704:	89 81       	ldd	r24, Y+1	; 0x01
    1706:	9a 81       	ldd	r25, Y+2	; 0x02
    1708:	2b 81       	ldd	r18, Y+3	; 0x03
    170a:	43 e0       	ldi	r20, 0x03	; 3
    170c:	64 e1       	ldi	r22, 0x14	; 20
    170e:	71 e0       	ldi	r23, 0x01	; 1
			display_write_str(display, "\xff\xff\xff",3,offset);
    1710:	6c dc       	rcall	.-1832   	; 0xfea <display_write_str>
    1712:	00 00       	nop
    1714:	00 00       	nop
    1716:	0f 90       	pop	r0
    1718:	0f 90       	pop	r0
    171a:	0f 90       	pop	r0
    171c:	0f 90       	pop	r0
    171e:	df 91       	pop	r29
			break;
    1720:	cf 91       	pop	r28
	}
}
    1722:	08 95       	ret

00001724 <invert_binary_number>:
 *  Author: Admin
 */ 

#include "helpers.h"

uint8_t invert_binary_number(uint8_t number_to_invert){
    1724:	cf 93       	push	r28
    1726:	df 93       	push	r29
    1728:	00 d0       	rcall	.+0      	; 0x172a <invert_binary_number+0x6>
    172a:	1f 92       	push	r1
    172c:	cd b7       	in	r28, 0x3d	; 61
    172e:	de b7       	in	r29, 0x3e	; 62
    1730:	8b 83       	std	Y+3, r24	; 0x03
	
	uint8_t out_num = 0;
    1732:	19 82       	std	Y+1, r1	; 0x01
	
	for (uint8_t it = 0 ; it < 8; it++){
    1734:	1a 82       	std	Y+2, r1	; 0x02
    1736:	22 c0       	rjmp	.+68     	; 0x177c <invert_binary_number+0x58>

		out_num |= ((number_to_invert>> it) & 1)<<(7-it);
    1738:	8b 81       	ldd	r24, Y+3	; 0x03
    173a:	88 2f       	mov	r24, r24
    173c:	90 e0       	ldi	r25, 0x00	; 0
    173e:	2a 81       	ldd	r18, Y+2	; 0x02
    1740:	22 2f       	mov	r18, r18
    1742:	30 e0       	ldi	r19, 0x00	; 0
    1744:	02 c0       	rjmp	.+4      	; 0x174a <invert_binary_number+0x26>
    1746:	95 95       	asr	r25
    1748:	87 95       	ror	r24
    174a:	2a 95       	dec	r18
    174c:	e2 f7       	brpl	.-8      	; 0x1746 <invert_binary_number+0x22>
    174e:	81 70       	andi	r24, 0x01	; 1
    1750:	99 27       	eor	r25, r25
    1752:	2a 81       	ldd	r18, Y+2	; 0x02
    1754:	22 2f       	mov	r18, r18
    1756:	30 e0       	ldi	r19, 0x00	; 0
    1758:	47 e0       	ldi	r20, 0x07	; 7
    175a:	50 e0       	ldi	r21, 0x00	; 0
    175c:	ba 01       	movw	r22, r20
    175e:	62 1b       	sub	r22, r18
    1760:	73 0b       	sbc	r23, r19
    1762:	9b 01       	movw	r18, r22
    1764:	02 c0       	rjmp	.+4      	; 0x176a <invert_binary_number+0x46>
    1766:	88 0f       	add	r24, r24
    1768:	99 1f       	adc	r25, r25
    176a:	2a 95       	dec	r18
    176c:	e2 f7       	brpl	.-8      	; 0x1766 <invert_binary_number+0x42>
    176e:	98 2f       	mov	r25, r24
    1770:	89 81       	ldd	r24, Y+1	; 0x01
    1772:	89 2b       	or	r24, r25
    1774:	89 83       	std	Y+1, r24	; 0x01

uint8_t invert_binary_number(uint8_t number_to_invert){
	
	uint8_t out_num = 0;
	
	for (uint8_t it = 0 ; it < 8; it++){
    1776:	8a 81       	ldd	r24, Y+2	; 0x02
    1778:	8f 5f       	subi	r24, 0xFF	; 255
    177a:	8a 83       	std	Y+2, r24	; 0x02
    177c:	8a 81       	ldd	r24, Y+2	; 0x02
    177e:	88 30       	cpi	r24, 0x08	; 8
    1780:	d8 f2       	brcs	.-74     	; 0x1738 <invert_binary_number+0x14>

		out_num |= ((number_to_invert>> it) & 1)<<(7-it);
		
	}
	return out_num;
    1782:	89 81       	ldd	r24, Y+1	; 0x01
	
	
}
    1784:	0f 90       	pop	r0
    1786:	0f 90       	pop	r0
    1788:	0f 90       	pop	r0
    178a:	df 91       	pop	r29
    178c:	cf 91       	pop	r28
    178e:	08 95       	ret

00001790 <main>:
//extern uint16_t bms_min_temp;


/*	MAIN	*/
int main(void)
{
    1790:	cf 93       	push	r28
    1792:	df 93       	push	r29
    1794:	cd b7       	in	r28, 0x3d	; 61
    1796:	de b7       	in	r29, 0x3e	; 62
    1798:	ce 5a       	subi	r28, 0xAE	; 174
    179a:	d2 40       	sbci	r29, 0x02	; 2
    179c:	0f b6       	in	r0, 0x3f	; 63
    179e:	f8 94       	cli
    17a0:	de bf       	out	0x3e, r29	; 62
    17a2:	0f be       	out	0x3f, r0	; 63
    17a4:	cd bf       	out	0x3d, r28	; 61
	port_config();
    17a6:	0e 94 42 1e 	call	0x3c84	; 0x3c84 <port_config>
	init_display();
    17aa:	75 dc       	rcall	.-1814   	; 0x1096 <init_display>
	display_definechars();
    17ac:	46 db       	rcall	.-2420   	; 0xe3a <display_definechars>
    17ae:	0e 94 fc 18 	call	0x31f8	; 0x31f8 <configure_spi_bus>
	configure_spi_bus();
    17b2:	0e 94 b8 1e 	call	0x3d70	; 0x3d70 <sys_timer_config>
	sys_timer_config();
    17b6:	0e 94 ae 00 	call	0x15c	; 0x15c <init_mobs>
	init_mobs();
	can_cfg();
    17ba:	77 d8       	rcall	.-3858   	; 0x8aa <can_cfg>
    17bc:	19 86       	std	Y+9, r1	; 0x09
	extern volatile unsigned long sys_time;
	extern volatile uint8_t draw_data;
	
	volatile unsigned long sys_time_old;
	
	uint8_t dsp = 0;
    17be:	19 82       	std	Y+1, r1	; 0x01
	uint8_t time_10ms = 0;
    17c0:	1a 86       	std	Y+10, r1	; 0x0a
	uint8_t time_50ms = 0;
    17c2:	1a 82       	std	Y+2, r1	; 0x02
	uint8_t time_100ms = 0;
    17c4:	82 e0       	ldi	r24, 0x02	; 2
	uint8_t error_ams = 2;
    17c6:	8b 87       	std	Y+11, r24	; 0x0b
    17c8:	1c 86       	std	Y+12, r1	; 0x0c
	uint8_t activate_ams = 0;
    17ca:	1b 82       	std	Y+3, r1	; 0x03
	unsigned long time_300ms = 0;
    17cc:	1c 82       	std	Y+4, r1	; 0x04
    17ce:	1d 82       	std	Y+5, r1	; 0x05
    17d0:	1e 82       	std	Y+6, r1	; 0x06
    17d2:	78 94       	sei
	
	sei();
    17d4:	0e 94 53 1a 	call	0x34a6	; 0x34a6 <configure_portextenders>
	//this needs interrupts to be enabled
	configure_portextenders();
    17d8:	80 e0       	ldi	r24, 0x00	; 0
	pre_defined_led_colors(PE_RED);
    17da:	0e 94 ed 1a 	call	0x35da	; 0x35da <pre_defined_led_colors>
	
	
	//dispaly state -> saves postitions and stuff
	struct DISPLAY_STATE display_state = get_empty_state();
    17de:	7a da       	rcall	.-2828   	; 0xcd4 <get_empty_state>
    17e0:	9a 8b       	std	Y+18, r25	; 0x12
    17e2:	89 8b       	std	Y+17, r24	; 0x11
	
	//display pages holding data
	struct DISPLAY_PAGE dsp_startup = get_empty_display();
    17e4:	ce 01       	movw	r24, r28
    17e6:	43 96       	adiw	r24, 0x13	; 19
    17e8:	83 da       	rcall	.-2810   	; 0xcf0 <get_empty_display>
    17ea:	ce 01       	movw	r24, r28
	//dsp_startup.number = 0;
	display_write_str(&dsp_startup, "|    WELCOME TO    |",0,0);
    17ec:	43 96       	adiw	r24, 0x13	; 19
    17ee:	20 e0       	ldi	r18, 0x00	; 0
    17f0:	40 e0       	ldi	r20, 0x00	; 0
    17f2:	6c e5       	ldi	r22, 0x5C	; 92
    17f4:	71 e0       	ldi	r23, 0x01	; 1
    17f6:	f9 db       	rcall	.-2062   	; 0xfea <display_write_str>
    17f8:	ce 01       	movw	r24, r28
	display_write_str(&dsp_startup, "|      TY 25       |",1,0);
    17fa:	43 96       	adiw	r24, 0x13	; 19
    17fc:	20 e0       	ldi	r18, 0x00	; 0
    17fe:	41 e0       	ldi	r20, 0x01	; 1
    1800:	61 e7       	ldi	r22, 0x71	; 113
    1802:	71 e0       	ldi	r23, 0x01	; 1
    1804:	f2 db       	rcall	.-2076   	; 0xfea <display_write_str>
    1806:	ce 01       	movw	r24, r28
	display_write_str(&dsp_startup, "|    BEWARE OF     |",2,0);
    1808:	43 96       	adiw	r24, 0x13	; 19
    180a:	20 e0       	ldi	r18, 0x00	; 0
    180c:	42 e0       	ldi	r20, 0x02	; 2
    180e:	66 e8       	ldi	r22, 0x86	; 134
    1810:	71 e0       	ldi	r23, 0x01	; 1
    1812:	eb db       	rcall	.-2090   	; 0xfea <display_write_str>
    1814:	ce 01       	movw	r24, r28
	display_write_str(&dsp_startup, "|   HAI  TORQUE    |",3,0);
    1816:	43 96       	adiw	r24, 0x13	; 19
    1818:	20 e0       	ldi	r18, 0x00	; 0
    181a:	43 e0       	ldi	r20, 0x03	; 3
    181c:	6b e9       	ldi	r22, 0x9B	; 155
    181e:	71 e0       	ldi	r23, 0x01	; 1
    1820:	e4 db       	rcall	.-2104   	; 0xfea <display_write_str>
    1822:	ce 01       	movw	r24, r28
	//display_write_str(&dsp_startup, "|                  |",3,0);
	
	
	 

	struct DISPLAY_PAGE dsp_debug = get_empty_display();
    1824:	8d 59       	subi	r24, 0x9D	; 157
    1826:	9f 4f       	sbci	r25, 0xFF	; 255
    1828:	63 da       	rcall	.-2874   	; 0xcf0 <get_empty_display>
    182a:	ce 01       	movw	r24, r28
	//dsp_debug.number = 2;
	display_write_str(&dsp_debug,"TSV:   V  ACCU:  . C", 0, 0);
    182c:	8d 59       	subi	r24, 0x9D	; 157
    182e:	9f 4f       	sbci	r25, 0xFF	; 255
    1830:	20 e0       	ldi	r18, 0x00	; 0
    1832:	40 e0       	ldi	r20, 0x00	; 0
    1834:	60 eb       	ldi	r22, 0xB0	; 176
    1836:	71 e0       	ldi	r23, 0x01	; 1
    1838:	d8 db       	rcall	.-2128   	; 0xfea <display_write_str>
    183a:	ce 01       	movw	r24, r28
	display_write_str(&dsp_debug,"LVV:  . V COOL:  . C", 1, 0);
    183c:	8d 59       	subi	r24, 0x9D	; 157
    183e:	9f 4f       	sbci	r25, 0xFF	; 255
    1840:	20 e0       	ldi	r18, 0x00	; 0
    1842:	41 e0       	ldi	r20, 0x01	; 1
    1844:	65 ec       	ldi	r22, 0xC5	; 197
    1846:	71 e0       	ldi	r23, 0x01	; 1
    1848:	d0 db       	rcall	.-2144   	; 0xfea <display_write_str>
    184a:	ce 01       	movw	r24, r28
	display_write_str(&dsp_debug,"APPS1:   %APPS2:   %", 2, 0);
    184c:	8d 59       	subi	r24, 0x9D	; 157
    184e:	9f 4f       	sbci	r25, 0xFF	; 255
    1850:	20 e0       	ldi	r18, 0x00	; 0
    1852:	42 e0       	ldi	r20, 0x02	; 2
    1854:	6a ed       	ldi	r22, 0xDA	; 218
    1856:	71 e0       	ldi	r23, 0x01	; 1
    1858:	c8 db       	rcall	.-2160   	; 0xfea <display_write_str>
	display_write_str(&dsp_debug,"BPF:  BPR:          ", 3, 0);
    185a:	ce 01       	movw	r24, r28
    185c:	8d 59       	subi	r24, 0x9D	; 157
    185e:	9f 4f       	sbci	r25, 0xFF	; 255
    1860:	20 e0       	ldi	r18, 0x00	; 0
    1862:	43 e0       	ldi	r20, 0x03	; 3
    1864:	6f ee       	ldi	r22, 0xEF	; 239
    1866:	71 e0       	ldi	r23, 0x01	; 1
    1868:	c0 db       	rcall	.-2176   	; 0xfea <display_write_str>
	
	struct DISPLAY_PAGE dsp_temp = get_empty_display();
    186a:	ce 01       	movw	r24, r28
    186c:	8d 54       	subi	r24, 0x4D	; 77
    186e:	9f 4f       	sbci	r25, 0xFF	; 255
    1870:	3f da       	rcall	.-2946   	; 0xcf0 <get_empty_display>
	
	struct DISPLAY_PAGE dsp_main = get_empty_display();
    1872:	ce 01       	movw	r24, r28
    1874:	8d 5f       	subi	r24, 0xFD	; 253
    1876:	9e 4f       	sbci	r25, 0xFE	; 254
    1878:	3b da       	rcall	.-2954   	; 0xcf0 <get_empty_display>
	display_write_str(&dsp_main,"INV:  . C MTR:   . C", 0, 0);
    187a:	ce 01       	movw	r24, r28
    187c:	8d 5f       	subi	r24, 0xFD	; 253
    187e:	9e 4f       	sbci	r25, 0xFE	; 254
    1880:	20 e0       	ldi	r18, 0x00	; 0
    1882:	40 e0       	ldi	r20, 0x00	; 0
    1884:	64 e0       	ldi	r22, 0x04	; 4
    1886:	72 e0       	ldi	r23, 0x02	; 2
    1888:	b0 db       	rcall	.-2208   	; 0xfea <display_write_str>
	display_write_str(&dsp_main,"TSV:   V  ACCU:  . C", 1, 0);
    188a:	ce 01       	movw	r24, r28
    188c:	8d 5f       	subi	r24, 0xFD	; 253
    188e:	9e 4f       	sbci	r25, 0xFE	; 254
    1890:	20 e0       	ldi	r18, 0x00	; 0
    1892:	41 e0       	ldi	r20, 0x01	; 1
    1894:	60 eb       	ldi	r22, 0xB0	; 176
    1896:	71 e0       	ldi	r23, 0x01	; 1
    1898:	a8 db       	rcall	.-2224   	; 0xfea <display_write_str>
	display_write_str(&dsp_main,"LVV:  . V COOL:  . C", 2, 0);
    189a:	ce 01       	movw	r24, r28
    189c:	8d 5f       	subi	r24, 0xFD	; 253
    189e:	9e 4f       	sbci	r25, 0xFE	; 254
    18a0:	20 e0       	ldi	r18, 0x00	; 0
    18a2:	42 e0       	ldi	r20, 0x02	; 2
    18a4:	65 ec       	ldi	r22, 0xC5	; 197
    18a6:	71 e0       	ldi	r23, 0x01	; 1
    18a8:	a0 db       	rcall	.-2240   	; 0xfea <display_write_str>
	display_write_str(&dsp_main,"APPS:               ", 3, 0);
    18aa:	ce 01       	movw	r24, r28
    18ac:	8d 5f       	subi	r24, 0xFD	; 253
    18ae:	9e 4f       	sbci	r25, 0xFE	; 254
    18b0:	20 e0       	ldi	r18, 0x00	; 0
    18b2:	43 e0       	ldi	r20, 0x03	; 3
    18b4:	69 e1       	ldi	r22, 0x19	; 25
    18b6:	72 e0       	ldi	r23, 0x02	; 2
    18b8:	98 db       	rcall	.-2256   	; 0xfea <display_write_str>
	
	struct DISPLAY_PAGE dsp_FRO0 = get_empty_display();
    18ba:	ce 01       	movw	r24, r28
    18bc:	8d 5a       	subi	r24, 0xAD	; 173
    18be:	9e 4f       	sbci	r25, 0xFE	; 254
    18c0:	17 da       	rcall	.-3026   	; 0xcf0 <get_empty_display>
    18c2:	ce 01       	movw	r24, r28
	//
	display_write_str(&dsp_FRO0,"---FUSE READ OUT----", 0, 0);
    18c4:	8d 5a       	subi	r24, 0xAD	; 173
    18c6:	9e 4f       	sbci	r25, 0xFE	; 254
    18c8:	20 e0       	ldi	r18, 0x00	; 0
    18ca:	40 e0       	ldi	r20, 0x00	; 0
    18cc:	6e e2       	ldi	r22, 0x2E	; 46
    18ce:	72 e0       	ldi	r23, 0x02	; 2
    18d0:	8c db       	rcall	.-2280   	; 0xfea <display_write_str>
    18d2:	ce 01       	movw	r24, r28
	display_write_str(&dsp_FRO0,"AIM :               ", 1, 0);
    18d4:	8d 5a       	subi	r24, 0xAD	; 173
    18d6:	9e 4f       	sbci	r25, 0xFE	; 254
    18d8:	20 e0       	ldi	r18, 0x00	; 0
    18da:	41 e0       	ldi	r20, 0x01	; 1
    18dc:	63 e4       	ldi	r22, 0x43	; 67
    18de:	72 e0       	ldi	r23, 0x02	; 2
    18e0:	84 db       	rcall	.-2296   	; 0xfea <display_write_str>
	display_write_str(&dsp_FRO0,"INV1:      INV0:    ", 2, 0);
    18e2:	ce 01       	movw	r24, r28
    18e4:	8d 5a       	subi	r24, 0xAD	; 173
    18e6:	9e 4f       	sbci	r25, 0xFE	; 254
    18e8:	20 e0       	ldi	r18, 0x00	; 0
    18ea:	42 e0       	ldi	r20, 0x02	; 2
    18ec:	68 e5       	ldi	r22, 0x58	; 88
    18ee:	72 e0       	ldi	r23, 0x02	; 2
    18f0:	7c db       	rcall	.-2312   	; 0xfea <display_write_str>
	display_write_str(&dsp_FRO0,"R2D2:      WP  :    ", 3, 0);
    18f2:	ce 01       	movw	r24, r28
    18f4:	8d 5a       	subi	r24, 0xAD	; 173
    18f6:	9e 4f       	sbci	r25, 0xFE	; 254
    18f8:	20 e0       	ldi	r18, 0x00	; 0
    18fa:	43 e0       	ldi	r20, 0x03	; 3
    18fc:	6d e6       	ldi	r22, 0x6D	; 109
    18fe:	72 e0       	ldi	r23, 0x02	; 2
    1900:	74 db       	rcall	.-2328   	; 0xfea <display_write_str>
	
	struct DISPLAY_PAGE dsp_FRO1 = get_empty_display();
    1902:	ce 01       	movw	r24, r28
    1904:	8d 55       	subi	r24, 0x5D	; 93
    1906:	9e 4f       	sbci	r25, 0xFE	; 254
    1908:	f3 d9       	rcall	.-3098   	; 0xcf0 <get_empty_display>
	//
	display_write_str(&dsp_FRO1,"BL  :      SERV:    ", 0, 0);
    190a:	ce 01       	movw	r24, r28
    190c:	8d 55       	subi	r24, 0x5D	; 93
    190e:	9e 4f       	sbci	r25, 0xFE	; 254
    1910:	20 e0       	ldi	r18, 0x00	; 0
    1912:	40 e0       	ldi	r20, 0x00	; 0
    1914:	62 e8       	ldi	r22, 0x82	; 130
    1916:	72 e0       	ldi	r23, 0x02	; 2
    1918:	68 db       	rcall	.-2352   	; 0xfea <display_write_str>
	display_write_str(&dsp_FRO1,"SDC :      TSAL:    ", 1, 0);
    191a:	ce 01       	movw	r24, r28
    191c:	8d 55       	subi	r24, 0x5D	; 93
    191e:	9e 4f       	sbci	r25, 0xFE	; 254
    1920:	20 e0       	ldi	r18, 0x00	; 0
    1922:	41 e0       	ldi	r20, 0x01	; 1
    1924:	67 e9       	ldi	r22, 0x97	; 151
    1926:	72 e0       	ldi	r23, 0x02	; 2
    1928:	60 db       	rcall	.-2368   	; 0xfea <display_write_str>
	display_write_str(&dsp_FRO1,"TSAC:      HV_D:    ", 2, 0);
    192a:	ce 01       	movw	r24, r28
    192c:	8d 55       	subi	r24, 0x5D	; 93
    192e:	9e 4f       	sbci	r25, 0xFE	; 254
    1930:	20 e0       	ldi	r18, 0x00	; 0
    1932:	42 e0       	ldi	r20, 0x02	; 2
    1934:	6c ea       	ldi	r22, 0xAC	; 172
    1936:	72 e0       	ldi	r23, 0x02	; 2
    1938:	58 db       	rcall	.-2384   	; 0xfea <display_write_str>
	display_write_str(&dsp_FRO1,"FTSA:      FPU  :   ", 3, 0);
    193a:	ce 01       	movw	r24, r28
    193c:	8d 55       	subi	r24, 0x5D	; 93
    193e:	9e 4f       	sbci	r25, 0xFE	; 254
    1940:	20 e0       	ldi	r18, 0x00	; 0
    1942:	43 e0       	ldi	r20, 0x03	; 3
    1944:	61 ec       	ldi	r22, 0xC1	; 193
    1946:	72 e0       	ldi	r23, 0x02	; 2
    1948:	50 db       	rcall	.-2400   	; 0xfea <display_write_str>
	
	struct DISPLAY_PAGE dsp_reduced = get_empty_display();
    194a:	ce 01       	movw	r24, r28
    194c:	8d 50       	subi	r24, 0x0D	; 13
    194e:	9e 4f       	sbci	r25, 0xFE	; 254
    1950:	cf d9       	rcall	.-3170   	; 0xcf0 <get_empty_display>
    1952:	ce 01       	movw	r24, r28
	//dsp_debug.number = 2;
	display_write_str(&dsp_reduced,"TSV:   V  ACCU:  . C", 0, 0);
    1954:	8d 50       	subi	r24, 0x0D	; 13
    1956:	9e 4f       	sbci	r25, 0xFE	; 254
    1958:	20 e0       	ldi	r18, 0x00	; 0
    195a:	40 e0       	ldi	r20, 0x00	; 0
    195c:	60 eb       	ldi	r22, 0xB0	; 176
    195e:	71 e0       	ldi	r23, 0x01	; 1
    1960:	44 db       	rcall	.-2424   	; 0xfea <display_write_str>
	display_write_str(&dsp_reduced,"                    ", 1, 0);
    1962:	ce 01       	movw	r24, r28
    1964:	8d 50       	subi	r24, 0x0D	; 13
    1966:	9e 4f       	sbci	r25, 0xFE	; 254
    1968:	20 e0       	ldi	r18, 0x00	; 0
    196a:	41 e0       	ldi	r20, 0x01	; 1
    196c:	66 ed       	ldi	r22, 0xD6	; 214
    196e:	72 e0       	ldi	r23, 0x02	; 2
    1970:	3c db       	rcall	.-2440   	; 0xfea <display_write_str>
	display_write_str(&dsp_reduced,"LVV:  . V COOL:  . C", 2, 0);
    1972:	ce 01       	movw	r24, r28
    1974:	8d 50       	subi	r24, 0x0D	; 13
    1976:	9e 4f       	sbci	r25, 0xFE	; 254
    1978:	20 e0       	ldi	r18, 0x00	; 0
    197a:	42 e0       	ldi	r20, 0x02	; 2
    197c:	65 ec       	ldi	r22, 0xC5	; 197
    197e:	71 e0       	ldi	r23, 0x01	; 1
    1980:	34 db       	rcall	.-2456   	; 0xfea <display_write_str>
	display_write_str(&dsp_reduced,"                    ", 3, 0);
    1982:	ce 01       	movw	r24, r28
    1984:	8d 50       	subi	r24, 0x0D	; 13
    1986:	9e 4f       	sbci	r25, 0xFE	; 254
    1988:	20 e0       	ldi	r18, 0x00	; 0
    198a:	43 e0       	ldi	r20, 0x03	; 3
    198c:	66 ed       	ldi	r22, 0xD6	; 214
    198e:	72 e0       	ldi	r23, 0x02	; 2
    1990:	2c db       	rcall	.-2472   	; 0xfea <display_write_str>
	
	struct DISPLAY_PAGE dsp_modes = get_empty_display();
    1992:	ce 01       	movw	r24, r28
    1994:	8d 5b       	subi	r24, 0xBD	; 189
    1996:	9d 4f       	sbci	r25, 0xFD	; 253
    1998:	ab d9       	rcall	.-3242   	; 0xcf0 <get_empty_display>
	//dsp_debug.number = 2;
	display_write_str(&dsp_modes,"--------SET---------", 0, 0);
    199a:	ce 01       	movw	r24, r28
    199c:	8d 5b       	subi	r24, 0xBD	; 189
    199e:	9d 4f       	sbci	r25, 0xFD	; 253
    19a0:	20 e0       	ldi	r18, 0x00	; 0
    19a2:	40 e0       	ldi	r20, 0x00	; 0
    19a4:	6b ee       	ldi	r22, 0xEB	; 235
    19a6:	72 e0       	ldi	r23, 0x02	; 2
    19a8:	20 db       	rcall	.-2496   	; 0xfea <display_write_str>
    19aa:	ce 01       	movw	r24, r28
	display_write_str(&dsp_modes,"MODE:     ENDURANCE ", 1, 0);
    19ac:	8d 5b       	subi	r24, 0xBD	; 189
    19ae:	9d 4f       	sbci	r25, 0xFD	; 253
    19b0:	20 e0       	ldi	r18, 0x00	; 0
    19b2:	41 e0       	ldi	r20, 0x01	; 1
    19b4:	60 e0       	ldi	r22, 0x00	; 0
    19b6:	73 e0       	ldi	r23, 0x03	; 3
    19b8:	18 db       	rcall	.-2512   	; 0xfea <display_write_str>
    19ba:	ce 01       	movw	r24, r28
    19bc:	8d 5b       	subi	r24, 0xBD	; 189
	display_write_str(&dsp_modes,"                    ", 2, 0);
    19be:	9d 4f       	sbci	r25, 0xFD	; 253
    19c0:	20 e0       	ldi	r18, 0x00	; 0
    19c2:	42 e0       	ldi	r20, 0x02	; 2
    19c4:	66 ed       	ldi	r22, 0xD6	; 214
    19c6:	72 e0       	ldi	r23, 0x02	; 2
    19c8:	10 db       	rcall	.-2528   	; 0xfea <display_write_str>
    19ca:	ce 01       	movw	r24, r28
    19cc:	8d 5b       	subi	r24, 0xBD	; 189
    19ce:	9d 4f       	sbci	r25, 0xFD	; 253
	display_write_str(&dsp_modes,"                    ", 3, 0);
    19d0:	20 e0       	ldi	r18, 0x00	; 0
    19d2:	43 e0       	ldi	r20, 0x03	; 3
    19d4:	66 ed       	ldi	r22, 0xD6	; 214
    19d6:	72 e0       	ldi	r23, 0x02	; 2
    19d8:	08 db       	rcall	.-2544   	; 0xfea <display_write_str>
    19da:	ce 01       	movw	r24, r28
    19dc:	43 96       	adiw	r24, 0x13	; 19
    19de:	98 87       	std	Y+8, r25	; 0x08
    19e0:	8f 83       	std	Y+7, r24	; 0x07
	

	//Variable die das aktive Display hält!
	struct DISPLAY_PAGE *active_display = &dsp_startup;
    19e2:	ce 01       	movw	r24, r28
    19e4:	43 96       	adiw	r24, 0x13	; 19
    19e6:	09 2e       	mov	r0, r25
    19e8:	00 0c       	add	r0, r0
	
	uint32_t page_order[7] = {
    19ea:	aa 0b       	sbc	r26, r26
    19ec:	bb 0b       	sbc	r27, r27
    19ee:	9e 01       	movw	r18, r28
    19f0:	2d 56       	subi	r18, 0x6D	; 109
    19f2:	3d 4f       	sbci	r19, 0xFD	; 253
    19f4:	f9 01       	movw	r30, r18
    19f6:	80 83       	st	Z, r24
    19f8:	91 83       	std	Z+1, r25	; 0x01
    19fa:	a2 83       	std	Z+2, r26	; 0x02
    19fc:	b3 83       	std	Z+3, r27	; 0x03
    19fe:	ce 01       	movw	r24, r28
    1a00:	8d 5f       	subi	r24, 0xFD	; 253
    1a02:	9e 4f       	sbci	r25, 0xFE	; 254
    1a04:	09 2e       	mov	r0, r25
    1a06:	00 0c       	add	r0, r0
    1a08:	aa 0b       	sbc	r26, r26
    1a0a:	bb 0b       	sbc	r27, r27
    1a0c:	9e 01       	movw	r18, r28
    1a0e:	2d 56       	subi	r18, 0x6D	; 109
    1a10:	3d 4f       	sbci	r19, 0xFD	; 253
    1a12:	f9 01       	movw	r30, r18
    1a14:	84 83       	std	Z+4, r24	; 0x04
    1a16:	95 83       	std	Z+5, r25	; 0x05
    1a18:	a6 83       	std	Z+6, r26	; 0x06
    1a1a:	b7 83       	std	Z+7, r27	; 0x07
    1a1c:	ce 01       	movw	r24, r28
    1a1e:	8d 59       	subi	r24, 0x9D	; 157
    1a20:	9f 4f       	sbci	r25, 0xFF	; 255
    1a22:	09 2e       	mov	r0, r25
    1a24:	00 0c       	add	r0, r0
    1a26:	aa 0b       	sbc	r26, r26
    1a28:	bb 0b       	sbc	r27, r27
    1a2a:	9e 01       	movw	r18, r28
    1a2c:	2d 56       	subi	r18, 0x6D	; 109
    1a2e:	3d 4f       	sbci	r19, 0xFD	; 253
    1a30:	f9 01       	movw	r30, r18
    1a32:	80 87       	std	Z+8, r24	; 0x08
    1a34:	91 87       	std	Z+9, r25	; 0x09
    1a36:	a2 87       	std	Z+10, r26	; 0x0a
    1a38:	b3 87       	std	Z+11, r27	; 0x0b
    1a3a:	ce 01       	movw	r24, r28
    1a3c:	8d 5a       	subi	r24, 0xAD	; 173
    1a3e:	9e 4f       	sbci	r25, 0xFE	; 254
    1a40:	09 2e       	mov	r0, r25
    1a42:	00 0c       	add	r0, r0
    1a44:	aa 0b       	sbc	r26, r26
    1a46:	bb 0b       	sbc	r27, r27
    1a48:	9e 01       	movw	r18, r28
    1a4a:	2d 56       	subi	r18, 0x6D	; 109
    1a4c:	3d 4f       	sbci	r19, 0xFD	; 253
    1a4e:	f9 01       	movw	r30, r18
    1a50:	84 87       	std	Z+12, r24	; 0x0c
    1a52:	95 87       	std	Z+13, r25	; 0x0d
    1a54:	a6 87       	std	Z+14, r26	; 0x0e
    1a56:	b7 87       	std	Z+15, r27	; 0x0f
    1a58:	ce 01       	movw	r24, r28
    1a5a:	8d 55       	subi	r24, 0x5D	; 93
    1a5c:	9e 4f       	sbci	r25, 0xFE	; 254
    1a5e:	09 2e       	mov	r0, r25
    1a60:	00 0c       	add	r0, r0
    1a62:	aa 0b       	sbc	r26, r26
    1a64:	bb 0b       	sbc	r27, r27
    1a66:	9e 01       	movw	r18, r28
    1a68:	2d 56       	subi	r18, 0x6D	; 109
    1a6a:	3d 4f       	sbci	r19, 0xFD	; 253
    1a6c:	f9 01       	movw	r30, r18
    1a6e:	80 8b       	std	Z+16, r24	; 0x10
    1a70:	91 8b       	std	Z+17, r25	; 0x11
    1a72:	a2 8b       	std	Z+18, r26	; 0x12
    1a74:	b3 8b       	std	Z+19, r27	; 0x13
    1a76:	ce 01       	movw	r24, r28
    1a78:	8d 50       	subi	r24, 0x0D	; 13
    1a7a:	9e 4f       	sbci	r25, 0xFE	; 254
    1a7c:	09 2e       	mov	r0, r25
    1a7e:	00 0c       	add	r0, r0
    1a80:	aa 0b       	sbc	r26, r26
    1a82:	bb 0b       	sbc	r27, r27
    1a84:	9e 01       	movw	r18, r28
    1a86:	2d 56       	subi	r18, 0x6D	; 109
    1a88:	3d 4f       	sbci	r19, 0xFD	; 253
    1a8a:	f9 01       	movw	r30, r18
    1a8c:	84 8b       	std	Z+20, r24	; 0x14
    1a8e:	95 8b       	std	Z+21, r25	; 0x15
    1a90:	a6 8b       	std	Z+22, r26	; 0x16
    1a92:	b7 8b       	std	Z+23, r27	; 0x17
    1a94:	ce 01       	movw	r24, r28
    1a96:	8d 5b       	subi	r24, 0xBD	; 189
    1a98:	9d 4f       	sbci	r25, 0xFD	; 253
    1a9a:	09 2e       	mov	r0, r25
    1a9c:	00 0c       	add	r0, r0
    1a9e:	aa 0b       	sbc	r26, r26
    1aa0:	bb 0b       	sbc	r27, r27
    1aa2:	9e 01       	movw	r18, r28
    1aa4:	2d 56       	subi	r18, 0x6D	; 109
    1aa6:	3d 4f       	sbci	r19, 0xFD	; 253
    1aa8:	f9 01       	movw	r30, r18
    1aaa:	80 8f       	std	Z+24, r24	; 0x18
    1aac:	91 8f       	std	Z+25, r25	; 0x19
    1aae:	a2 8f       	std	Z+26, r26	; 0x1a
    1ab0:	b3 8f       	std	Z+27, r27	; 0x1b
    1ab2:	ce 01       	movw	r24, r28
    1ab4:	43 96       	adiw	r24, 0x13	; 19
    1ab6:	98 87       	std	Y+8, r25	; 0x08
		
		//&dsp_SDC0,
		//&dsp_SDCI1
	};
	
	active_display = &dsp_startup;
    1ab8:	8f 83       	std	Y+7, r24	; 0x07
    1aba:	80 91 d9 03 	lds	r24, 0x03D9	; 0x8003d9 <draw_data>
    1abe:	88 23       	and	r24, r24
	
	while (1)
	{
		if (draw_data){
    1ac0:	49 f0       	breq	.+18     	; 0x1ad4 <main+0x344>
    1ac2:	10 92 d9 03 	sts	0x03D9, r1	; 0x8003d9 <draw_data>
    1ac6:	9e 01       	movw	r18, r28
			draw_data = 0;
    1ac8:	2f 5e       	subi	r18, 0xEF	; 239
    1aca:	3f 4f       	sbci	r19, 0xFF	; 255
			draw_char(active_display,&display_state);
    1acc:	8f 81       	ldd	r24, Y+7	; 0x07
    1ace:	98 85       	ldd	r25, Y+8	; 0x08
    1ad0:	b9 01       	movw	r22, r18
    1ad2:	9e d8       	rcall	.-3780   	; 0xc10 <draw_char>
    1ad4:	20 91 d5 03 	lds	r18, 0x03D5	; 0x8003d5 <sys_time>
    1ad8:	30 91 d6 03 	lds	r19, 0x03D6	; 0x8003d6 <sys_time+0x1>
			
		}
		if((sys_time - sys_time_old) >= 1){
    1adc:	40 91 d7 03 	lds	r20, 0x03D7	; 0x8003d7 <sys_time+0x2>
    1ae0:	50 91 d8 03 	lds	r21, 0x03D8	; 0x8003d8 <sys_time+0x3>
    1ae4:	8d 85       	ldd	r24, Y+13	; 0x0d
    1ae6:	9e 85       	ldd	r25, Y+14	; 0x0e
    1ae8:	af 85       	ldd	r26, Y+15	; 0x0f
    1aea:	b8 89       	ldd	r27, Y+16	; 0x10
    1aec:	28 17       	cp	r18, r24
    1aee:	39 07       	cpc	r19, r25
    1af0:	4a 07       	cpc	r20, r26
    1af2:	5b 07       	cpc	r21, r27
    1af4:	91 f0       	breq	.+36     	; 0x1b1a <main+0x38a>
    1af6:	80 91 d5 03 	lds	r24, 0x03D5	; 0x8003d5 <sys_time>
    1afa:	90 91 d6 03 	lds	r25, 0x03D6	; 0x8003d6 <sys_time+0x1>
			sys_time_old = sys_time;
    1afe:	a0 91 d7 03 	lds	r26, 0x03D7	; 0x8003d7 <sys_time+0x2>
    1b02:	b0 91 d8 03 	lds	r27, 0x03D8	; 0x8003d8 <sys_time+0x3>
    1b06:	8d 87       	std	Y+13, r24	; 0x0d
    1b08:	9e 87       	std	Y+14, r25	; 0x0e
    1b0a:	af 87       	std	Y+15, r26	; 0x0f
    1b0c:	b8 8b       	std	Y+16, r27	; 0x10
    1b0e:	89 81       	ldd	r24, Y+1	; 0x01
    1b10:	8f 5f       	subi	r24, 0xFF	; 255
    1b12:	89 83       	std	Y+1, r24	; 0x01
    1b14:	8a 81       	ldd	r24, Y+2	; 0x02
			time_10ms++;
    1b16:	8f 5f       	subi	r24, 0xFF	; 255
    1b18:	8a 83       	std	Y+2, r24	; 0x02
    1b1a:	89 81       	ldd	r24, Y+1	; 0x01
			time_100ms++;
    1b1c:	8a 30       	cpi	r24, 0x0A	; 10
    1b1e:	10 f4       	brcc	.+4      	; 0x1b24 <main+0x394>
    1b20:	0c 94 f2 18 	jmp	0x31e4	; 0x31e4 <main+0x1a54>
		}
		
		
		if (time_10ms >9){
    1b24:	0e 94 7a 01 	call	0x2f4	; 0x2f4 <can_receive>
    1b28:	0e 94 3a 02 	call	0x474	; 0x474 <can_put_data>
			
			
			
			
			
			can_receive();
    1b2c:	ce 01       	movw	r24, r28
    1b2e:	8d 5f       	subi	r24, 0xFD	; 253
			can_put_data();
    1b30:	9e 4f       	sbci	r25, 0xFE	; 254
    1b32:	2f 81       	ldd	r18, Y+7	; 0x07
				//led_top_light(13);
				//led_top_light(14);
				
			}
			
			if(active_display == &dsp_main)
    1b34:	38 85       	ldd	r19, Y+8	; 0x08
    1b36:	28 17       	cp	r18, r24
    1b38:	39 07       	cpc	r19, r25
    1b3a:	09 f0       	breq	.+2      	; 0x1b3e <main+0x3ae>
    1b3c:	8d c3       	rjmp	.+1818   	; 0x2258 <main+0xac8>
    1b3e:	40 91 a3 03 	lds	r20, 0x03A3	; 0x8003a3 <motor_temp>
    1b42:	50 91 a4 03 	lds	r21, 0x03A4	; 0x8003a4 <motor_temp+0x1>
			{
				dsp_main.data [0][18] = (motor_temp%10)+48;			// 48 ist der ascii offset
    1b46:	9a 01       	movw	r18, r20
    1b48:	ad ec       	ldi	r26, 0xCD	; 205
    1b4a:	bc ec       	ldi	r27, 0xCC	; 204
    1b4c:	0e 94 4e 1f 	call	0x3e9c	; 0x3e9c <__umulhisi3>
    1b50:	96 95       	lsr	r25
    1b52:	87 95       	ror	r24
    1b54:	96 95       	lsr	r25
    1b56:	87 95       	ror	r24
    1b58:	96 95       	lsr	r25
    1b5a:	87 95       	ror	r24
    1b5c:	88 0f       	add	r24, r24
    1b5e:	99 1f       	adc	r25, r25
    1b60:	9c 01       	movw	r18, r24
    1b62:	22 0f       	add	r18, r18
    1b64:	33 1f       	adc	r19, r19
    1b66:	22 0f       	add	r18, r18
    1b68:	33 1f       	adc	r19, r19
    1b6a:	82 0f       	add	r24, r18
    1b6c:	93 1f       	adc	r25, r19
    1b6e:	9a 01       	movw	r18, r20
    1b70:	28 1b       	sub	r18, r24
    1b72:	39 0b       	sbc	r19, r25
    1b74:	c9 01       	movw	r24, r18
    1b76:	20 e3       	ldi	r18, 0x30	; 48
    1b78:	28 0f       	add	r18, r24
    1b7a:	ce 01       	movw	r24, r28
    1b7c:	8d 5f       	subi	r24, 0xFD	; 253
    1b7e:	9e 4f       	sbci	r25, 0xFE	; 254
    1b80:	fc 01       	movw	r30, r24
    1b82:	22 8b       	std	Z+18, r18	; 0x12
    1b84:	80 91 a3 03 	lds	r24, 0x03A3	; 0x8003a3 <motor_temp>
    1b88:	90 91 a4 03 	lds	r25, 0x03A4	; 0x8003a4 <motor_temp+0x1>
				dsp_main.data [0][16] = ((motor_temp/10)%10)+48;
    1b8c:	9c 01       	movw	r18, r24
    1b8e:	ad ec       	ldi	r26, 0xCD	; 205
    1b90:	bc ec       	ldi	r27, 0xCC	; 204
    1b92:	0e 94 4e 1f 	call	0x3e9c	; 0x3e9c <__umulhisi3>
    1b96:	ac 01       	movw	r20, r24
    1b98:	56 95       	lsr	r21
    1b9a:	47 95       	ror	r20
    1b9c:	56 95       	lsr	r21
    1b9e:	47 95       	ror	r20
    1ba0:	56 95       	lsr	r21
    1ba2:	47 95       	ror	r20
    1ba4:	9a 01       	movw	r18, r20
    1ba6:	ad ec       	ldi	r26, 0xCD	; 205
    1ba8:	bc ec       	ldi	r27, 0xCC	; 204
    1baa:	0e 94 4e 1f 	call	0x3e9c	; 0x3e9c <__umulhisi3>
    1bae:	96 95       	lsr	r25
    1bb0:	87 95       	ror	r24
    1bb2:	96 95       	lsr	r25
    1bb4:	87 95       	ror	r24
    1bb6:	96 95       	lsr	r25
    1bb8:	87 95       	ror	r24
    1bba:	88 0f       	add	r24, r24
    1bbc:	99 1f       	adc	r25, r25
    1bbe:	9c 01       	movw	r18, r24
    1bc0:	22 0f       	add	r18, r18
    1bc2:	33 1f       	adc	r19, r19
    1bc4:	22 0f       	add	r18, r18
    1bc6:	33 1f       	adc	r19, r19
    1bc8:	82 0f       	add	r24, r18
    1bca:	93 1f       	adc	r25, r19
    1bcc:	9a 01       	movw	r18, r20
    1bce:	28 1b       	sub	r18, r24
    1bd0:	39 0b       	sbc	r19, r25
    1bd2:	c9 01       	movw	r24, r18
    1bd4:	20 e3       	ldi	r18, 0x30	; 48
    1bd6:	28 0f       	add	r18, r24
    1bd8:	ce 01       	movw	r24, r28
    1bda:	8d 5f       	subi	r24, 0xFD	; 253
    1bdc:	9e 4f       	sbci	r25, 0xFE	; 254
    1bde:	fc 01       	movw	r30, r24
    1be0:	20 8b       	std	Z+16, r18	; 0x10
    1be2:	80 91 a3 03 	lds	r24, 0x03A3	; 0x8003a3 <motor_temp>
    1be6:	90 91 a4 03 	lds	r25, 0x03A4	; 0x8003a4 <motor_temp+0x1>
				dsp_main.data [0][15] = ((motor_temp/100)%10)+48;
    1bea:	96 95       	lsr	r25
    1bec:	87 95       	ror	r24
    1bee:	96 95       	lsr	r25
    1bf0:	87 95       	ror	r24
    1bf2:	9c 01       	movw	r18, r24
    1bf4:	ab e7       	ldi	r26, 0x7B	; 123
    1bf6:	b4 e1       	ldi	r27, 0x14	; 20
    1bf8:	0e 94 4e 1f 	call	0x3e9c	; 0x3e9c <__umulhisi3>
    1bfc:	ac 01       	movw	r20, r24
    1bfe:	56 95       	lsr	r21
    1c00:	47 95       	ror	r20
    1c02:	9a 01       	movw	r18, r20
    1c04:	ad ec       	ldi	r26, 0xCD	; 205
    1c06:	bc ec       	ldi	r27, 0xCC	; 204
    1c08:	0e 94 4e 1f 	call	0x3e9c	; 0x3e9c <__umulhisi3>
    1c0c:	96 95       	lsr	r25
    1c0e:	87 95       	ror	r24
    1c10:	96 95       	lsr	r25
    1c12:	87 95       	ror	r24
    1c14:	96 95       	lsr	r25
    1c16:	87 95       	ror	r24
    1c18:	88 0f       	add	r24, r24
    1c1a:	99 1f       	adc	r25, r25
    1c1c:	9c 01       	movw	r18, r24
    1c1e:	22 0f       	add	r18, r18
    1c20:	33 1f       	adc	r19, r19
    1c22:	22 0f       	add	r18, r18
    1c24:	33 1f       	adc	r19, r19
    1c26:	82 0f       	add	r24, r18
    1c28:	93 1f       	adc	r25, r19
    1c2a:	9a 01       	movw	r18, r20
    1c2c:	28 1b       	sub	r18, r24
    1c2e:	39 0b       	sbc	r19, r25
    1c30:	c9 01       	movw	r24, r18
    1c32:	20 e3       	ldi	r18, 0x30	; 48
    1c34:	28 0f       	add	r18, r24
    1c36:	ce 01       	movw	r24, r28
    1c38:	8d 5f       	subi	r24, 0xFD	; 253
    1c3a:	9e 4f       	sbci	r25, 0xFE	; 254
    1c3c:	fc 01       	movw	r30, r24
    1c3e:	27 87       	std	Z+15, r18	; 0x0f
    1c40:	40 91 a5 03 	lds	r20, 0x03A5	; 0x8003a5 <mcu_temp>
    1c44:	50 91 a6 03 	lds	r21, 0x03A6	; 0x8003a6 <mcu_temp+0x1>
				
				dsp_main.data [0][7] = (mcu_temp%10)+48;
    1c48:	9a 01       	movw	r18, r20
    1c4a:	ad ec       	ldi	r26, 0xCD	; 205
    1c4c:	bc ec       	ldi	r27, 0xCC	; 204
    1c4e:	0e 94 4e 1f 	call	0x3e9c	; 0x3e9c <__umulhisi3>
    1c52:	96 95       	lsr	r25
    1c54:	87 95       	ror	r24
    1c56:	96 95       	lsr	r25
    1c58:	87 95       	ror	r24
    1c5a:	96 95       	lsr	r25
    1c5c:	87 95       	ror	r24
    1c5e:	88 0f       	add	r24, r24
    1c60:	99 1f       	adc	r25, r25
    1c62:	9c 01       	movw	r18, r24
    1c64:	22 0f       	add	r18, r18
    1c66:	33 1f       	adc	r19, r19
    1c68:	22 0f       	add	r18, r18
    1c6a:	33 1f       	adc	r19, r19
    1c6c:	82 0f       	add	r24, r18
    1c6e:	93 1f       	adc	r25, r19
    1c70:	9a 01       	movw	r18, r20
    1c72:	28 1b       	sub	r18, r24
    1c74:	39 0b       	sbc	r19, r25
    1c76:	c9 01       	movw	r24, r18
    1c78:	20 e3       	ldi	r18, 0x30	; 48
    1c7a:	28 0f       	add	r18, r24
    1c7c:	ce 01       	movw	r24, r28
    1c7e:	8d 5f       	subi	r24, 0xFD	; 253
    1c80:	9e 4f       	sbci	r25, 0xFE	; 254
    1c82:	fc 01       	movw	r30, r24
    1c84:	27 83       	std	Z+7, r18	; 0x07
    1c86:	80 91 a5 03 	lds	r24, 0x03A5	; 0x8003a5 <mcu_temp>
    1c8a:	90 91 a6 03 	lds	r25, 0x03A6	; 0x8003a6 <mcu_temp+0x1>
				dsp_main.data [0][5] = ((mcu_temp/10)%10)+48;
    1c8e:	9c 01       	movw	r18, r24
    1c90:	ad ec       	ldi	r26, 0xCD	; 205
    1c92:	bc ec       	ldi	r27, 0xCC	; 204
    1c94:	0e 94 4e 1f 	call	0x3e9c	; 0x3e9c <__umulhisi3>
    1c98:	ac 01       	movw	r20, r24
    1c9a:	56 95       	lsr	r21
    1c9c:	47 95       	ror	r20
    1c9e:	56 95       	lsr	r21
    1ca0:	47 95       	ror	r20
    1ca2:	56 95       	lsr	r21
    1ca4:	47 95       	ror	r20
    1ca6:	9a 01       	movw	r18, r20
    1ca8:	ad ec       	ldi	r26, 0xCD	; 205
    1caa:	bc ec       	ldi	r27, 0xCC	; 204
    1cac:	0e 94 4e 1f 	call	0x3e9c	; 0x3e9c <__umulhisi3>
    1cb0:	96 95       	lsr	r25
    1cb2:	87 95       	ror	r24
    1cb4:	96 95       	lsr	r25
    1cb6:	87 95       	ror	r24
    1cb8:	96 95       	lsr	r25
    1cba:	87 95       	ror	r24
    1cbc:	88 0f       	add	r24, r24
    1cbe:	99 1f       	adc	r25, r25
    1cc0:	9c 01       	movw	r18, r24
    1cc2:	22 0f       	add	r18, r18
    1cc4:	33 1f       	adc	r19, r19
    1cc6:	22 0f       	add	r18, r18
    1cc8:	33 1f       	adc	r19, r19
    1cca:	82 0f       	add	r24, r18
    1ccc:	93 1f       	adc	r25, r19
    1cce:	9a 01       	movw	r18, r20
    1cd0:	28 1b       	sub	r18, r24
    1cd2:	39 0b       	sbc	r19, r25
    1cd4:	c9 01       	movw	r24, r18
    1cd6:	20 e3       	ldi	r18, 0x30	; 48
    1cd8:	28 0f       	add	r18, r24
    1cda:	ce 01       	movw	r24, r28
    1cdc:	8d 5f       	subi	r24, 0xFD	; 253
    1cde:	9e 4f       	sbci	r25, 0xFE	; 254
    1ce0:	fc 01       	movw	r30, r24
    1ce2:	25 83       	std	Z+5, r18	; 0x05
    1ce4:	80 91 a5 03 	lds	r24, 0x03A5	; 0x8003a5 <mcu_temp>
    1ce8:	90 91 a6 03 	lds	r25, 0x03A6	; 0x8003a6 <mcu_temp+0x1>
				dsp_main.data [0][4] = ((mcu_temp/100)%10)+48;
    1cec:	96 95       	lsr	r25
    1cee:	87 95       	ror	r24
    1cf0:	96 95       	lsr	r25
    1cf2:	87 95       	ror	r24
    1cf4:	9c 01       	movw	r18, r24
    1cf6:	ab e7       	ldi	r26, 0x7B	; 123
    1cf8:	b4 e1       	ldi	r27, 0x14	; 20
    1cfa:	0e 94 4e 1f 	call	0x3e9c	; 0x3e9c <__umulhisi3>
    1cfe:	ac 01       	movw	r20, r24
    1d00:	56 95       	lsr	r21
    1d02:	47 95       	ror	r20
    1d04:	9a 01       	movw	r18, r20
    1d06:	ad ec       	ldi	r26, 0xCD	; 205
    1d08:	bc ec       	ldi	r27, 0xCC	; 204
    1d0a:	0e 94 4e 1f 	call	0x3e9c	; 0x3e9c <__umulhisi3>
    1d0e:	96 95       	lsr	r25
    1d10:	87 95       	ror	r24
    1d12:	96 95       	lsr	r25
    1d14:	87 95       	ror	r24
    1d16:	96 95       	lsr	r25
    1d18:	87 95       	ror	r24
    1d1a:	88 0f       	add	r24, r24
    1d1c:	99 1f       	adc	r25, r25
    1d1e:	9c 01       	movw	r18, r24
    1d20:	22 0f       	add	r18, r18
    1d22:	33 1f       	adc	r19, r19
    1d24:	22 0f       	add	r18, r18
    1d26:	33 1f       	adc	r19, r19
    1d28:	82 0f       	add	r24, r18
    1d2a:	93 1f       	adc	r25, r19
    1d2c:	9a 01       	movw	r18, r20
    1d2e:	28 1b       	sub	r18, r24
    1d30:	39 0b       	sbc	r19, r25
    1d32:	c9 01       	movw	r24, r18
    1d34:	20 e3       	ldi	r18, 0x30	; 48
    1d36:	28 0f       	add	r18, r24
    1d38:	ce 01       	movw	r24, r28
    1d3a:	8d 5f       	subi	r24, 0xFD	; 253
    1d3c:	9e 4f       	sbci	r25, 0xFE	; 254
    1d3e:	fc 01       	movw	r30, r24
    1d40:	24 83       	std	Z+4, r18	; 0x04
    1d42:	40 91 7e 03 	lds	r20, 0x037E	; 0x80037e <__data_end>
    1d46:	50 91 7f 03 	lds	r21, 0x037F	; 0x80037f <__data_end+0x1>
				
				dsp_main.data [1][6] = (ts_voltage%10)+48;
    1d4a:	9a 01       	movw	r18, r20
    1d4c:	ad ec       	ldi	r26, 0xCD	; 205
    1d4e:	bc ec       	ldi	r27, 0xCC	; 204
    1d50:	0e 94 4e 1f 	call	0x3e9c	; 0x3e9c <__umulhisi3>
    1d54:	96 95       	lsr	r25
    1d56:	87 95       	ror	r24
    1d58:	96 95       	lsr	r25
    1d5a:	87 95       	ror	r24
    1d5c:	96 95       	lsr	r25
    1d5e:	87 95       	ror	r24
    1d60:	88 0f       	add	r24, r24
    1d62:	99 1f       	adc	r25, r25
    1d64:	9c 01       	movw	r18, r24
    1d66:	22 0f       	add	r18, r18
    1d68:	33 1f       	adc	r19, r19
    1d6a:	22 0f       	add	r18, r18
    1d6c:	33 1f       	adc	r19, r19
    1d6e:	82 0f       	add	r24, r18
    1d70:	93 1f       	adc	r25, r19
    1d72:	9a 01       	movw	r18, r20
    1d74:	28 1b       	sub	r18, r24
    1d76:	39 0b       	sbc	r19, r25
    1d78:	c9 01       	movw	r24, r18
    1d7a:	20 e3       	ldi	r18, 0x30	; 48
    1d7c:	28 0f       	add	r18, r24
    1d7e:	ce 01       	movw	r24, r28
    1d80:	8d 5f       	subi	r24, 0xFD	; 253
    1d82:	9e 4f       	sbci	r25, 0xFE	; 254
    1d84:	fc 01       	movw	r30, r24
    1d86:	22 8f       	std	Z+26, r18	; 0x1a
    1d88:	80 91 7e 03 	lds	r24, 0x037E	; 0x80037e <__data_end>
    1d8c:	90 91 7f 03 	lds	r25, 0x037F	; 0x80037f <__data_end+0x1>
				dsp_main.data [1][5] = ((ts_voltage/10)%10)+48;
    1d90:	9c 01       	movw	r18, r24
    1d92:	ad ec       	ldi	r26, 0xCD	; 205
    1d94:	bc ec       	ldi	r27, 0xCC	; 204
    1d96:	0e 94 4e 1f 	call	0x3e9c	; 0x3e9c <__umulhisi3>
    1d9a:	ac 01       	movw	r20, r24
    1d9c:	56 95       	lsr	r21
    1d9e:	47 95       	ror	r20
    1da0:	56 95       	lsr	r21
    1da2:	47 95       	ror	r20
    1da4:	56 95       	lsr	r21
    1da6:	47 95       	ror	r20
    1da8:	9a 01       	movw	r18, r20
    1daa:	ad ec       	ldi	r26, 0xCD	; 205
    1dac:	bc ec       	ldi	r27, 0xCC	; 204
    1dae:	0e 94 4e 1f 	call	0x3e9c	; 0x3e9c <__umulhisi3>
    1db2:	96 95       	lsr	r25
    1db4:	87 95       	ror	r24
    1db6:	96 95       	lsr	r25
    1db8:	87 95       	ror	r24
    1dba:	96 95       	lsr	r25
    1dbc:	87 95       	ror	r24
    1dbe:	88 0f       	add	r24, r24
    1dc0:	99 1f       	adc	r25, r25
    1dc2:	9c 01       	movw	r18, r24
    1dc4:	22 0f       	add	r18, r18
    1dc6:	33 1f       	adc	r19, r19
    1dc8:	22 0f       	add	r18, r18
    1dca:	33 1f       	adc	r19, r19
    1dcc:	82 0f       	add	r24, r18
    1dce:	93 1f       	adc	r25, r19
    1dd0:	9a 01       	movw	r18, r20
    1dd2:	28 1b       	sub	r18, r24
    1dd4:	39 0b       	sbc	r19, r25
    1dd6:	c9 01       	movw	r24, r18
    1dd8:	20 e3       	ldi	r18, 0x30	; 48
    1dda:	28 0f       	add	r18, r24
    1ddc:	ce 01       	movw	r24, r28
    1dde:	8d 5f       	subi	r24, 0xFD	; 253
    1de0:	9e 4f       	sbci	r25, 0xFE	; 254
    1de2:	fc 01       	movw	r30, r24
    1de4:	21 8f       	std	Z+25, r18	; 0x19
    1de6:	80 91 7e 03 	lds	r24, 0x037E	; 0x80037e <__data_end>
    1dea:	90 91 7f 03 	lds	r25, 0x037F	; 0x80037f <__data_end+0x1>
				dsp_main.data [1][4] = ((ts_voltage/100)%10)+48;
    1dee:	96 95       	lsr	r25
    1df0:	87 95       	ror	r24
    1df2:	96 95       	lsr	r25
    1df4:	87 95       	ror	r24
    1df6:	9c 01       	movw	r18, r24
    1df8:	ab e7       	ldi	r26, 0x7B	; 123
    1dfa:	b4 e1       	ldi	r27, 0x14	; 20
    1dfc:	0e 94 4e 1f 	call	0x3e9c	; 0x3e9c <__umulhisi3>
    1e00:	ac 01       	movw	r20, r24
    1e02:	56 95       	lsr	r21
    1e04:	47 95       	ror	r20
    1e06:	9a 01       	movw	r18, r20
    1e08:	ad ec       	ldi	r26, 0xCD	; 205
    1e0a:	bc ec       	ldi	r27, 0xCC	; 204
    1e0c:	0e 94 4e 1f 	call	0x3e9c	; 0x3e9c <__umulhisi3>
    1e10:	96 95       	lsr	r25
    1e12:	87 95       	ror	r24
    1e14:	96 95       	lsr	r25
    1e16:	87 95       	ror	r24
    1e18:	96 95       	lsr	r25
    1e1a:	87 95       	ror	r24
    1e1c:	88 0f       	add	r24, r24
    1e1e:	99 1f       	adc	r25, r25
    1e20:	9c 01       	movw	r18, r24
    1e22:	22 0f       	add	r18, r18
    1e24:	33 1f       	adc	r19, r19
    1e26:	22 0f       	add	r18, r18
    1e28:	33 1f       	adc	r19, r19
    1e2a:	82 0f       	add	r24, r18
    1e2c:	93 1f       	adc	r25, r19
    1e2e:	9a 01       	movw	r18, r20
    1e30:	28 1b       	sub	r18, r24
    1e32:	39 0b       	sbc	r19, r25
    1e34:	c9 01       	movw	r24, r18
    1e36:	20 e3       	ldi	r18, 0x30	; 48
    1e38:	28 0f       	add	r18, r24
    1e3a:	ce 01       	movw	r24, r28
    1e3c:	8d 5f       	subi	r24, 0xFD	; 253
    1e3e:	9e 4f       	sbci	r25, 0xFE	; 254
    1e40:	fc 01       	movw	r30, r24
    1e42:	20 8f       	std	Z+24, r18	; 0x18
    1e44:	40 91 8d 03 	lds	r20, 0x038D	; 0x80038d <bms_max_temp>
    1e48:	50 91 8e 03 	lds	r21, 0x038E	; 0x80038e <bms_max_temp+0x1>
				
				dsp_main.data [1][18] = (bms_max_temp%10)+48;
    1e4c:	9a 01       	movw	r18, r20
    1e4e:	ad ec       	ldi	r26, 0xCD	; 205
    1e50:	bc ec       	ldi	r27, 0xCC	; 204
    1e52:	0e 94 4e 1f 	call	0x3e9c	; 0x3e9c <__umulhisi3>
    1e56:	96 95       	lsr	r25
    1e58:	87 95       	ror	r24
    1e5a:	96 95       	lsr	r25
    1e5c:	87 95       	ror	r24
    1e5e:	96 95       	lsr	r25
    1e60:	87 95       	ror	r24
    1e62:	88 0f       	add	r24, r24
    1e64:	99 1f       	adc	r25, r25
    1e66:	9c 01       	movw	r18, r24
    1e68:	22 0f       	add	r18, r18
    1e6a:	33 1f       	adc	r19, r19
    1e6c:	22 0f       	add	r18, r18
    1e6e:	33 1f       	adc	r19, r19
    1e70:	82 0f       	add	r24, r18
    1e72:	93 1f       	adc	r25, r19
    1e74:	9a 01       	movw	r18, r20
    1e76:	28 1b       	sub	r18, r24
    1e78:	39 0b       	sbc	r19, r25
    1e7a:	c9 01       	movw	r24, r18
    1e7c:	20 e3       	ldi	r18, 0x30	; 48
    1e7e:	28 0f       	add	r18, r24
    1e80:	ce 01       	movw	r24, r28
    1e82:	8d 5f       	subi	r24, 0xFD	; 253
    1e84:	9e 4f       	sbci	r25, 0xFE	; 254
    1e86:	fc 01       	movw	r30, r24
    1e88:	26 a3       	std	Z+38, r18	; 0x26
    1e8a:	80 91 8d 03 	lds	r24, 0x038D	; 0x80038d <bms_max_temp>
    1e8e:	90 91 8e 03 	lds	r25, 0x038E	; 0x80038e <bms_max_temp+0x1>
				dsp_main.data [1][16] = ((bms_max_temp/10)%10)+48;
    1e92:	9c 01       	movw	r18, r24
    1e94:	ad ec       	ldi	r26, 0xCD	; 205
    1e96:	bc ec       	ldi	r27, 0xCC	; 204
    1e98:	0e 94 4e 1f 	call	0x3e9c	; 0x3e9c <__umulhisi3>
    1e9c:	ac 01       	movw	r20, r24
    1e9e:	56 95       	lsr	r21
    1ea0:	47 95       	ror	r20
    1ea2:	56 95       	lsr	r21
    1ea4:	47 95       	ror	r20
    1ea6:	56 95       	lsr	r21
    1ea8:	47 95       	ror	r20
    1eaa:	9a 01       	movw	r18, r20
    1eac:	ad ec       	ldi	r26, 0xCD	; 205
    1eae:	bc ec       	ldi	r27, 0xCC	; 204
    1eb0:	0e 94 4e 1f 	call	0x3e9c	; 0x3e9c <__umulhisi3>
    1eb4:	96 95       	lsr	r25
    1eb6:	87 95       	ror	r24
    1eb8:	96 95       	lsr	r25
    1eba:	87 95       	ror	r24
    1ebc:	96 95       	lsr	r25
    1ebe:	87 95       	ror	r24
    1ec0:	88 0f       	add	r24, r24
    1ec2:	99 1f       	adc	r25, r25
    1ec4:	9c 01       	movw	r18, r24
    1ec6:	22 0f       	add	r18, r18
    1ec8:	33 1f       	adc	r19, r19
    1eca:	22 0f       	add	r18, r18
    1ecc:	33 1f       	adc	r19, r19
    1ece:	82 0f       	add	r24, r18
    1ed0:	93 1f       	adc	r25, r19
    1ed2:	9a 01       	movw	r18, r20
    1ed4:	28 1b       	sub	r18, r24
    1ed6:	39 0b       	sbc	r19, r25
    1ed8:	c9 01       	movw	r24, r18
    1eda:	20 e3       	ldi	r18, 0x30	; 48
    1edc:	28 0f       	add	r18, r24
    1ede:	ce 01       	movw	r24, r28
    1ee0:	8d 5f       	subi	r24, 0xFD	; 253
    1ee2:	9e 4f       	sbci	r25, 0xFE	; 254
    1ee4:	fc 01       	movw	r30, r24
    1ee6:	24 a3       	std	Z+36, r18	; 0x24
    1ee8:	80 91 8d 03 	lds	r24, 0x038D	; 0x80038d <bms_max_temp>
    1eec:	90 91 8e 03 	lds	r25, 0x038E	; 0x80038e <bms_max_temp+0x1>
				dsp_main.data [1][15] = ((bms_max_temp/100)%10)+48;
    1ef0:	96 95       	lsr	r25
    1ef2:	87 95       	ror	r24
    1ef4:	96 95       	lsr	r25
    1ef6:	87 95       	ror	r24
    1ef8:	9c 01       	movw	r18, r24
    1efa:	ab e7       	ldi	r26, 0x7B	; 123
    1efc:	b4 e1       	ldi	r27, 0x14	; 20
    1efe:	0e 94 4e 1f 	call	0x3e9c	; 0x3e9c <__umulhisi3>
    1f02:	ac 01       	movw	r20, r24
    1f04:	56 95       	lsr	r21
    1f06:	47 95       	ror	r20
    1f08:	9a 01       	movw	r18, r20
    1f0a:	ad ec       	ldi	r26, 0xCD	; 205
    1f0c:	bc ec       	ldi	r27, 0xCC	; 204
    1f0e:	0e 94 4e 1f 	call	0x3e9c	; 0x3e9c <__umulhisi3>
    1f12:	96 95       	lsr	r25
    1f14:	87 95       	ror	r24
    1f16:	96 95       	lsr	r25
    1f18:	87 95       	ror	r24
    1f1a:	96 95       	lsr	r25
    1f1c:	87 95       	ror	r24
    1f1e:	88 0f       	add	r24, r24
    1f20:	99 1f       	adc	r25, r25
    1f22:	9c 01       	movw	r18, r24
    1f24:	22 0f       	add	r18, r18
    1f26:	33 1f       	adc	r19, r19
    1f28:	22 0f       	add	r18, r18
    1f2a:	33 1f       	adc	r19, r19
    1f2c:	82 0f       	add	r24, r18
    1f2e:	93 1f       	adc	r25, r19
    1f30:	9a 01       	movw	r18, r20
    1f32:	28 1b       	sub	r18, r24
    1f34:	39 0b       	sbc	r19, r25
    1f36:	c9 01       	movw	r24, r18
    1f38:	20 e3       	ldi	r18, 0x30	; 48
    1f3a:	28 0f       	add	r18, r24
    1f3c:	ce 01       	movw	r24, r28
    1f3e:	8d 5f       	subi	r24, 0xFD	; 253
    1f40:	9e 4f       	sbci	r25, 0xFE	; 254
    1f42:	fc 01       	movw	r30, r24
    1f44:	23 a3       	std	Z+35, r18	; 0x23
    1f46:	40 91 ab 03 	lds	r20, 0x03AB	; 0x8003ab <battery_voltage>
    1f4a:	50 91 ac 03 	lds	r21, 0x03AC	; 0x8003ac <battery_voltage+0x1>
				
				dsp_main.data [2][7] = (battery_voltage%10)+48;
    1f4e:	9a 01       	movw	r18, r20
    1f50:	ad ec       	ldi	r26, 0xCD	; 205
    1f52:	bc ec       	ldi	r27, 0xCC	; 204
    1f54:	0e 94 4e 1f 	call	0x3e9c	; 0x3e9c <__umulhisi3>
    1f58:	96 95       	lsr	r25
    1f5a:	87 95       	ror	r24
    1f5c:	96 95       	lsr	r25
    1f5e:	87 95       	ror	r24
    1f60:	96 95       	lsr	r25
    1f62:	87 95       	ror	r24
    1f64:	88 0f       	add	r24, r24
    1f66:	99 1f       	adc	r25, r25
    1f68:	9c 01       	movw	r18, r24
    1f6a:	22 0f       	add	r18, r18
    1f6c:	33 1f       	adc	r19, r19
    1f6e:	22 0f       	add	r18, r18
    1f70:	33 1f       	adc	r19, r19
    1f72:	82 0f       	add	r24, r18
    1f74:	93 1f       	adc	r25, r19
    1f76:	9a 01       	movw	r18, r20
    1f78:	28 1b       	sub	r18, r24
    1f7a:	39 0b       	sbc	r19, r25
    1f7c:	c9 01       	movw	r24, r18
    1f7e:	20 e3       	ldi	r18, 0x30	; 48
    1f80:	28 0f       	add	r18, r24
    1f82:	ce 01       	movw	r24, r28
    1f84:	8d 5f       	subi	r24, 0xFD	; 253
    1f86:	9e 4f       	sbci	r25, 0xFE	; 254
    1f88:	fc 01       	movw	r30, r24
    1f8a:	27 a7       	std	Z+47, r18	; 0x2f
    1f8c:	80 91 ab 03 	lds	r24, 0x03AB	; 0x8003ab <battery_voltage>
    1f90:	90 91 ac 03 	lds	r25, 0x03AC	; 0x8003ac <battery_voltage+0x1>
				dsp_main.data [2][5] = ((battery_voltage/10)%10)+48;
    1f94:	9c 01       	movw	r18, r24
    1f96:	ad ec       	ldi	r26, 0xCD	; 205
    1f98:	bc ec       	ldi	r27, 0xCC	; 204
    1f9a:	0e 94 4e 1f 	call	0x3e9c	; 0x3e9c <__umulhisi3>
    1f9e:	ac 01       	movw	r20, r24
    1fa0:	56 95       	lsr	r21
    1fa2:	47 95       	ror	r20
    1fa4:	56 95       	lsr	r21
    1fa6:	47 95       	ror	r20
    1fa8:	56 95       	lsr	r21
    1faa:	47 95       	ror	r20
    1fac:	9a 01       	movw	r18, r20
    1fae:	ad ec       	ldi	r26, 0xCD	; 205
    1fb0:	bc ec       	ldi	r27, 0xCC	; 204
    1fb2:	0e 94 4e 1f 	call	0x3e9c	; 0x3e9c <__umulhisi3>
    1fb6:	96 95       	lsr	r25
    1fb8:	87 95       	ror	r24
    1fba:	96 95       	lsr	r25
    1fbc:	87 95       	ror	r24
    1fbe:	96 95       	lsr	r25
    1fc0:	87 95       	ror	r24
    1fc2:	88 0f       	add	r24, r24
    1fc4:	99 1f       	adc	r25, r25
    1fc6:	9c 01       	movw	r18, r24
    1fc8:	22 0f       	add	r18, r18
    1fca:	33 1f       	adc	r19, r19
    1fcc:	22 0f       	add	r18, r18
    1fce:	33 1f       	adc	r19, r19
    1fd0:	82 0f       	add	r24, r18
    1fd2:	93 1f       	adc	r25, r19
    1fd4:	9a 01       	movw	r18, r20
    1fd6:	28 1b       	sub	r18, r24
    1fd8:	39 0b       	sbc	r19, r25
    1fda:	c9 01       	movw	r24, r18
    1fdc:	20 e3       	ldi	r18, 0x30	; 48
    1fde:	28 0f       	add	r18, r24
    1fe0:	ce 01       	movw	r24, r28
    1fe2:	8d 5f       	subi	r24, 0xFD	; 253
    1fe4:	9e 4f       	sbci	r25, 0xFE	; 254
    1fe6:	fc 01       	movw	r30, r24
    1fe8:	25 a7       	std	Z+45, r18	; 0x2d
    1fea:	80 91 ab 03 	lds	r24, 0x03AB	; 0x8003ab <battery_voltage>
    1fee:	90 91 ac 03 	lds	r25, 0x03AC	; 0x8003ac <battery_voltage+0x1>
				dsp_main.data [2][4] = ((battery_voltage/100)%10)+48;
    1ff2:	96 95       	lsr	r25
    1ff4:	87 95       	ror	r24
    1ff6:	96 95       	lsr	r25
    1ff8:	87 95       	ror	r24
    1ffa:	9c 01       	movw	r18, r24
    1ffc:	ab e7       	ldi	r26, 0x7B	; 123
    1ffe:	b4 e1       	ldi	r27, 0x14	; 20
    2000:	0e 94 4e 1f 	call	0x3e9c	; 0x3e9c <__umulhisi3>
    2004:	ac 01       	movw	r20, r24
    2006:	56 95       	lsr	r21
    2008:	47 95       	ror	r20
    200a:	9a 01       	movw	r18, r20
    200c:	ad ec       	ldi	r26, 0xCD	; 205
    200e:	bc ec       	ldi	r27, 0xCC	; 204
    2010:	0e 94 4e 1f 	call	0x3e9c	; 0x3e9c <__umulhisi3>
    2014:	96 95       	lsr	r25
    2016:	87 95       	ror	r24
    2018:	96 95       	lsr	r25
    201a:	87 95       	ror	r24
    201c:	96 95       	lsr	r25
    201e:	87 95       	ror	r24
    2020:	88 0f       	add	r24, r24
    2022:	99 1f       	adc	r25, r25
    2024:	9c 01       	movw	r18, r24
    2026:	22 0f       	add	r18, r18
    2028:	33 1f       	adc	r19, r19
    202a:	22 0f       	add	r18, r18
    202c:	33 1f       	adc	r19, r19
    202e:	82 0f       	add	r24, r18
    2030:	93 1f       	adc	r25, r19
    2032:	9a 01       	movw	r18, r20
    2034:	28 1b       	sub	r18, r24
    2036:	39 0b       	sbc	r19, r25
    2038:	c9 01       	movw	r24, r18
    203a:	20 e3       	ldi	r18, 0x30	; 48
    203c:	28 0f       	add	r18, r24
    203e:	ce 01       	movw	r24, r28
    2040:	8d 5f       	subi	r24, 0xFD	; 253
    2042:	9e 4f       	sbci	r25, 0xFE	; 254
    2044:	fc 01       	movw	r30, r24
    2046:	24 a7       	std	Z+44, r18	; 0x2c
    2048:	40 91 99 03 	lds	r20, 0x0399	; 0x800399 <cooling_1>
    204c:	50 91 9a 03 	lds	r21, 0x039A	; 0x80039a <cooling_1+0x1>
				
				dsp_main.data [2][18] = (cooling_1%10)+48;
    2050:	9a 01       	movw	r18, r20
    2052:	ad ec       	ldi	r26, 0xCD	; 205
    2054:	bc ec       	ldi	r27, 0xCC	; 204
    2056:	0e 94 4e 1f 	call	0x3e9c	; 0x3e9c <__umulhisi3>
    205a:	96 95       	lsr	r25
    205c:	87 95       	ror	r24
    205e:	96 95       	lsr	r25
    2060:	87 95       	ror	r24
    2062:	96 95       	lsr	r25
    2064:	87 95       	ror	r24
    2066:	88 0f       	add	r24, r24
    2068:	99 1f       	adc	r25, r25
    206a:	9c 01       	movw	r18, r24
    206c:	22 0f       	add	r18, r18
    206e:	33 1f       	adc	r19, r19
    2070:	22 0f       	add	r18, r18
    2072:	33 1f       	adc	r19, r19
    2074:	82 0f       	add	r24, r18
    2076:	93 1f       	adc	r25, r19
    2078:	9a 01       	movw	r18, r20
    207a:	28 1b       	sub	r18, r24
    207c:	39 0b       	sbc	r19, r25
    207e:	c9 01       	movw	r24, r18
    2080:	20 e3       	ldi	r18, 0x30	; 48
    2082:	28 0f       	add	r18, r24
    2084:	ce 01       	movw	r24, r28
    2086:	8d 5f       	subi	r24, 0xFD	; 253
    2088:	9e 4f       	sbci	r25, 0xFE	; 254
    208a:	fc 01       	movw	r30, r24
    208c:	22 af       	std	Z+58, r18	; 0x3a
    208e:	80 91 99 03 	lds	r24, 0x0399	; 0x800399 <cooling_1>
    2092:	90 91 9a 03 	lds	r25, 0x039A	; 0x80039a <cooling_1+0x1>
				dsp_main.data [2][16] = ((cooling_1/10)%10)+48;
    2096:	9c 01       	movw	r18, r24
    2098:	ad ec       	ldi	r26, 0xCD	; 205
    209a:	bc ec       	ldi	r27, 0xCC	; 204
    209c:	0e 94 4e 1f 	call	0x3e9c	; 0x3e9c <__umulhisi3>
    20a0:	ac 01       	movw	r20, r24
    20a2:	56 95       	lsr	r21
    20a4:	47 95       	ror	r20
    20a6:	56 95       	lsr	r21
    20a8:	47 95       	ror	r20
    20aa:	56 95       	lsr	r21
    20ac:	47 95       	ror	r20
    20ae:	9a 01       	movw	r18, r20
    20b0:	ad ec       	ldi	r26, 0xCD	; 205
    20b2:	bc ec       	ldi	r27, 0xCC	; 204
    20b4:	0e 94 4e 1f 	call	0x3e9c	; 0x3e9c <__umulhisi3>
    20b8:	96 95       	lsr	r25
    20ba:	87 95       	ror	r24
    20bc:	96 95       	lsr	r25
    20be:	87 95       	ror	r24
    20c0:	96 95       	lsr	r25
    20c2:	87 95       	ror	r24
    20c4:	88 0f       	add	r24, r24
    20c6:	99 1f       	adc	r25, r25
    20c8:	9c 01       	movw	r18, r24
    20ca:	22 0f       	add	r18, r18
    20cc:	33 1f       	adc	r19, r19
    20ce:	22 0f       	add	r18, r18
    20d0:	33 1f       	adc	r19, r19
    20d2:	82 0f       	add	r24, r18
    20d4:	93 1f       	adc	r25, r19
    20d6:	9a 01       	movw	r18, r20
    20d8:	28 1b       	sub	r18, r24
    20da:	39 0b       	sbc	r19, r25
    20dc:	c9 01       	movw	r24, r18
    20de:	20 e3       	ldi	r18, 0x30	; 48
    20e0:	28 0f       	add	r18, r24
    20e2:	ce 01       	movw	r24, r28
    20e4:	8d 5f       	subi	r24, 0xFD	; 253
    20e6:	9e 4f       	sbci	r25, 0xFE	; 254
    20e8:	fc 01       	movw	r30, r24
    20ea:	20 af       	std	Z+56, r18	; 0x38
    20ec:	80 91 99 03 	lds	r24, 0x0399	; 0x800399 <cooling_1>
    20f0:	90 91 9a 03 	lds	r25, 0x039A	; 0x80039a <cooling_1+0x1>
				dsp_main.data [2][15] = ((cooling_1/100)%10)+48;
    20f4:	96 95       	lsr	r25
    20f6:	87 95       	ror	r24
    20f8:	96 95       	lsr	r25
    20fa:	87 95       	ror	r24
    20fc:	9c 01       	movw	r18, r24
    20fe:	ab e7       	ldi	r26, 0x7B	; 123
    2100:	b4 e1       	ldi	r27, 0x14	; 20
    2102:	0e 94 4e 1f 	call	0x3e9c	; 0x3e9c <__umulhisi3>
    2106:	ac 01       	movw	r20, r24
    2108:	56 95       	lsr	r21
    210a:	47 95       	ror	r20
    210c:	9a 01       	movw	r18, r20
    210e:	ad ec       	ldi	r26, 0xCD	; 205
    2110:	bc ec       	ldi	r27, 0xCC	; 204
    2112:	0e 94 4e 1f 	call	0x3e9c	; 0x3e9c <__umulhisi3>
    2116:	96 95       	lsr	r25
    2118:	87 95       	ror	r24
    211a:	96 95       	lsr	r25
    211c:	87 95       	ror	r24
    211e:	96 95       	lsr	r25
    2120:	87 95       	ror	r24
    2122:	88 0f       	add	r24, r24
    2124:	99 1f       	adc	r25, r25
    2126:	9c 01       	movw	r18, r24
    2128:	22 0f       	add	r18, r18
    212a:	33 1f       	adc	r19, r19
    212c:	22 0f       	add	r18, r18
    212e:	33 1f       	adc	r19, r19
    2130:	82 0f       	add	r24, r18
    2132:	93 1f       	adc	r25, r19
    2134:	9a 01       	movw	r18, r20
    2136:	28 1b       	sub	r18, r24
    2138:	39 0b       	sbc	r19, r25
    213a:	c9 01       	movw	r24, r18
    213c:	20 e3       	ldi	r18, 0x30	; 48
    213e:	28 0f       	add	r18, r24
    2140:	ce 01       	movw	r24, r28
    2142:	8d 5f       	subi	r24, 0xFD	; 253
    2144:	9e 4f       	sbci	r25, 0xFE	; 254
    2146:	fc 01       	movw	r30, r24
    2148:	27 ab       	std	Z+55, r18	; 0x37
    214a:	40 91 91 03 	lds	r20, 0x0391	; 0x800391 <APPS1>
    214e:	50 91 92 03 	lds	r21, 0x0392	; 0x800392 <APPS1+0x1>
				
				dsp_main.data [3][8] = (APPS1%10)+48;
    2152:	9a 01       	movw	r18, r20
    2154:	ad ec       	ldi	r26, 0xCD	; 205
    2156:	bc ec       	ldi	r27, 0xCC	; 204
    2158:	0e 94 4e 1f 	call	0x3e9c	; 0x3e9c <__umulhisi3>
    215c:	96 95       	lsr	r25
    215e:	87 95       	ror	r24
    2160:	96 95       	lsr	r25
    2162:	87 95       	ror	r24
    2164:	96 95       	lsr	r25
    2166:	87 95       	ror	r24
    2168:	88 0f       	add	r24, r24
    216a:	99 1f       	adc	r25, r25
    216c:	9c 01       	movw	r18, r24
    216e:	22 0f       	add	r18, r18
    2170:	33 1f       	adc	r19, r19
    2172:	22 0f       	add	r18, r18
    2174:	33 1f       	adc	r19, r19
    2176:	82 0f       	add	r24, r18
    2178:	93 1f       	adc	r25, r19
    217a:	9a 01       	movw	r18, r20
    217c:	28 1b       	sub	r18, r24
    217e:	39 0b       	sbc	r19, r25
    2180:	c9 01       	movw	r24, r18
    2182:	20 e3       	ldi	r18, 0x30	; 48
    2184:	28 0f       	add	r18, r24
    2186:	ce 01       	movw	r24, r28
    2188:	8d 5f       	subi	r24, 0xFD	; 253
    218a:	9e 4f       	sbci	r25, 0xFE	; 254
    218c:	8c 5b       	subi	r24, 0xBC	; 188
    218e:	9f 4f       	sbci	r25, 0xFF	; 255
    2190:	fc 01       	movw	r30, r24
    2192:	20 83       	st	Z, r18
    2194:	80 91 91 03 	lds	r24, 0x0391	; 0x800391 <APPS1>
    2198:	90 91 92 03 	lds	r25, 0x0392	; 0x800392 <APPS1+0x1>
				dsp_main.data [3][7] = ((APPS1/10)%10)+48;
    219c:	9c 01       	movw	r18, r24
    219e:	ad ec       	ldi	r26, 0xCD	; 205
    21a0:	bc ec       	ldi	r27, 0xCC	; 204
    21a2:	0e 94 4e 1f 	call	0x3e9c	; 0x3e9c <__umulhisi3>
    21a6:	ac 01       	movw	r20, r24
    21a8:	56 95       	lsr	r21
    21aa:	47 95       	ror	r20
    21ac:	56 95       	lsr	r21
    21ae:	47 95       	ror	r20
    21b0:	56 95       	lsr	r21
    21b2:	47 95       	ror	r20
    21b4:	9a 01       	movw	r18, r20
    21b6:	ad ec       	ldi	r26, 0xCD	; 205
    21b8:	bc ec       	ldi	r27, 0xCC	; 204
    21ba:	0e 94 4e 1f 	call	0x3e9c	; 0x3e9c <__umulhisi3>
    21be:	96 95       	lsr	r25
    21c0:	87 95       	ror	r24
    21c2:	96 95       	lsr	r25
    21c4:	87 95       	ror	r24
    21c6:	96 95       	lsr	r25
    21c8:	87 95       	ror	r24
    21ca:	88 0f       	add	r24, r24
    21cc:	99 1f       	adc	r25, r25
    21ce:	9c 01       	movw	r18, r24
    21d0:	22 0f       	add	r18, r18
    21d2:	33 1f       	adc	r19, r19
    21d4:	22 0f       	add	r18, r18
    21d6:	33 1f       	adc	r19, r19
    21d8:	82 0f       	add	r24, r18
    21da:	93 1f       	adc	r25, r19
    21dc:	9a 01       	movw	r18, r20
    21de:	28 1b       	sub	r18, r24
    21e0:	39 0b       	sbc	r19, r25
    21e2:	c9 01       	movw	r24, r18
    21e4:	20 e3       	ldi	r18, 0x30	; 48
    21e6:	28 0f       	add	r18, r24
    21e8:	ce 01       	movw	r24, r28
    21ea:	8d 5f       	subi	r24, 0xFD	; 253
    21ec:	9e 4f       	sbci	r25, 0xFE	; 254
    21ee:	8d 5b       	subi	r24, 0xBD	; 189
    21f0:	9f 4f       	sbci	r25, 0xFF	; 255
    21f2:	fc 01       	movw	r30, r24
    21f4:	20 83       	st	Z, r18
    21f6:	80 91 91 03 	lds	r24, 0x0391	; 0x800391 <APPS1>
    21fa:	90 91 92 03 	lds	r25, 0x0392	; 0x800392 <APPS1+0x1>
				dsp_main.data [3][6] = ((APPS1/100)%10)+48;
    21fe:	96 95       	lsr	r25
    2200:	87 95       	ror	r24
    2202:	96 95       	lsr	r25
    2204:	87 95       	ror	r24
    2206:	9c 01       	movw	r18, r24
    2208:	ab e7       	ldi	r26, 0x7B	; 123
    220a:	b4 e1       	ldi	r27, 0x14	; 20
    220c:	0e 94 4e 1f 	call	0x3e9c	; 0x3e9c <__umulhisi3>
    2210:	ac 01       	movw	r20, r24
    2212:	56 95       	lsr	r21
    2214:	47 95       	ror	r20
    2216:	9a 01       	movw	r18, r20
    2218:	ad ec       	ldi	r26, 0xCD	; 205
    221a:	bc ec       	ldi	r27, 0xCC	; 204
    221c:	0e 94 4e 1f 	call	0x3e9c	; 0x3e9c <__umulhisi3>
    2220:	96 95       	lsr	r25
    2222:	87 95       	ror	r24
    2224:	96 95       	lsr	r25
    2226:	87 95       	ror	r24
    2228:	96 95       	lsr	r25
    222a:	87 95       	ror	r24
    222c:	88 0f       	add	r24, r24
    222e:	99 1f       	adc	r25, r25
    2230:	9c 01       	movw	r18, r24
    2232:	22 0f       	add	r18, r18
    2234:	33 1f       	adc	r19, r19
    2236:	22 0f       	add	r18, r18
    2238:	33 1f       	adc	r19, r19
    223a:	82 0f       	add	r24, r18
    223c:	93 1f       	adc	r25, r19
    223e:	9a 01       	movw	r18, r20
    2240:	28 1b       	sub	r18, r24
    2242:	39 0b       	sbc	r19, r25
    2244:	c9 01       	movw	r24, r18
    2246:	20 e3       	ldi	r18, 0x30	; 48
    2248:	28 0f       	add	r18, r24
    224a:	ce 01       	movw	r24, r28
    224c:	8d 5f       	subi	r24, 0xFD	; 253
    224e:	9e 4f       	sbci	r25, 0xFE	; 254
    2250:	8e 5b       	subi	r24, 0xBE	; 190
    2252:	9f 4f       	sbci	r25, 0xFF	; 255
    2254:	fc 01       	movw	r30, r24
    2256:	20 83       	st	Z, r18
    2258:	ce 01       	movw	r24, r28
    225a:	8d 59       	subi	r24, 0x9D	; 157
    225c:	9f 4f       	sbci	r25, 0xFF	; 255
    225e:	2f 81       	ldd	r18, Y+7	; 0x07
				
			}
			if(active_display == &dsp_debug)
    2260:	38 85       	ldd	r19, Y+8	; 0x08
    2262:	28 17       	cp	r18, r24
    2264:	39 07       	cpc	r19, r25
    2266:	09 f0       	breq	.+2      	; 0x226a <main+0xada>
    2268:	b2 c3       	rjmp	.+1892   	; 0x29ce <main+0x123e>
    226a:	40 91 7e 03 	lds	r20, 0x037E	; 0x80037e <__data_end>
    226e:	50 91 7f 03 	lds	r21, 0x037F	; 0x80037f <__data_end+0x1>
			{
				dsp_debug.data [0][6] = (ts_voltage%10)+48;
    2272:	9a 01       	movw	r18, r20
    2274:	ad ec       	ldi	r26, 0xCD	; 205
    2276:	bc ec       	ldi	r27, 0xCC	; 204
    2278:	0e 94 4e 1f 	call	0x3e9c	; 0x3e9c <__umulhisi3>
    227c:	96 95       	lsr	r25
    227e:	87 95       	ror	r24
    2280:	96 95       	lsr	r25
    2282:	87 95       	ror	r24
    2284:	96 95       	lsr	r25
    2286:	87 95       	ror	r24
    2288:	88 0f       	add	r24, r24
    228a:	99 1f       	adc	r25, r25
    228c:	9c 01       	movw	r18, r24
    228e:	22 0f       	add	r18, r18
    2290:	33 1f       	adc	r19, r19
    2292:	22 0f       	add	r18, r18
    2294:	33 1f       	adc	r19, r19
    2296:	82 0f       	add	r24, r18
    2298:	93 1f       	adc	r25, r19
    229a:	9a 01       	movw	r18, r20
    229c:	28 1b       	sub	r18, r24
    229e:	39 0b       	sbc	r19, r25
    22a0:	c9 01       	movw	r24, r18
    22a2:	20 e3       	ldi	r18, 0x30	; 48
    22a4:	28 0f       	add	r18, r24
    22a6:	ce 01       	movw	r24, r28
    22a8:	8d 59       	subi	r24, 0x9D	; 157
    22aa:	9f 4f       	sbci	r25, 0xFF	; 255
    22ac:	fc 01       	movw	r30, r24
    22ae:	26 83       	std	Z+6, r18	; 0x06
    22b0:	80 91 7e 03 	lds	r24, 0x037E	; 0x80037e <__data_end>
    22b4:	90 91 7f 03 	lds	r25, 0x037F	; 0x80037f <__data_end+0x1>
				dsp_debug.data [0][5] = ((ts_voltage/10)%10)+48;
    22b8:	9c 01       	movw	r18, r24
    22ba:	ad ec       	ldi	r26, 0xCD	; 205
    22bc:	bc ec       	ldi	r27, 0xCC	; 204
    22be:	0e 94 4e 1f 	call	0x3e9c	; 0x3e9c <__umulhisi3>
    22c2:	ac 01       	movw	r20, r24
    22c4:	56 95       	lsr	r21
    22c6:	47 95       	ror	r20
    22c8:	56 95       	lsr	r21
    22ca:	47 95       	ror	r20
    22cc:	56 95       	lsr	r21
    22ce:	47 95       	ror	r20
    22d0:	9a 01       	movw	r18, r20
    22d2:	ad ec       	ldi	r26, 0xCD	; 205
    22d4:	bc ec       	ldi	r27, 0xCC	; 204
    22d6:	0e 94 4e 1f 	call	0x3e9c	; 0x3e9c <__umulhisi3>
    22da:	96 95       	lsr	r25
    22dc:	87 95       	ror	r24
    22de:	96 95       	lsr	r25
    22e0:	87 95       	ror	r24
    22e2:	96 95       	lsr	r25
    22e4:	87 95       	ror	r24
    22e6:	88 0f       	add	r24, r24
    22e8:	99 1f       	adc	r25, r25
    22ea:	9c 01       	movw	r18, r24
    22ec:	22 0f       	add	r18, r18
    22ee:	33 1f       	adc	r19, r19
    22f0:	22 0f       	add	r18, r18
    22f2:	33 1f       	adc	r19, r19
    22f4:	82 0f       	add	r24, r18
    22f6:	93 1f       	adc	r25, r19
    22f8:	9a 01       	movw	r18, r20
    22fa:	28 1b       	sub	r18, r24
    22fc:	39 0b       	sbc	r19, r25
    22fe:	c9 01       	movw	r24, r18
    2300:	20 e3       	ldi	r18, 0x30	; 48
    2302:	28 0f       	add	r18, r24
    2304:	ce 01       	movw	r24, r28
    2306:	8d 59       	subi	r24, 0x9D	; 157
    2308:	9f 4f       	sbci	r25, 0xFF	; 255
    230a:	fc 01       	movw	r30, r24
    230c:	25 83       	std	Z+5, r18	; 0x05
    230e:	80 91 7e 03 	lds	r24, 0x037E	; 0x80037e <__data_end>
    2312:	90 91 7f 03 	lds	r25, 0x037F	; 0x80037f <__data_end+0x1>
				dsp_debug.data [0][4] = ((ts_voltage/100)%10)+48;
    2316:	96 95       	lsr	r25
    2318:	87 95       	ror	r24
    231a:	96 95       	lsr	r25
    231c:	87 95       	ror	r24
    231e:	9c 01       	movw	r18, r24
    2320:	ab e7       	ldi	r26, 0x7B	; 123
    2322:	b4 e1       	ldi	r27, 0x14	; 20
    2324:	0e 94 4e 1f 	call	0x3e9c	; 0x3e9c <__umulhisi3>
    2328:	ac 01       	movw	r20, r24
    232a:	56 95       	lsr	r21
    232c:	47 95       	ror	r20
    232e:	9a 01       	movw	r18, r20
    2330:	ad ec       	ldi	r26, 0xCD	; 205
    2332:	bc ec       	ldi	r27, 0xCC	; 204
    2334:	0e 94 4e 1f 	call	0x3e9c	; 0x3e9c <__umulhisi3>
    2338:	96 95       	lsr	r25
    233a:	87 95       	ror	r24
    233c:	96 95       	lsr	r25
    233e:	87 95       	ror	r24
    2340:	96 95       	lsr	r25
    2342:	87 95       	ror	r24
    2344:	88 0f       	add	r24, r24
    2346:	99 1f       	adc	r25, r25
    2348:	9c 01       	movw	r18, r24
    234a:	22 0f       	add	r18, r18
    234c:	33 1f       	adc	r19, r19
    234e:	22 0f       	add	r18, r18
    2350:	33 1f       	adc	r19, r19
    2352:	82 0f       	add	r24, r18
    2354:	93 1f       	adc	r25, r19
    2356:	9a 01       	movw	r18, r20
    2358:	28 1b       	sub	r18, r24
    235a:	39 0b       	sbc	r19, r25
    235c:	c9 01       	movw	r24, r18
    235e:	20 e3       	ldi	r18, 0x30	; 48
    2360:	28 0f       	add	r18, r24
    2362:	ce 01       	movw	r24, r28
    2364:	8d 59       	subi	r24, 0x9D	; 157
    2366:	9f 4f       	sbci	r25, 0xFF	; 255
    2368:	fc 01       	movw	r30, r24
    236a:	24 83       	std	Z+4, r18	; 0x04
    236c:	40 91 8d 03 	lds	r20, 0x038D	; 0x80038d <bms_max_temp>
    2370:	50 91 8e 03 	lds	r21, 0x038E	; 0x80038e <bms_max_temp+0x1>
				
				dsp_debug.data [0][18] = (bms_max_temp%10)+48;
    2374:	9a 01       	movw	r18, r20
    2376:	ad ec       	ldi	r26, 0xCD	; 205
    2378:	bc ec       	ldi	r27, 0xCC	; 204
    237a:	0e 94 4e 1f 	call	0x3e9c	; 0x3e9c <__umulhisi3>
    237e:	96 95       	lsr	r25
    2380:	87 95       	ror	r24
    2382:	96 95       	lsr	r25
    2384:	87 95       	ror	r24
    2386:	96 95       	lsr	r25
    2388:	87 95       	ror	r24
    238a:	88 0f       	add	r24, r24
    238c:	99 1f       	adc	r25, r25
    238e:	9c 01       	movw	r18, r24
    2390:	22 0f       	add	r18, r18
    2392:	33 1f       	adc	r19, r19
    2394:	22 0f       	add	r18, r18
    2396:	33 1f       	adc	r19, r19
    2398:	82 0f       	add	r24, r18
    239a:	93 1f       	adc	r25, r19
    239c:	9a 01       	movw	r18, r20
    239e:	28 1b       	sub	r18, r24
    23a0:	39 0b       	sbc	r19, r25
    23a2:	c9 01       	movw	r24, r18
    23a4:	20 e3       	ldi	r18, 0x30	; 48
    23a6:	28 0f       	add	r18, r24
    23a8:	ce 01       	movw	r24, r28
    23aa:	8d 59       	subi	r24, 0x9D	; 157
    23ac:	9f 4f       	sbci	r25, 0xFF	; 255
    23ae:	fc 01       	movw	r30, r24
    23b0:	22 8b       	std	Z+18, r18	; 0x12
    23b2:	80 91 8d 03 	lds	r24, 0x038D	; 0x80038d <bms_max_temp>
    23b6:	90 91 8e 03 	lds	r25, 0x038E	; 0x80038e <bms_max_temp+0x1>
				dsp_debug.data [0][16] = ((bms_max_temp/10)%10)+48;
    23ba:	9c 01       	movw	r18, r24
    23bc:	ad ec       	ldi	r26, 0xCD	; 205
    23be:	bc ec       	ldi	r27, 0xCC	; 204
    23c0:	0e 94 4e 1f 	call	0x3e9c	; 0x3e9c <__umulhisi3>
    23c4:	ac 01       	movw	r20, r24
    23c6:	56 95       	lsr	r21
    23c8:	47 95       	ror	r20
    23ca:	56 95       	lsr	r21
    23cc:	47 95       	ror	r20
    23ce:	56 95       	lsr	r21
    23d0:	47 95       	ror	r20
    23d2:	9a 01       	movw	r18, r20
    23d4:	ad ec       	ldi	r26, 0xCD	; 205
    23d6:	bc ec       	ldi	r27, 0xCC	; 204
    23d8:	0e 94 4e 1f 	call	0x3e9c	; 0x3e9c <__umulhisi3>
    23dc:	96 95       	lsr	r25
    23de:	87 95       	ror	r24
    23e0:	96 95       	lsr	r25
    23e2:	87 95       	ror	r24
    23e4:	96 95       	lsr	r25
    23e6:	87 95       	ror	r24
    23e8:	88 0f       	add	r24, r24
    23ea:	99 1f       	adc	r25, r25
    23ec:	9c 01       	movw	r18, r24
    23ee:	22 0f       	add	r18, r18
    23f0:	33 1f       	adc	r19, r19
    23f2:	22 0f       	add	r18, r18
    23f4:	33 1f       	adc	r19, r19
    23f6:	82 0f       	add	r24, r18
    23f8:	93 1f       	adc	r25, r19
    23fa:	9a 01       	movw	r18, r20
    23fc:	28 1b       	sub	r18, r24
    23fe:	39 0b       	sbc	r19, r25
    2400:	c9 01       	movw	r24, r18
    2402:	20 e3       	ldi	r18, 0x30	; 48
    2404:	28 0f       	add	r18, r24
    2406:	ce 01       	movw	r24, r28
    2408:	8d 59       	subi	r24, 0x9D	; 157
    240a:	9f 4f       	sbci	r25, 0xFF	; 255
    240c:	fc 01       	movw	r30, r24
    240e:	20 8b       	std	Z+16, r18	; 0x10
    2410:	80 91 8d 03 	lds	r24, 0x038D	; 0x80038d <bms_max_temp>
    2414:	90 91 8e 03 	lds	r25, 0x038E	; 0x80038e <bms_max_temp+0x1>
				dsp_debug.data [0][15] = ((bms_max_temp/100)%10)+48;
    2418:	96 95       	lsr	r25
    241a:	87 95       	ror	r24
    241c:	96 95       	lsr	r25
    241e:	87 95       	ror	r24
    2420:	9c 01       	movw	r18, r24
    2422:	ab e7       	ldi	r26, 0x7B	; 123
    2424:	b4 e1       	ldi	r27, 0x14	; 20
    2426:	0e 94 4e 1f 	call	0x3e9c	; 0x3e9c <__umulhisi3>
    242a:	ac 01       	movw	r20, r24
    242c:	56 95       	lsr	r21
    242e:	47 95       	ror	r20
    2430:	9a 01       	movw	r18, r20
    2432:	ad ec       	ldi	r26, 0xCD	; 205
    2434:	bc ec       	ldi	r27, 0xCC	; 204
    2436:	0e 94 4e 1f 	call	0x3e9c	; 0x3e9c <__umulhisi3>
    243a:	96 95       	lsr	r25
    243c:	87 95       	ror	r24
    243e:	96 95       	lsr	r25
    2440:	87 95       	ror	r24
    2442:	96 95       	lsr	r25
    2444:	87 95       	ror	r24
    2446:	88 0f       	add	r24, r24
    2448:	99 1f       	adc	r25, r25
    244a:	9c 01       	movw	r18, r24
    244c:	22 0f       	add	r18, r18
    244e:	33 1f       	adc	r19, r19
    2450:	22 0f       	add	r18, r18
    2452:	33 1f       	adc	r19, r19
    2454:	82 0f       	add	r24, r18
    2456:	93 1f       	adc	r25, r19
    2458:	9a 01       	movw	r18, r20
    245a:	28 1b       	sub	r18, r24
    245c:	39 0b       	sbc	r19, r25
    245e:	c9 01       	movw	r24, r18
    2460:	20 e3       	ldi	r18, 0x30	; 48
    2462:	28 0f       	add	r18, r24
    2464:	ce 01       	movw	r24, r28
    2466:	8d 59       	subi	r24, 0x9D	; 157
    2468:	9f 4f       	sbci	r25, 0xFF	; 255
    246a:	fc 01       	movw	r30, r24
    246c:	27 87       	std	Z+15, r18	; 0x0f
    246e:	40 91 ab 03 	lds	r20, 0x03AB	; 0x8003ab <battery_voltage>
    2472:	50 91 ac 03 	lds	r21, 0x03AC	; 0x8003ac <battery_voltage+0x1>
				
				dsp_debug.data [1][7] = (battery_voltage%10)+48;
    2476:	9a 01       	movw	r18, r20
    2478:	ad ec       	ldi	r26, 0xCD	; 205
    247a:	bc ec       	ldi	r27, 0xCC	; 204
    247c:	0e 94 4e 1f 	call	0x3e9c	; 0x3e9c <__umulhisi3>
    2480:	96 95       	lsr	r25
    2482:	87 95       	ror	r24
    2484:	96 95       	lsr	r25
    2486:	87 95       	ror	r24
    2488:	96 95       	lsr	r25
    248a:	87 95       	ror	r24
    248c:	88 0f       	add	r24, r24
    248e:	99 1f       	adc	r25, r25
    2490:	9c 01       	movw	r18, r24
    2492:	22 0f       	add	r18, r18
    2494:	33 1f       	adc	r19, r19
    2496:	22 0f       	add	r18, r18
    2498:	33 1f       	adc	r19, r19
    249a:	82 0f       	add	r24, r18
    249c:	93 1f       	adc	r25, r19
    249e:	9a 01       	movw	r18, r20
    24a0:	28 1b       	sub	r18, r24
    24a2:	39 0b       	sbc	r19, r25
    24a4:	c9 01       	movw	r24, r18
    24a6:	20 e3       	ldi	r18, 0x30	; 48
    24a8:	28 0f       	add	r18, r24
    24aa:	ce 01       	movw	r24, r28
    24ac:	8d 59       	subi	r24, 0x9D	; 157
    24ae:	9f 4f       	sbci	r25, 0xFF	; 255
    24b0:	fc 01       	movw	r30, r24
    24b2:	23 8f       	std	Z+27, r18	; 0x1b
    24b4:	80 91 ab 03 	lds	r24, 0x03AB	; 0x8003ab <battery_voltage>
    24b8:	90 91 ac 03 	lds	r25, 0x03AC	; 0x8003ac <battery_voltage+0x1>
				dsp_debug.data [1][5] = ((battery_voltage/10)%10)+48;
    24bc:	9c 01       	movw	r18, r24
    24be:	ad ec       	ldi	r26, 0xCD	; 205
    24c0:	bc ec       	ldi	r27, 0xCC	; 204
    24c2:	0e 94 4e 1f 	call	0x3e9c	; 0x3e9c <__umulhisi3>
    24c6:	ac 01       	movw	r20, r24
    24c8:	56 95       	lsr	r21
    24ca:	47 95       	ror	r20
    24cc:	56 95       	lsr	r21
    24ce:	47 95       	ror	r20
    24d0:	56 95       	lsr	r21
    24d2:	47 95       	ror	r20
    24d4:	9a 01       	movw	r18, r20
    24d6:	ad ec       	ldi	r26, 0xCD	; 205
    24d8:	bc ec       	ldi	r27, 0xCC	; 204
    24da:	0e 94 4e 1f 	call	0x3e9c	; 0x3e9c <__umulhisi3>
    24de:	96 95       	lsr	r25
    24e0:	87 95       	ror	r24
    24e2:	96 95       	lsr	r25
    24e4:	87 95       	ror	r24
    24e6:	96 95       	lsr	r25
    24e8:	87 95       	ror	r24
    24ea:	88 0f       	add	r24, r24
    24ec:	99 1f       	adc	r25, r25
    24ee:	9c 01       	movw	r18, r24
    24f0:	22 0f       	add	r18, r18
    24f2:	33 1f       	adc	r19, r19
    24f4:	22 0f       	add	r18, r18
    24f6:	33 1f       	adc	r19, r19
    24f8:	82 0f       	add	r24, r18
    24fa:	93 1f       	adc	r25, r19
    24fc:	9a 01       	movw	r18, r20
    24fe:	28 1b       	sub	r18, r24
    2500:	39 0b       	sbc	r19, r25
    2502:	c9 01       	movw	r24, r18
    2504:	20 e3       	ldi	r18, 0x30	; 48
    2506:	28 0f       	add	r18, r24
    2508:	ce 01       	movw	r24, r28
    250a:	8d 59       	subi	r24, 0x9D	; 157
    250c:	9f 4f       	sbci	r25, 0xFF	; 255
    250e:	fc 01       	movw	r30, r24
    2510:	21 8f       	std	Z+25, r18	; 0x19
    2512:	80 91 ab 03 	lds	r24, 0x03AB	; 0x8003ab <battery_voltage>
    2516:	90 91 ac 03 	lds	r25, 0x03AC	; 0x8003ac <battery_voltage+0x1>
				dsp_debug.data [1][4] = ((battery_voltage/100)%10)+48;
    251a:	96 95       	lsr	r25
    251c:	87 95       	ror	r24
    251e:	96 95       	lsr	r25
    2520:	87 95       	ror	r24
    2522:	9c 01       	movw	r18, r24
    2524:	ab e7       	ldi	r26, 0x7B	; 123
    2526:	b4 e1       	ldi	r27, 0x14	; 20
    2528:	0e 94 4e 1f 	call	0x3e9c	; 0x3e9c <__umulhisi3>
    252c:	ac 01       	movw	r20, r24
    252e:	56 95       	lsr	r21
    2530:	47 95       	ror	r20
    2532:	9a 01       	movw	r18, r20
    2534:	ad ec       	ldi	r26, 0xCD	; 205
    2536:	bc ec       	ldi	r27, 0xCC	; 204
    2538:	0e 94 4e 1f 	call	0x3e9c	; 0x3e9c <__umulhisi3>
    253c:	96 95       	lsr	r25
    253e:	87 95       	ror	r24
    2540:	96 95       	lsr	r25
    2542:	87 95       	ror	r24
    2544:	96 95       	lsr	r25
    2546:	87 95       	ror	r24
    2548:	88 0f       	add	r24, r24
    254a:	99 1f       	adc	r25, r25
    254c:	9c 01       	movw	r18, r24
    254e:	22 0f       	add	r18, r18
    2550:	33 1f       	adc	r19, r19
    2552:	22 0f       	add	r18, r18
    2554:	33 1f       	adc	r19, r19
    2556:	82 0f       	add	r24, r18
    2558:	93 1f       	adc	r25, r19
    255a:	9a 01       	movw	r18, r20
    255c:	28 1b       	sub	r18, r24
    255e:	39 0b       	sbc	r19, r25
    2560:	c9 01       	movw	r24, r18
    2562:	20 e3       	ldi	r18, 0x30	; 48
    2564:	28 0f       	add	r18, r24
    2566:	ce 01       	movw	r24, r28
    2568:	8d 59       	subi	r24, 0x9D	; 157
    256a:	9f 4f       	sbci	r25, 0xFF	; 255
    256c:	fc 01       	movw	r30, r24
    256e:	20 8f       	std	Z+24, r18	; 0x18
    2570:	40 91 99 03 	lds	r20, 0x0399	; 0x800399 <cooling_1>
    2574:	50 91 9a 03 	lds	r21, 0x039A	; 0x80039a <cooling_1+0x1>
				
				dsp_debug.data [1][18] = (cooling_1%10)+48;
    2578:	9a 01       	movw	r18, r20
    257a:	ad ec       	ldi	r26, 0xCD	; 205
    257c:	bc ec       	ldi	r27, 0xCC	; 204
    257e:	0e 94 4e 1f 	call	0x3e9c	; 0x3e9c <__umulhisi3>
    2582:	96 95       	lsr	r25
    2584:	87 95       	ror	r24
    2586:	96 95       	lsr	r25
    2588:	87 95       	ror	r24
    258a:	96 95       	lsr	r25
    258c:	87 95       	ror	r24
    258e:	88 0f       	add	r24, r24
    2590:	99 1f       	adc	r25, r25
    2592:	9c 01       	movw	r18, r24
    2594:	22 0f       	add	r18, r18
    2596:	33 1f       	adc	r19, r19
    2598:	22 0f       	add	r18, r18
    259a:	33 1f       	adc	r19, r19
    259c:	82 0f       	add	r24, r18
    259e:	93 1f       	adc	r25, r19
    25a0:	9a 01       	movw	r18, r20
    25a2:	28 1b       	sub	r18, r24
    25a4:	39 0b       	sbc	r19, r25
    25a6:	c9 01       	movw	r24, r18
    25a8:	20 e3       	ldi	r18, 0x30	; 48
    25aa:	28 0f       	add	r18, r24
    25ac:	ce 01       	movw	r24, r28
    25ae:	8d 59       	subi	r24, 0x9D	; 157
    25b0:	9f 4f       	sbci	r25, 0xFF	; 255
    25b2:	fc 01       	movw	r30, r24
    25b4:	26 a3       	std	Z+38, r18	; 0x26
    25b6:	80 91 99 03 	lds	r24, 0x0399	; 0x800399 <cooling_1>
    25ba:	90 91 9a 03 	lds	r25, 0x039A	; 0x80039a <cooling_1+0x1>
				dsp_debug.data [1][16] = ((cooling_1/10)%10)+48;
    25be:	9c 01       	movw	r18, r24
    25c0:	ad ec       	ldi	r26, 0xCD	; 205
    25c2:	bc ec       	ldi	r27, 0xCC	; 204
    25c4:	0e 94 4e 1f 	call	0x3e9c	; 0x3e9c <__umulhisi3>
    25c8:	ac 01       	movw	r20, r24
    25ca:	56 95       	lsr	r21
    25cc:	47 95       	ror	r20
    25ce:	56 95       	lsr	r21
    25d0:	47 95       	ror	r20
    25d2:	56 95       	lsr	r21
    25d4:	47 95       	ror	r20
    25d6:	9a 01       	movw	r18, r20
    25d8:	ad ec       	ldi	r26, 0xCD	; 205
    25da:	bc ec       	ldi	r27, 0xCC	; 204
    25dc:	0e 94 4e 1f 	call	0x3e9c	; 0x3e9c <__umulhisi3>
    25e0:	96 95       	lsr	r25
    25e2:	87 95       	ror	r24
    25e4:	96 95       	lsr	r25
    25e6:	87 95       	ror	r24
    25e8:	96 95       	lsr	r25
    25ea:	87 95       	ror	r24
    25ec:	88 0f       	add	r24, r24
    25ee:	99 1f       	adc	r25, r25
    25f0:	9c 01       	movw	r18, r24
    25f2:	22 0f       	add	r18, r18
    25f4:	33 1f       	adc	r19, r19
    25f6:	22 0f       	add	r18, r18
    25f8:	33 1f       	adc	r19, r19
    25fa:	82 0f       	add	r24, r18
    25fc:	93 1f       	adc	r25, r19
    25fe:	9a 01       	movw	r18, r20
    2600:	28 1b       	sub	r18, r24
    2602:	39 0b       	sbc	r19, r25
    2604:	c9 01       	movw	r24, r18
    2606:	20 e3       	ldi	r18, 0x30	; 48
    2608:	28 0f       	add	r18, r24
    260a:	ce 01       	movw	r24, r28
    260c:	8d 59       	subi	r24, 0x9D	; 157
    260e:	9f 4f       	sbci	r25, 0xFF	; 255
    2610:	fc 01       	movw	r30, r24
    2612:	24 a3       	std	Z+36, r18	; 0x24
    2614:	80 91 99 03 	lds	r24, 0x0399	; 0x800399 <cooling_1>
    2618:	90 91 9a 03 	lds	r25, 0x039A	; 0x80039a <cooling_1+0x1>
				dsp_debug.data [1][15] = ((cooling_1/100)%10)+48;
    261c:	96 95       	lsr	r25
    261e:	87 95       	ror	r24
    2620:	96 95       	lsr	r25
    2622:	87 95       	ror	r24
    2624:	9c 01       	movw	r18, r24
    2626:	ab e7       	ldi	r26, 0x7B	; 123
    2628:	b4 e1       	ldi	r27, 0x14	; 20
    262a:	0e 94 4e 1f 	call	0x3e9c	; 0x3e9c <__umulhisi3>
    262e:	ac 01       	movw	r20, r24
    2630:	56 95       	lsr	r21
    2632:	47 95       	ror	r20
    2634:	9a 01       	movw	r18, r20
    2636:	ad ec       	ldi	r26, 0xCD	; 205
    2638:	bc ec       	ldi	r27, 0xCC	; 204
    263a:	0e 94 4e 1f 	call	0x3e9c	; 0x3e9c <__umulhisi3>
    263e:	96 95       	lsr	r25
    2640:	87 95       	ror	r24
    2642:	96 95       	lsr	r25
    2644:	87 95       	ror	r24
    2646:	96 95       	lsr	r25
    2648:	87 95       	ror	r24
    264a:	88 0f       	add	r24, r24
    264c:	99 1f       	adc	r25, r25
    264e:	9c 01       	movw	r18, r24
    2650:	22 0f       	add	r18, r18
    2652:	33 1f       	adc	r19, r19
    2654:	22 0f       	add	r18, r18
    2656:	33 1f       	adc	r19, r19
    2658:	82 0f       	add	r24, r18
    265a:	93 1f       	adc	r25, r19
    265c:	9a 01       	movw	r18, r20
    265e:	28 1b       	sub	r18, r24
    2660:	39 0b       	sbc	r19, r25
    2662:	c9 01       	movw	r24, r18
    2664:	20 e3       	ldi	r18, 0x30	; 48
    2666:	28 0f       	add	r18, r24
    2668:	ce 01       	movw	r24, r28
    266a:	8d 59       	subi	r24, 0x9D	; 157
    266c:	9f 4f       	sbci	r25, 0xFF	; 255
    266e:	fc 01       	movw	r30, r24
    2670:	23 a3       	std	Z+35, r18	; 0x23
    2672:	40 91 91 03 	lds	r20, 0x0391	; 0x800391 <APPS1>
    2676:	50 91 92 03 	lds	r21, 0x0392	; 0x800392 <APPS1+0x1>
				
				dsp_debug.data [2][8] = (APPS1%10)+48;
    267a:	9a 01       	movw	r18, r20
    267c:	ad ec       	ldi	r26, 0xCD	; 205
    267e:	bc ec       	ldi	r27, 0xCC	; 204
    2680:	0e 94 4e 1f 	call	0x3e9c	; 0x3e9c <__umulhisi3>
    2684:	96 95       	lsr	r25
    2686:	87 95       	ror	r24
    2688:	96 95       	lsr	r25
    268a:	87 95       	ror	r24
    268c:	96 95       	lsr	r25
    268e:	87 95       	ror	r24
    2690:	88 0f       	add	r24, r24
    2692:	99 1f       	adc	r25, r25
    2694:	9c 01       	movw	r18, r24
    2696:	22 0f       	add	r18, r18
    2698:	33 1f       	adc	r19, r19
    269a:	22 0f       	add	r18, r18
    269c:	33 1f       	adc	r19, r19
    269e:	82 0f       	add	r24, r18
    26a0:	93 1f       	adc	r25, r19
    26a2:	9a 01       	movw	r18, r20
    26a4:	28 1b       	sub	r18, r24
    26a6:	39 0b       	sbc	r19, r25
    26a8:	c9 01       	movw	r24, r18
    26aa:	20 e3       	ldi	r18, 0x30	; 48
    26ac:	28 0f       	add	r18, r24
    26ae:	ce 01       	movw	r24, r28
    26b0:	8d 59       	subi	r24, 0x9D	; 157
    26b2:	9f 4f       	sbci	r25, 0xFF	; 255
    26b4:	fc 01       	movw	r30, r24
    26b6:	20 ab       	std	Z+48, r18	; 0x30
    26b8:	80 91 91 03 	lds	r24, 0x0391	; 0x800391 <APPS1>
    26bc:	90 91 92 03 	lds	r25, 0x0392	; 0x800392 <APPS1+0x1>
				dsp_debug.data [2][7] = ((APPS1/10)%10)+48;
    26c0:	9c 01       	movw	r18, r24
    26c2:	ad ec       	ldi	r26, 0xCD	; 205
    26c4:	bc ec       	ldi	r27, 0xCC	; 204
    26c6:	0e 94 4e 1f 	call	0x3e9c	; 0x3e9c <__umulhisi3>
    26ca:	ac 01       	movw	r20, r24
    26cc:	56 95       	lsr	r21
    26ce:	47 95       	ror	r20
    26d0:	56 95       	lsr	r21
    26d2:	47 95       	ror	r20
    26d4:	56 95       	lsr	r21
    26d6:	47 95       	ror	r20
    26d8:	9a 01       	movw	r18, r20
    26da:	ad ec       	ldi	r26, 0xCD	; 205
    26dc:	bc ec       	ldi	r27, 0xCC	; 204
    26de:	0e 94 4e 1f 	call	0x3e9c	; 0x3e9c <__umulhisi3>
    26e2:	96 95       	lsr	r25
    26e4:	87 95       	ror	r24
    26e6:	96 95       	lsr	r25
    26e8:	87 95       	ror	r24
    26ea:	96 95       	lsr	r25
    26ec:	87 95       	ror	r24
    26ee:	88 0f       	add	r24, r24
    26f0:	99 1f       	adc	r25, r25
    26f2:	9c 01       	movw	r18, r24
    26f4:	22 0f       	add	r18, r18
    26f6:	33 1f       	adc	r19, r19
    26f8:	22 0f       	add	r18, r18
    26fa:	33 1f       	adc	r19, r19
    26fc:	82 0f       	add	r24, r18
    26fe:	93 1f       	adc	r25, r19
    2700:	9a 01       	movw	r18, r20
    2702:	28 1b       	sub	r18, r24
    2704:	39 0b       	sbc	r19, r25
    2706:	c9 01       	movw	r24, r18
    2708:	20 e3       	ldi	r18, 0x30	; 48
    270a:	28 0f       	add	r18, r24
    270c:	ce 01       	movw	r24, r28
    270e:	8d 59       	subi	r24, 0x9D	; 157
    2710:	9f 4f       	sbci	r25, 0xFF	; 255
    2712:	fc 01       	movw	r30, r24
    2714:	27 a7       	std	Z+47, r18	; 0x2f
    2716:	80 91 91 03 	lds	r24, 0x0391	; 0x800391 <APPS1>
    271a:	90 91 92 03 	lds	r25, 0x0392	; 0x800392 <APPS1+0x1>
				dsp_debug.data [2][6] = ((APPS1/100)%10)+48;
    271e:	96 95       	lsr	r25
    2720:	87 95       	ror	r24
    2722:	96 95       	lsr	r25
    2724:	87 95       	ror	r24
    2726:	9c 01       	movw	r18, r24
    2728:	ab e7       	ldi	r26, 0x7B	; 123
    272a:	b4 e1       	ldi	r27, 0x14	; 20
    272c:	0e 94 4e 1f 	call	0x3e9c	; 0x3e9c <__umulhisi3>
    2730:	ac 01       	movw	r20, r24
    2732:	56 95       	lsr	r21
    2734:	47 95       	ror	r20
    2736:	9a 01       	movw	r18, r20
    2738:	ad ec       	ldi	r26, 0xCD	; 205
    273a:	bc ec       	ldi	r27, 0xCC	; 204
    273c:	0e 94 4e 1f 	call	0x3e9c	; 0x3e9c <__umulhisi3>
    2740:	96 95       	lsr	r25
    2742:	87 95       	ror	r24
    2744:	96 95       	lsr	r25
    2746:	87 95       	ror	r24
    2748:	96 95       	lsr	r25
    274a:	87 95       	ror	r24
    274c:	88 0f       	add	r24, r24
    274e:	99 1f       	adc	r25, r25
    2750:	9c 01       	movw	r18, r24
    2752:	22 0f       	add	r18, r18
    2754:	33 1f       	adc	r19, r19
    2756:	22 0f       	add	r18, r18
    2758:	33 1f       	adc	r19, r19
    275a:	82 0f       	add	r24, r18
    275c:	93 1f       	adc	r25, r19
    275e:	9a 01       	movw	r18, r20
    2760:	28 1b       	sub	r18, r24
    2762:	39 0b       	sbc	r19, r25
    2764:	c9 01       	movw	r24, r18
    2766:	20 e3       	ldi	r18, 0x30	; 48
    2768:	28 0f       	add	r18, r24
    276a:	ce 01       	movw	r24, r28
    276c:	8d 59       	subi	r24, 0x9D	; 157
    276e:	9f 4f       	sbci	r25, 0xFF	; 255
    2770:	fc 01       	movw	r30, r24
    2772:	26 a7       	std	Z+46, r18	; 0x2e
    2774:	40 91 93 03 	lds	r20, 0x0393	; 0x800393 <APPS2>
    2778:	50 91 94 03 	lds	r21, 0x0394	; 0x800394 <APPS2+0x1>
				
				dsp_debug.data [2][18] = (APPS2%10)+48;
    277c:	9a 01       	movw	r18, r20
    277e:	ad ec       	ldi	r26, 0xCD	; 205
    2780:	bc ec       	ldi	r27, 0xCC	; 204
    2782:	0e 94 4e 1f 	call	0x3e9c	; 0x3e9c <__umulhisi3>
    2786:	96 95       	lsr	r25
    2788:	87 95       	ror	r24
    278a:	96 95       	lsr	r25
    278c:	87 95       	ror	r24
    278e:	96 95       	lsr	r25
    2790:	87 95       	ror	r24
    2792:	88 0f       	add	r24, r24
    2794:	99 1f       	adc	r25, r25
    2796:	9c 01       	movw	r18, r24
    2798:	22 0f       	add	r18, r18
    279a:	33 1f       	adc	r19, r19
    279c:	22 0f       	add	r18, r18
    279e:	33 1f       	adc	r19, r19
    27a0:	82 0f       	add	r24, r18
    27a2:	93 1f       	adc	r25, r19
    27a4:	9a 01       	movw	r18, r20
    27a6:	28 1b       	sub	r18, r24
    27a8:	39 0b       	sbc	r19, r25
    27aa:	c9 01       	movw	r24, r18
    27ac:	20 e3       	ldi	r18, 0x30	; 48
    27ae:	28 0f       	add	r18, r24
    27b0:	ce 01       	movw	r24, r28
    27b2:	8d 59       	subi	r24, 0x9D	; 157
    27b4:	9f 4f       	sbci	r25, 0xFF	; 255
    27b6:	fc 01       	movw	r30, r24
    27b8:	22 af       	std	Z+58, r18	; 0x3a
    27ba:	80 91 93 03 	lds	r24, 0x0393	; 0x800393 <APPS2>
    27be:	90 91 94 03 	lds	r25, 0x0394	; 0x800394 <APPS2+0x1>
				dsp_debug.data [2][17] = ((APPS2/10)%10)+48;
    27c2:	9c 01       	movw	r18, r24
    27c4:	ad ec       	ldi	r26, 0xCD	; 205
    27c6:	bc ec       	ldi	r27, 0xCC	; 204
    27c8:	0e 94 4e 1f 	call	0x3e9c	; 0x3e9c <__umulhisi3>
    27cc:	ac 01       	movw	r20, r24
    27ce:	56 95       	lsr	r21
    27d0:	47 95       	ror	r20
    27d2:	56 95       	lsr	r21
    27d4:	47 95       	ror	r20
    27d6:	56 95       	lsr	r21
    27d8:	47 95       	ror	r20
    27da:	9a 01       	movw	r18, r20
    27dc:	ad ec       	ldi	r26, 0xCD	; 205
    27de:	bc ec       	ldi	r27, 0xCC	; 204
    27e0:	0e 94 4e 1f 	call	0x3e9c	; 0x3e9c <__umulhisi3>
    27e4:	96 95       	lsr	r25
    27e6:	87 95       	ror	r24
    27e8:	96 95       	lsr	r25
    27ea:	87 95       	ror	r24
    27ec:	96 95       	lsr	r25
    27ee:	87 95       	ror	r24
    27f0:	88 0f       	add	r24, r24
    27f2:	99 1f       	adc	r25, r25
    27f4:	9c 01       	movw	r18, r24
    27f6:	22 0f       	add	r18, r18
    27f8:	33 1f       	adc	r19, r19
    27fa:	22 0f       	add	r18, r18
    27fc:	33 1f       	adc	r19, r19
    27fe:	82 0f       	add	r24, r18
    2800:	93 1f       	adc	r25, r19
    2802:	9a 01       	movw	r18, r20
    2804:	28 1b       	sub	r18, r24
    2806:	39 0b       	sbc	r19, r25
    2808:	c9 01       	movw	r24, r18
    280a:	20 e3       	ldi	r18, 0x30	; 48
    280c:	28 0f       	add	r18, r24
    280e:	ce 01       	movw	r24, r28
    2810:	8d 59       	subi	r24, 0x9D	; 157
    2812:	9f 4f       	sbci	r25, 0xFF	; 255
    2814:	fc 01       	movw	r30, r24
    2816:	21 af       	std	Z+57, r18	; 0x39
    2818:	80 91 93 03 	lds	r24, 0x0393	; 0x800393 <APPS2>
    281c:	90 91 94 03 	lds	r25, 0x0394	; 0x800394 <APPS2+0x1>
				dsp_debug.data [2][16] = ((APPS2/100)%10)+48;
    2820:	96 95       	lsr	r25
    2822:	87 95       	ror	r24
    2824:	96 95       	lsr	r25
    2826:	87 95       	ror	r24
    2828:	9c 01       	movw	r18, r24
    282a:	ab e7       	ldi	r26, 0x7B	; 123
    282c:	b4 e1       	ldi	r27, 0x14	; 20
    282e:	0e 94 4e 1f 	call	0x3e9c	; 0x3e9c <__umulhisi3>
    2832:	ac 01       	movw	r20, r24
    2834:	56 95       	lsr	r21
    2836:	47 95       	ror	r20
    2838:	9a 01       	movw	r18, r20
    283a:	ad ec       	ldi	r26, 0xCD	; 205
    283c:	bc ec       	ldi	r27, 0xCC	; 204
    283e:	0e 94 4e 1f 	call	0x3e9c	; 0x3e9c <__umulhisi3>
    2842:	96 95       	lsr	r25
    2844:	87 95       	ror	r24
    2846:	96 95       	lsr	r25
    2848:	87 95       	ror	r24
    284a:	96 95       	lsr	r25
    284c:	87 95       	ror	r24
    284e:	88 0f       	add	r24, r24
    2850:	99 1f       	adc	r25, r25
    2852:	9c 01       	movw	r18, r24
    2854:	22 0f       	add	r18, r18
    2856:	33 1f       	adc	r19, r19
    2858:	22 0f       	add	r18, r18
    285a:	33 1f       	adc	r19, r19
    285c:	82 0f       	add	r24, r18
    285e:	93 1f       	adc	r25, r19
    2860:	9a 01       	movw	r18, r20
    2862:	28 1b       	sub	r18, r24
    2864:	39 0b       	sbc	r19, r25
    2866:	c9 01       	movw	r24, r18
    2868:	20 e3       	ldi	r18, 0x30	; 48
    286a:	28 0f       	add	r18, r24
    286c:	ce 01       	movw	r24, r28
    286e:	8d 59       	subi	r24, 0x9D	; 157
    2870:	9f 4f       	sbci	r25, 0xFF	; 255
    2872:	fc 01       	movw	r30, r24
    2874:	20 af       	std	Z+56, r18	; 0x38
    2876:	40 91 95 03 	lds	r20, 0x0395	; 0x800395 <BPSF>
    287a:	50 91 96 03 	lds	r21, 0x0396	; 0x800396 <BPSF+0x1>
				
				dsp_debug.data [3][5] = (BPSF%10)+48;
    287e:	9a 01       	movw	r18, r20
    2880:	ad ec       	ldi	r26, 0xCD	; 205
    2882:	bc ec       	ldi	r27, 0xCC	; 204
    2884:	0e 94 4e 1f 	call	0x3e9c	; 0x3e9c <__umulhisi3>
    2888:	96 95       	lsr	r25
    288a:	87 95       	ror	r24
    288c:	96 95       	lsr	r25
    288e:	87 95       	ror	r24
    2890:	96 95       	lsr	r25
    2892:	87 95       	ror	r24
    2894:	88 0f       	add	r24, r24
    2896:	99 1f       	adc	r25, r25
    2898:	9c 01       	movw	r18, r24
    289a:	22 0f       	add	r18, r18
    289c:	33 1f       	adc	r19, r19
    289e:	22 0f       	add	r18, r18
    28a0:	33 1f       	adc	r19, r19
    28a2:	82 0f       	add	r24, r18
    28a4:	93 1f       	adc	r25, r19
    28a6:	9a 01       	movw	r18, r20
    28a8:	28 1b       	sub	r18, r24
    28aa:	39 0b       	sbc	r19, r25
    28ac:	c9 01       	movw	r24, r18
    28ae:	20 e3       	ldi	r18, 0x30	; 48
    28b0:	28 0f       	add	r18, r24
    28b2:	ce 01       	movw	r24, r28
    28b4:	8d 59       	subi	r24, 0x9D	; 157
    28b6:	9f 4f       	sbci	r25, 0xFF	; 255
    28b8:	8f 5b       	subi	r24, 0xBF	; 191
    28ba:	9f 4f       	sbci	r25, 0xFF	; 255
    28bc:	fc 01       	movw	r30, r24
    28be:	20 83       	st	Z, r18
    28c0:	80 91 95 03 	lds	r24, 0x0395	; 0x800395 <BPSF>
    28c4:	90 91 96 03 	lds	r25, 0x0396	; 0x800396 <BPSF+0x1>
				dsp_debug.data [3][4] = ((BPSF/10)%10)+48;
    28c8:	9c 01       	movw	r18, r24
    28ca:	ad ec       	ldi	r26, 0xCD	; 205
    28cc:	bc ec       	ldi	r27, 0xCC	; 204
    28ce:	0e 94 4e 1f 	call	0x3e9c	; 0x3e9c <__umulhisi3>
    28d2:	ac 01       	movw	r20, r24
    28d4:	56 95       	lsr	r21
    28d6:	47 95       	ror	r20
    28d8:	56 95       	lsr	r21
    28da:	47 95       	ror	r20
    28dc:	56 95       	lsr	r21
    28de:	47 95       	ror	r20
    28e0:	9a 01       	movw	r18, r20
    28e2:	ad ec       	ldi	r26, 0xCD	; 205
    28e4:	bc ec       	ldi	r27, 0xCC	; 204
    28e6:	0e 94 4e 1f 	call	0x3e9c	; 0x3e9c <__umulhisi3>
    28ea:	96 95       	lsr	r25
    28ec:	87 95       	ror	r24
    28ee:	96 95       	lsr	r25
    28f0:	87 95       	ror	r24
    28f2:	96 95       	lsr	r25
    28f4:	87 95       	ror	r24
    28f6:	88 0f       	add	r24, r24
    28f8:	99 1f       	adc	r25, r25
    28fa:	9c 01       	movw	r18, r24
    28fc:	22 0f       	add	r18, r18
    28fe:	33 1f       	adc	r19, r19
    2900:	22 0f       	add	r18, r18
    2902:	33 1f       	adc	r19, r19
    2904:	82 0f       	add	r24, r18
    2906:	93 1f       	adc	r25, r19
    2908:	9a 01       	movw	r18, r20
    290a:	28 1b       	sub	r18, r24
    290c:	39 0b       	sbc	r19, r25
    290e:	c9 01       	movw	r24, r18
    2910:	20 e3       	ldi	r18, 0x30	; 48
    2912:	28 0f       	add	r18, r24
    2914:	ce 01       	movw	r24, r28
    2916:	8d 59       	subi	r24, 0x9D	; 157
    2918:	9f 4f       	sbci	r25, 0xFF	; 255
    291a:	80 5c       	subi	r24, 0xC0	; 192
    291c:	9f 4f       	sbci	r25, 0xFF	; 255
    291e:	fc 01       	movw	r30, r24
    2920:	20 83       	st	Z, r18
    2922:	40 91 97 03 	lds	r20, 0x0397	; 0x800397 <BPSR>
    2926:	50 91 98 03 	lds	r21, 0x0398	; 0x800398 <BPSR+0x1>
				
				dsp_debug.data [3][11] = (BPSR%10)+48;
    292a:	9a 01       	movw	r18, r20
    292c:	ad ec       	ldi	r26, 0xCD	; 205
    292e:	bc ec       	ldi	r27, 0xCC	; 204
    2930:	0e 94 4e 1f 	call	0x3e9c	; 0x3e9c <__umulhisi3>
    2934:	96 95       	lsr	r25
    2936:	87 95       	ror	r24
    2938:	96 95       	lsr	r25
    293a:	87 95       	ror	r24
    293c:	96 95       	lsr	r25
    293e:	87 95       	ror	r24
    2940:	88 0f       	add	r24, r24
    2942:	99 1f       	adc	r25, r25
    2944:	9c 01       	movw	r18, r24
    2946:	22 0f       	add	r18, r18
    2948:	33 1f       	adc	r19, r19
    294a:	22 0f       	add	r18, r18
    294c:	33 1f       	adc	r19, r19
    294e:	82 0f       	add	r24, r18
    2950:	93 1f       	adc	r25, r19
    2952:	9a 01       	movw	r18, r20
    2954:	28 1b       	sub	r18, r24
    2956:	39 0b       	sbc	r19, r25
    2958:	c9 01       	movw	r24, r18
    295a:	20 e3       	ldi	r18, 0x30	; 48
    295c:	28 0f       	add	r18, r24
    295e:	ce 01       	movw	r24, r28
    2960:	8d 59       	subi	r24, 0x9D	; 157
    2962:	9f 4f       	sbci	r25, 0xFF	; 255
    2964:	89 5b       	subi	r24, 0xB9	; 185
    2966:	9f 4f       	sbci	r25, 0xFF	; 255
    2968:	fc 01       	movw	r30, r24
    296a:	20 83       	st	Z, r18
    296c:	80 91 97 03 	lds	r24, 0x0397	; 0x800397 <BPSR>
    2970:	90 91 98 03 	lds	r25, 0x0398	; 0x800398 <BPSR+0x1>
				dsp_debug.data [3][10] = ((BPSR/10)%10)+48;
    2974:	9c 01       	movw	r18, r24
    2976:	ad ec       	ldi	r26, 0xCD	; 205
    2978:	bc ec       	ldi	r27, 0xCC	; 204
    297a:	0e 94 4e 1f 	call	0x3e9c	; 0x3e9c <__umulhisi3>
    297e:	ac 01       	movw	r20, r24
    2980:	56 95       	lsr	r21
    2982:	47 95       	ror	r20
    2984:	56 95       	lsr	r21
    2986:	47 95       	ror	r20
    2988:	56 95       	lsr	r21
    298a:	47 95       	ror	r20
    298c:	9a 01       	movw	r18, r20
    298e:	ad ec       	ldi	r26, 0xCD	; 205
    2990:	bc ec       	ldi	r27, 0xCC	; 204
    2992:	0e 94 4e 1f 	call	0x3e9c	; 0x3e9c <__umulhisi3>
    2996:	96 95       	lsr	r25
    2998:	87 95       	ror	r24
    299a:	96 95       	lsr	r25
    299c:	87 95       	ror	r24
    299e:	96 95       	lsr	r25
    29a0:	87 95       	ror	r24
    29a2:	88 0f       	add	r24, r24
    29a4:	99 1f       	adc	r25, r25
    29a6:	9c 01       	movw	r18, r24
    29a8:	22 0f       	add	r18, r18
    29aa:	33 1f       	adc	r19, r19
    29ac:	22 0f       	add	r18, r18
    29ae:	33 1f       	adc	r19, r19
    29b0:	82 0f       	add	r24, r18
    29b2:	93 1f       	adc	r25, r19
    29b4:	9a 01       	movw	r18, r20
    29b6:	28 1b       	sub	r18, r24
    29b8:	39 0b       	sbc	r19, r25
    29ba:	c9 01       	movw	r24, r18
    29bc:	20 e3       	ldi	r18, 0x30	; 48
    29be:	28 0f       	add	r18, r24
    29c0:	ce 01       	movw	r24, r28
    29c2:	8d 59       	subi	r24, 0x9D	; 157
    29c4:	9f 4f       	sbci	r25, 0xFF	; 255
    29c6:	8a 5b       	subi	r24, 0xBA	; 186
    29c8:	9f 4f       	sbci	r25, 0xFF	; 255
    29ca:	fc 01       	movw	r30, r24
    29cc:	20 83       	st	Z, r18
    29ce:	ce 01       	movw	r24, r28
    29d0:	8d 5a       	subi	r24, 0xAD	; 173
    29d2:	9e 4f       	sbci	r25, 0xFE	; 254
    29d4:	2f 81       	ldd	r18, Y+7	; 0x07
			}
			
			if (active_display == &dsp_FRO0)
    29d6:	38 85       	ldd	r19, Y+8	; 0x08
    29d8:	28 17       	cp	r18, r24
    29da:	39 07       	cpc	r19, r25
    29dc:	09 f0       	breq	.+2      	; 0x29e0 <main+0x1250>
    29de:	54 c0       	rjmp	.+168    	; 0x2a88 <main+0x12f8>
    29e0:	80 91 bd 03 	lds	r24, 0x03BD	; 0x8003bd <fr_values+0xc>
    29e4:	88 2f       	mov	r24, r24
    29e6:	90 e0       	ldi	r25, 0x00	; 0
			{
				dsp_FRO0.data [1][6] = ((fr_values[12]) & 1) ? ' ' : 'X';
    29e8:	81 70       	andi	r24, 0x01	; 1
    29ea:	99 27       	eor	r25, r25
    29ec:	89 2b       	or	r24, r25
    29ee:	11 f0       	breq	.+4      	; 0x29f4 <main+0x1264>
    29f0:	20 e2       	ldi	r18, 0x20	; 32
    29f2:	01 c0       	rjmp	.+2      	; 0x29f6 <main+0x1266>
    29f4:	28 e5       	ldi	r18, 0x58	; 88
    29f6:	ce 01       	movw	r24, r28
    29f8:	8d 5a       	subi	r24, 0xAD	; 173
    29fa:	9e 4f       	sbci	r25, 0xFE	; 254
    29fc:	fc 01       	movw	r30, r24
    29fe:	22 8f       	std	Z+26, r18	; 0x1a
    2a00:	80 91 bc 03 	lds	r24, 0x03BC	; 0x8003bc <fr_values+0xb>
    2a04:	88 2f       	mov	r24, r24
    2a06:	90 e0       	ldi	r25, 0x00	; 0
				
				dsp_FRO0.data [2][6] = ((fr_values[11]) & 1) ? ' ' : 'X';
    2a08:	81 70       	andi	r24, 0x01	; 1
    2a0a:	99 27       	eor	r25, r25
    2a0c:	89 2b       	or	r24, r25
    2a0e:	11 f0       	breq	.+4      	; 0x2a14 <main+0x1284>
    2a10:	20 e2       	ldi	r18, 0x20	; 32
    2a12:	01 c0       	rjmp	.+2      	; 0x2a16 <main+0x1286>
    2a14:	28 e5       	ldi	r18, 0x58	; 88
    2a16:	ce 01       	movw	r24, r28
    2a18:	8d 5a       	subi	r24, 0xAD	; 173
    2a1a:	9e 4f       	sbci	r25, 0xFE	; 254
    2a1c:	fc 01       	movw	r30, r24
    2a1e:	26 a7       	std	Z+46, r18	; 0x2e
    2a20:	80 91 bb 03 	lds	r24, 0x03BB	; 0x8003bb <fr_values+0xa>
    2a24:	88 2f       	mov	r24, r24
    2a26:	90 e0       	ldi	r25, 0x00	; 0
				
				dsp_FRO0.data [1][17] = ((fr_values[10]) & 1) ? ' ' : 'X';
    2a28:	81 70       	andi	r24, 0x01	; 1
    2a2a:	99 27       	eor	r25, r25
    2a2c:	89 2b       	or	r24, r25
    2a2e:	11 f0       	breq	.+4      	; 0x2a34 <main+0x12a4>
    2a30:	20 e2       	ldi	r18, 0x20	; 32
    2a32:	01 c0       	rjmp	.+2      	; 0x2a36 <main+0x12a6>
    2a34:	28 e5       	ldi	r18, 0x58	; 88
    2a36:	ce 01       	movw	r24, r28
    2a38:	8d 5a       	subi	r24, 0xAD	; 173
    2a3a:	9e 4f       	sbci	r25, 0xFE	; 254
    2a3c:	fc 01       	movw	r30, r24
    2a3e:	25 a3       	std	Z+37, r18	; 0x25
    2a40:	80 91 ba 03 	lds	r24, 0x03BA	; 0x8003ba <fr_values+0x9>
    2a44:	88 2f       	mov	r24, r24
    2a46:	90 e0       	ldi	r25, 0x00	; 0
				
				dsp_FRO0.data [3][6] = ((fr_values[9]) & 1) ? ' ' : 'X';
    2a48:	81 70       	andi	r24, 0x01	; 1
    2a4a:	99 27       	eor	r25, r25
    2a4c:	89 2b       	or	r24, r25
    2a4e:	11 f0       	breq	.+4      	; 0x2a54 <main+0x12c4>
    2a50:	20 e2       	ldi	r18, 0x20	; 32
    2a52:	01 c0       	rjmp	.+2      	; 0x2a56 <main+0x12c6>
    2a54:	28 e5       	ldi	r18, 0x58	; 88
    2a56:	ce 01       	movw	r24, r28
    2a58:	8d 5a       	subi	r24, 0xAD	; 173
    2a5a:	9e 4f       	sbci	r25, 0xFE	; 254
    2a5c:	8e 5b       	subi	r24, 0xBE	; 190
    2a5e:	9f 4f       	sbci	r25, 0xFF	; 255
    2a60:	fc 01       	movw	r30, r24
    2a62:	20 83       	st	Z, r18
    2a64:	80 91 b9 03 	lds	r24, 0x03B9	; 0x8003b9 <fr_values+0x8>
    2a68:	88 2f       	mov	r24, r24
    2a6a:	90 e0       	ldi	r25, 0x00	; 0
				
				dsp_FRO0.data [3][17] = ((fr_values[8]) & 1) ? ' ' : 'X';
    2a6c:	81 70       	andi	r24, 0x01	; 1
    2a6e:	99 27       	eor	r25, r25
    2a70:	89 2b       	or	r24, r25
    2a72:	11 f0       	breq	.+4      	; 0x2a78 <main+0x12e8>
    2a74:	20 e2       	ldi	r18, 0x20	; 32
    2a76:	01 c0       	rjmp	.+2      	; 0x2a7a <main+0x12ea>
    2a78:	28 e5       	ldi	r18, 0x58	; 88
    2a7a:	ce 01       	movw	r24, r28
    2a7c:	8d 5a       	subi	r24, 0xAD	; 173
    2a7e:	9e 4f       	sbci	r25, 0xFE	; 254
    2a80:	83 5b       	subi	r24, 0xB3	; 179
    2a82:	9f 4f       	sbci	r25, 0xFF	; 255
    2a84:	fc 01       	movw	r30, r24
    2a86:	20 83       	st	Z, r18
    2a88:	ce 01       	movw	r24, r28
    2a8a:	8d 55       	subi	r24, 0x5D	; 93
    2a8c:	9e 4f       	sbci	r25, 0xFE	; 254
    2a8e:	2f 81       	ldd	r18, Y+7	; 0x07
			}
			
			if (active_display == &dsp_FRO1)
    2a90:	38 85       	ldd	r19, Y+8	; 0x08
    2a92:	28 17       	cp	r18, r24
    2a94:	39 07       	cpc	r19, r25
    2a96:	09 f0       	breq	.+2      	; 0x2a9a <main+0x130a>
    2a98:	84 c0       	rjmp	.+264    	; 0x2ba2 <main+0x1412>
    2a9a:	80 91 b8 03 	lds	r24, 0x03B8	; 0x8003b8 <fr_values+0x7>
    2a9e:	88 2f       	mov	r24, r24
    2aa0:	90 e0       	ldi	r25, 0x00	; 0
			{
				dsp_FRO1.data [0][6] = ((fr_values[7]) & 1) ? ' ' : 'X';
    2aa2:	81 70       	andi	r24, 0x01	; 1
    2aa4:	99 27       	eor	r25, r25
    2aa6:	89 2b       	or	r24, r25
    2aa8:	11 f0       	breq	.+4      	; 0x2aae <main+0x131e>
    2aaa:	20 e2       	ldi	r18, 0x20	; 32
    2aac:	01 c0       	rjmp	.+2      	; 0x2ab0 <main+0x1320>
    2aae:	28 e5       	ldi	r18, 0x58	; 88
    2ab0:	ce 01       	movw	r24, r28
    2ab2:	8d 55       	subi	r24, 0x5D	; 93
    2ab4:	9e 4f       	sbci	r25, 0xFE	; 254
    2ab6:	fc 01       	movw	r30, r24
    2ab8:	26 83       	std	Z+6, r18	; 0x06
    2aba:	80 91 b7 03 	lds	r24, 0x03B7	; 0x8003b7 <fr_values+0x6>
    2abe:	88 2f       	mov	r24, r24
    2ac0:	90 e0       	ldi	r25, 0x00	; 0
				
				dsp_FRO1.data [0][17] = ((fr_values[6]) & 1) ? ' ' : 'X';
    2ac2:	81 70       	andi	r24, 0x01	; 1
    2ac4:	99 27       	eor	r25, r25
    2ac6:	89 2b       	or	r24, r25
    2ac8:	11 f0       	breq	.+4      	; 0x2ace <main+0x133e>
    2aca:	20 e2       	ldi	r18, 0x20	; 32
    2acc:	01 c0       	rjmp	.+2      	; 0x2ad0 <main+0x1340>
    2ace:	28 e5       	ldi	r18, 0x58	; 88
    2ad0:	ce 01       	movw	r24, r28
    2ad2:	8d 55       	subi	r24, 0x5D	; 93
    2ad4:	9e 4f       	sbci	r25, 0xFE	; 254
    2ad6:	fc 01       	movw	r30, r24
    2ad8:	21 8b       	std	Z+17, r18	; 0x11
    2ada:	80 91 b6 03 	lds	r24, 0x03B6	; 0x8003b6 <fr_values+0x5>
    2ade:	88 2f       	mov	r24, r24
    2ae0:	90 e0       	ldi	r25, 0x00	; 0
				
				dsp_FRO1.data [1][6] = ((fr_values[5]) & 1) ? ' ' : 'X';
    2ae2:	81 70       	andi	r24, 0x01	; 1
    2ae4:	99 27       	eor	r25, r25
    2ae6:	89 2b       	or	r24, r25
    2ae8:	11 f0       	breq	.+4      	; 0x2aee <main+0x135e>
    2aea:	20 e2       	ldi	r18, 0x20	; 32
    2aec:	01 c0       	rjmp	.+2      	; 0x2af0 <main+0x1360>
    2aee:	28 e5       	ldi	r18, 0x58	; 88
    2af0:	ce 01       	movw	r24, r28
    2af2:	8d 55       	subi	r24, 0x5D	; 93
    2af4:	9e 4f       	sbci	r25, 0xFE	; 254
    2af6:	fc 01       	movw	r30, r24
    2af8:	22 8f       	std	Z+26, r18	; 0x1a
    2afa:	80 91 b5 03 	lds	r24, 0x03B5	; 0x8003b5 <fr_values+0x4>
    2afe:	88 2f       	mov	r24, r24
    2b00:	90 e0       	ldi	r25, 0x00	; 0
				
				dsp_FRO1.data [1][17] = ((fr_values[4]) & 1) ? ' ' : 'X';
    2b02:	81 70       	andi	r24, 0x01	; 1
    2b04:	99 27       	eor	r25, r25
    2b06:	89 2b       	or	r24, r25
    2b08:	11 f0       	breq	.+4      	; 0x2b0e <main+0x137e>
    2b0a:	20 e2       	ldi	r18, 0x20	; 32
    2b0c:	01 c0       	rjmp	.+2      	; 0x2b10 <main+0x1380>
    2b0e:	28 e5       	ldi	r18, 0x58	; 88
    2b10:	ce 01       	movw	r24, r28
    2b12:	8d 55       	subi	r24, 0x5D	; 93
    2b14:	9e 4f       	sbci	r25, 0xFE	; 254
    2b16:	fc 01       	movw	r30, r24
    2b18:	25 a3       	std	Z+37, r18	; 0x25
    2b1a:	80 91 b4 03 	lds	r24, 0x03B4	; 0x8003b4 <fr_values+0x3>
    2b1e:	88 2f       	mov	r24, r24
    2b20:	90 e0       	ldi	r25, 0x00	; 0
			
				dsp_FRO1.data [2][6] = ((fr_values[3]) & 1) ? ' ' : 'X';
    2b22:	81 70       	andi	r24, 0x01	; 1
    2b24:	99 27       	eor	r25, r25
    2b26:	89 2b       	or	r24, r25
    2b28:	11 f0       	breq	.+4      	; 0x2b2e <main+0x139e>
    2b2a:	20 e2       	ldi	r18, 0x20	; 32
    2b2c:	01 c0       	rjmp	.+2      	; 0x2b30 <main+0x13a0>
    2b2e:	28 e5       	ldi	r18, 0x58	; 88
    2b30:	ce 01       	movw	r24, r28
    2b32:	8d 55       	subi	r24, 0x5D	; 93
    2b34:	9e 4f       	sbci	r25, 0xFE	; 254
    2b36:	fc 01       	movw	r30, r24
    2b38:	26 a7       	std	Z+46, r18	; 0x2e
    2b3a:	80 91 b3 03 	lds	r24, 0x03B3	; 0x8003b3 <fr_values+0x2>
    2b3e:	88 2f       	mov	r24, r24
    2b40:	90 e0       	ldi	r25, 0x00	; 0
				
				dsp_FRO1.data [2][17] = ((fr_values[2]) & 1) ? ' ' : 'X';
    2b42:	81 70       	andi	r24, 0x01	; 1
    2b44:	99 27       	eor	r25, r25
    2b46:	89 2b       	or	r24, r25
    2b48:	11 f0       	breq	.+4      	; 0x2b4e <main+0x13be>
    2b4a:	20 e2       	ldi	r18, 0x20	; 32
    2b4c:	01 c0       	rjmp	.+2      	; 0x2b50 <main+0x13c0>
    2b4e:	28 e5       	ldi	r18, 0x58	; 88
    2b50:	ce 01       	movw	r24, r28
    2b52:	8d 55       	subi	r24, 0x5D	; 93
    2b54:	9e 4f       	sbci	r25, 0xFE	; 254
    2b56:	fc 01       	movw	r30, r24
    2b58:	21 af       	std	Z+57, r18	; 0x39
    2b5a:	80 91 b2 03 	lds	r24, 0x03B2	; 0x8003b2 <fr_values+0x1>
    2b5e:	88 2f       	mov	r24, r24
    2b60:	90 e0       	ldi	r25, 0x00	; 0
				
				dsp_FRO1.data [3][6] = ((fr_values[1]) & 1) ? ' ' : 'X';
    2b62:	81 70       	andi	r24, 0x01	; 1
    2b64:	99 27       	eor	r25, r25
    2b66:	89 2b       	or	r24, r25
    2b68:	11 f0       	breq	.+4      	; 0x2b6e <main+0x13de>
    2b6a:	20 e2       	ldi	r18, 0x20	; 32
    2b6c:	01 c0       	rjmp	.+2      	; 0x2b70 <main+0x13e0>
    2b6e:	28 e5       	ldi	r18, 0x58	; 88
    2b70:	ce 01       	movw	r24, r28
    2b72:	8d 55       	subi	r24, 0x5D	; 93
    2b74:	9e 4f       	sbci	r25, 0xFE	; 254
    2b76:	8e 5b       	subi	r24, 0xBE	; 190
    2b78:	9f 4f       	sbci	r25, 0xFF	; 255
    2b7a:	fc 01       	movw	r30, r24
    2b7c:	20 83       	st	Z, r18
    2b7e:	80 91 b1 03 	lds	r24, 0x03B1	; 0x8003b1 <fr_values>
    2b82:	88 2f       	mov	r24, r24
    2b84:	90 e0       	ldi	r25, 0x00	; 0
				
				dsp_FRO1.data [3][17] = ((fr_values[0]) & 1) ? ' ' : 'X';
    2b86:	81 70       	andi	r24, 0x01	; 1
    2b88:	99 27       	eor	r25, r25
    2b8a:	89 2b       	or	r24, r25
    2b8c:	11 f0       	breq	.+4      	; 0x2b92 <main+0x1402>
    2b8e:	20 e2       	ldi	r18, 0x20	; 32
    2b90:	01 c0       	rjmp	.+2      	; 0x2b94 <main+0x1404>
    2b92:	28 e5       	ldi	r18, 0x58	; 88
    2b94:	ce 01       	movw	r24, r28
    2b96:	8d 55       	subi	r24, 0x5D	; 93
    2b98:	9e 4f       	sbci	r25, 0xFE	; 254
    2b9a:	83 5b       	subi	r24, 0xB3	; 179
    2b9c:	9f 4f       	sbci	r25, 0xFF	; 255
    2b9e:	fc 01       	movw	r30, r24
    2ba0:	20 83       	st	Z, r18
    2ba2:	ce 01       	movw	r24, r28
    2ba4:	8d 50       	subi	r24, 0x0D	; 13
    2ba6:	9e 4f       	sbci	r25, 0xFE	; 254
    2ba8:	2f 81       	ldd	r18, Y+7	; 0x07
			}
			
			
			
			
			if (active_display == &dsp_reduced)
    2baa:	38 85       	ldd	r19, Y+8	; 0x08
    2bac:	28 17       	cp	r18, r24
    2bae:	39 07       	cpc	r19, r25
    2bb0:	09 f0       	breq	.+2      	; 0x2bb4 <main+0x1424>
    2bb2:	0a c2       	rjmp	.+1044   	; 0x2fc8 <main+0x1838>
    2bb4:	40 91 7e 03 	lds	r20, 0x037E	; 0x80037e <__data_end>
    2bb8:	50 91 7f 03 	lds	r21, 0x037F	; 0x80037f <__data_end+0x1>
			{
				dsp_reduced.data [0][6] = (ts_voltage%10)+48;
    2bbc:	9a 01       	movw	r18, r20
    2bbe:	ad ec       	ldi	r26, 0xCD	; 205
    2bc0:	bc ec       	ldi	r27, 0xCC	; 204
    2bc2:	0e 94 4e 1f 	call	0x3e9c	; 0x3e9c <__umulhisi3>
    2bc6:	96 95       	lsr	r25
    2bc8:	87 95       	ror	r24
    2bca:	96 95       	lsr	r25
    2bcc:	87 95       	ror	r24
    2bce:	96 95       	lsr	r25
    2bd0:	87 95       	ror	r24
    2bd2:	88 0f       	add	r24, r24
    2bd4:	99 1f       	adc	r25, r25
    2bd6:	9c 01       	movw	r18, r24
    2bd8:	22 0f       	add	r18, r18
    2bda:	33 1f       	adc	r19, r19
    2bdc:	22 0f       	add	r18, r18
    2bde:	33 1f       	adc	r19, r19
    2be0:	82 0f       	add	r24, r18
    2be2:	93 1f       	adc	r25, r19
    2be4:	9a 01       	movw	r18, r20
    2be6:	28 1b       	sub	r18, r24
    2be8:	39 0b       	sbc	r19, r25
    2bea:	c9 01       	movw	r24, r18
    2bec:	20 e3       	ldi	r18, 0x30	; 48
    2bee:	28 0f       	add	r18, r24
    2bf0:	ce 01       	movw	r24, r28
    2bf2:	8d 50       	subi	r24, 0x0D	; 13
    2bf4:	9e 4f       	sbci	r25, 0xFE	; 254
    2bf6:	fc 01       	movw	r30, r24
    2bf8:	26 83       	std	Z+6, r18	; 0x06
    2bfa:	80 91 7e 03 	lds	r24, 0x037E	; 0x80037e <__data_end>
    2bfe:	90 91 7f 03 	lds	r25, 0x037F	; 0x80037f <__data_end+0x1>
				dsp_reduced.data [0][5] = ((ts_voltage/10)%10)+48;
    2c02:	9c 01       	movw	r18, r24
    2c04:	ad ec       	ldi	r26, 0xCD	; 205
    2c06:	bc ec       	ldi	r27, 0xCC	; 204
    2c08:	0e 94 4e 1f 	call	0x3e9c	; 0x3e9c <__umulhisi3>
    2c0c:	ac 01       	movw	r20, r24
    2c0e:	56 95       	lsr	r21
    2c10:	47 95       	ror	r20
    2c12:	56 95       	lsr	r21
    2c14:	47 95       	ror	r20
    2c16:	56 95       	lsr	r21
    2c18:	47 95       	ror	r20
    2c1a:	9a 01       	movw	r18, r20
    2c1c:	ad ec       	ldi	r26, 0xCD	; 205
    2c1e:	bc ec       	ldi	r27, 0xCC	; 204
    2c20:	0e 94 4e 1f 	call	0x3e9c	; 0x3e9c <__umulhisi3>
    2c24:	96 95       	lsr	r25
    2c26:	87 95       	ror	r24
    2c28:	96 95       	lsr	r25
    2c2a:	87 95       	ror	r24
    2c2c:	96 95       	lsr	r25
    2c2e:	87 95       	ror	r24
    2c30:	88 0f       	add	r24, r24
    2c32:	99 1f       	adc	r25, r25
    2c34:	9c 01       	movw	r18, r24
    2c36:	22 0f       	add	r18, r18
    2c38:	33 1f       	adc	r19, r19
    2c3a:	22 0f       	add	r18, r18
    2c3c:	33 1f       	adc	r19, r19
    2c3e:	82 0f       	add	r24, r18
    2c40:	93 1f       	adc	r25, r19
    2c42:	9a 01       	movw	r18, r20
    2c44:	28 1b       	sub	r18, r24
    2c46:	39 0b       	sbc	r19, r25
    2c48:	c9 01       	movw	r24, r18
    2c4a:	20 e3       	ldi	r18, 0x30	; 48
    2c4c:	28 0f       	add	r18, r24
    2c4e:	ce 01       	movw	r24, r28
    2c50:	8d 50       	subi	r24, 0x0D	; 13
    2c52:	9e 4f       	sbci	r25, 0xFE	; 254
    2c54:	fc 01       	movw	r30, r24
    2c56:	25 83       	std	Z+5, r18	; 0x05
    2c58:	80 91 7e 03 	lds	r24, 0x037E	; 0x80037e <__data_end>
    2c5c:	90 91 7f 03 	lds	r25, 0x037F	; 0x80037f <__data_end+0x1>
				dsp_reduced.data [0][4] = ((ts_voltage/100)%10)+48;
    2c60:	96 95       	lsr	r25
    2c62:	87 95       	ror	r24
    2c64:	96 95       	lsr	r25
    2c66:	87 95       	ror	r24
    2c68:	9c 01       	movw	r18, r24
    2c6a:	ab e7       	ldi	r26, 0x7B	; 123
    2c6c:	b4 e1       	ldi	r27, 0x14	; 20
    2c6e:	0e 94 4e 1f 	call	0x3e9c	; 0x3e9c <__umulhisi3>
    2c72:	ac 01       	movw	r20, r24
    2c74:	56 95       	lsr	r21
    2c76:	47 95       	ror	r20
    2c78:	9a 01       	movw	r18, r20
    2c7a:	ad ec       	ldi	r26, 0xCD	; 205
    2c7c:	bc ec       	ldi	r27, 0xCC	; 204
    2c7e:	0e 94 4e 1f 	call	0x3e9c	; 0x3e9c <__umulhisi3>
    2c82:	96 95       	lsr	r25
    2c84:	87 95       	ror	r24
    2c86:	96 95       	lsr	r25
    2c88:	87 95       	ror	r24
    2c8a:	96 95       	lsr	r25
    2c8c:	87 95       	ror	r24
    2c8e:	88 0f       	add	r24, r24
    2c90:	99 1f       	adc	r25, r25
    2c92:	9c 01       	movw	r18, r24
    2c94:	22 0f       	add	r18, r18
    2c96:	33 1f       	adc	r19, r19
    2c98:	22 0f       	add	r18, r18
    2c9a:	33 1f       	adc	r19, r19
    2c9c:	82 0f       	add	r24, r18
    2c9e:	93 1f       	adc	r25, r19
    2ca0:	9a 01       	movw	r18, r20
    2ca2:	28 1b       	sub	r18, r24
    2ca4:	39 0b       	sbc	r19, r25
    2ca6:	c9 01       	movw	r24, r18
    2ca8:	20 e3       	ldi	r18, 0x30	; 48
    2caa:	28 0f       	add	r18, r24
    2cac:	ce 01       	movw	r24, r28
    2cae:	8d 50       	subi	r24, 0x0D	; 13
    2cb0:	9e 4f       	sbci	r25, 0xFE	; 254
    2cb2:	fc 01       	movw	r30, r24
    2cb4:	24 83       	std	Z+4, r18	; 0x04
    2cb6:	40 91 8d 03 	lds	r20, 0x038D	; 0x80038d <bms_max_temp>
    2cba:	50 91 8e 03 	lds	r21, 0x038E	; 0x80038e <bms_max_temp+0x1>
				
				dsp_reduced.data [0][18] = (bms_max_temp%10)+48;
    2cbe:	9a 01       	movw	r18, r20
    2cc0:	ad ec       	ldi	r26, 0xCD	; 205
    2cc2:	bc ec       	ldi	r27, 0xCC	; 204
    2cc4:	0e 94 4e 1f 	call	0x3e9c	; 0x3e9c <__umulhisi3>
    2cc8:	96 95       	lsr	r25
    2cca:	87 95       	ror	r24
    2ccc:	96 95       	lsr	r25
    2cce:	87 95       	ror	r24
    2cd0:	96 95       	lsr	r25
    2cd2:	87 95       	ror	r24
    2cd4:	88 0f       	add	r24, r24
    2cd6:	99 1f       	adc	r25, r25
    2cd8:	9c 01       	movw	r18, r24
    2cda:	22 0f       	add	r18, r18
    2cdc:	33 1f       	adc	r19, r19
    2cde:	22 0f       	add	r18, r18
    2ce0:	33 1f       	adc	r19, r19
    2ce2:	82 0f       	add	r24, r18
    2ce4:	93 1f       	adc	r25, r19
    2ce6:	9a 01       	movw	r18, r20
    2ce8:	28 1b       	sub	r18, r24
    2cea:	39 0b       	sbc	r19, r25
    2cec:	c9 01       	movw	r24, r18
    2cee:	20 e3       	ldi	r18, 0x30	; 48
    2cf0:	28 0f       	add	r18, r24
    2cf2:	ce 01       	movw	r24, r28
    2cf4:	8d 50       	subi	r24, 0x0D	; 13
    2cf6:	9e 4f       	sbci	r25, 0xFE	; 254
    2cf8:	fc 01       	movw	r30, r24
    2cfa:	22 8b       	std	Z+18, r18	; 0x12
    2cfc:	80 91 8d 03 	lds	r24, 0x038D	; 0x80038d <bms_max_temp>
    2d00:	90 91 8e 03 	lds	r25, 0x038E	; 0x80038e <bms_max_temp+0x1>
				dsp_reduced.data [0][16] = ((bms_max_temp/10)%10)+48;
    2d04:	9c 01       	movw	r18, r24
    2d06:	ad ec       	ldi	r26, 0xCD	; 205
    2d08:	bc ec       	ldi	r27, 0xCC	; 204
    2d0a:	0e 94 4e 1f 	call	0x3e9c	; 0x3e9c <__umulhisi3>
    2d0e:	ac 01       	movw	r20, r24
    2d10:	56 95       	lsr	r21
    2d12:	47 95       	ror	r20
    2d14:	56 95       	lsr	r21
    2d16:	47 95       	ror	r20
    2d18:	56 95       	lsr	r21
    2d1a:	47 95       	ror	r20
    2d1c:	9a 01       	movw	r18, r20
    2d1e:	ad ec       	ldi	r26, 0xCD	; 205
    2d20:	bc ec       	ldi	r27, 0xCC	; 204
    2d22:	0e 94 4e 1f 	call	0x3e9c	; 0x3e9c <__umulhisi3>
    2d26:	96 95       	lsr	r25
    2d28:	87 95       	ror	r24
    2d2a:	96 95       	lsr	r25
    2d2c:	87 95       	ror	r24
    2d2e:	96 95       	lsr	r25
    2d30:	87 95       	ror	r24
    2d32:	88 0f       	add	r24, r24
    2d34:	99 1f       	adc	r25, r25
    2d36:	9c 01       	movw	r18, r24
    2d38:	22 0f       	add	r18, r18
    2d3a:	33 1f       	adc	r19, r19
    2d3c:	22 0f       	add	r18, r18
    2d3e:	33 1f       	adc	r19, r19
    2d40:	82 0f       	add	r24, r18
    2d42:	93 1f       	adc	r25, r19
    2d44:	9a 01       	movw	r18, r20
    2d46:	28 1b       	sub	r18, r24
    2d48:	39 0b       	sbc	r19, r25
    2d4a:	c9 01       	movw	r24, r18
    2d4c:	20 e3       	ldi	r18, 0x30	; 48
    2d4e:	28 0f       	add	r18, r24
    2d50:	ce 01       	movw	r24, r28
    2d52:	8d 50       	subi	r24, 0x0D	; 13
    2d54:	9e 4f       	sbci	r25, 0xFE	; 254
    2d56:	fc 01       	movw	r30, r24
    2d58:	20 8b       	std	Z+16, r18	; 0x10
    2d5a:	80 91 8d 03 	lds	r24, 0x038D	; 0x80038d <bms_max_temp>
    2d5e:	90 91 8e 03 	lds	r25, 0x038E	; 0x80038e <bms_max_temp+0x1>
				dsp_reduced.data [0][15] = ((bms_max_temp/100)%10)+48;
    2d62:	96 95       	lsr	r25
    2d64:	87 95       	ror	r24
    2d66:	96 95       	lsr	r25
    2d68:	87 95       	ror	r24
    2d6a:	9c 01       	movw	r18, r24
    2d6c:	ab e7       	ldi	r26, 0x7B	; 123
    2d6e:	b4 e1       	ldi	r27, 0x14	; 20
    2d70:	0e 94 4e 1f 	call	0x3e9c	; 0x3e9c <__umulhisi3>
    2d74:	ac 01       	movw	r20, r24
    2d76:	56 95       	lsr	r21
    2d78:	47 95       	ror	r20
    2d7a:	9a 01       	movw	r18, r20
    2d7c:	ad ec       	ldi	r26, 0xCD	; 205
    2d7e:	bc ec       	ldi	r27, 0xCC	; 204
    2d80:	0e 94 4e 1f 	call	0x3e9c	; 0x3e9c <__umulhisi3>
    2d84:	96 95       	lsr	r25
    2d86:	87 95       	ror	r24
    2d88:	96 95       	lsr	r25
    2d8a:	87 95       	ror	r24
    2d8c:	96 95       	lsr	r25
    2d8e:	87 95       	ror	r24
    2d90:	88 0f       	add	r24, r24
    2d92:	99 1f       	adc	r25, r25
    2d94:	9c 01       	movw	r18, r24
    2d96:	22 0f       	add	r18, r18
    2d98:	33 1f       	adc	r19, r19
    2d9a:	22 0f       	add	r18, r18
    2d9c:	33 1f       	adc	r19, r19
    2d9e:	82 0f       	add	r24, r18
    2da0:	93 1f       	adc	r25, r19
    2da2:	9a 01       	movw	r18, r20
    2da4:	28 1b       	sub	r18, r24
    2da6:	39 0b       	sbc	r19, r25
    2da8:	c9 01       	movw	r24, r18
    2daa:	20 e3       	ldi	r18, 0x30	; 48
    2dac:	28 0f       	add	r18, r24
    2dae:	ce 01       	movw	r24, r28
    2db0:	8d 50       	subi	r24, 0x0D	; 13
    2db2:	9e 4f       	sbci	r25, 0xFE	; 254
    2db4:	fc 01       	movw	r30, r24
    2db6:	27 87       	std	Z+15, r18	; 0x0f
    2db8:	40 91 ab 03 	lds	r20, 0x03AB	; 0x8003ab <battery_voltage>
    2dbc:	50 91 ac 03 	lds	r21, 0x03AC	; 0x8003ac <battery_voltage+0x1>
				
				dsp_reduced.data [2][7] = (battery_voltage%10)+48;
    2dc0:	9a 01       	movw	r18, r20
    2dc2:	ad ec       	ldi	r26, 0xCD	; 205
    2dc4:	bc ec       	ldi	r27, 0xCC	; 204
    2dc6:	0e 94 4e 1f 	call	0x3e9c	; 0x3e9c <__umulhisi3>
    2dca:	96 95       	lsr	r25
    2dcc:	87 95       	ror	r24
    2dce:	96 95       	lsr	r25
    2dd0:	87 95       	ror	r24
    2dd2:	96 95       	lsr	r25
    2dd4:	87 95       	ror	r24
    2dd6:	88 0f       	add	r24, r24
    2dd8:	99 1f       	adc	r25, r25
    2dda:	9c 01       	movw	r18, r24
    2ddc:	22 0f       	add	r18, r18
    2dde:	33 1f       	adc	r19, r19
    2de0:	22 0f       	add	r18, r18
    2de2:	33 1f       	adc	r19, r19
    2de4:	82 0f       	add	r24, r18
    2de6:	93 1f       	adc	r25, r19
    2de8:	9a 01       	movw	r18, r20
    2dea:	28 1b       	sub	r18, r24
    2dec:	39 0b       	sbc	r19, r25
    2dee:	c9 01       	movw	r24, r18
    2df0:	20 e3       	ldi	r18, 0x30	; 48
    2df2:	28 0f       	add	r18, r24
    2df4:	ce 01       	movw	r24, r28
    2df6:	8d 50       	subi	r24, 0x0D	; 13
    2df8:	9e 4f       	sbci	r25, 0xFE	; 254
    2dfa:	fc 01       	movw	r30, r24
    2dfc:	27 a7       	std	Z+47, r18	; 0x2f
    2dfe:	80 91 ab 03 	lds	r24, 0x03AB	; 0x8003ab <battery_voltage>
    2e02:	90 91 ac 03 	lds	r25, 0x03AC	; 0x8003ac <battery_voltage+0x1>
				dsp_reduced.data [2][5] = ((battery_voltage/10)%10)+48;
    2e06:	9c 01       	movw	r18, r24
    2e08:	ad ec       	ldi	r26, 0xCD	; 205
    2e0a:	bc ec       	ldi	r27, 0xCC	; 204
    2e0c:	0e 94 4e 1f 	call	0x3e9c	; 0x3e9c <__umulhisi3>
    2e10:	ac 01       	movw	r20, r24
    2e12:	56 95       	lsr	r21
    2e14:	47 95       	ror	r20
    2e16:	56 95       	lsr	r21
    2e18:	47 95       	ror	r20
    2e1a:	56 95       	lsr	r21
    2e1c:	47 95       	ror	r20
    2e1e:	9a 01       	movw	r18, r20
    2e20:	ad ec       	ldi	r26, 0xCD	; 205
    2e22:	bc ec       	ldi	r27, 0xCC	; 204
    2e24:	0e 94 4e 1f 	call	0x3e9c	; 0x3e9c <__umulhisi3>
    2e28:	96 95       	lsr	r25
    2e2a:	87 95       	ror	r24
    2e2c:	96 95       	lsr	r25
    2e2e:	87 95       	ror	r24
    2e30:	96 95       	lsr	r25
    2e32:	87 95       	ror	r24
    2e34:	88 0f       	add	r24, r24
    2e36:	99 1f       	adc	r25, r25
    2e38:	9c 01       	movw	r18, r24
    2e3a:	22 0f       	add	r18, r18
    2e3c:	33 1f       	adc	r19, r19
    2e3e:	22 0f       	add	r18, r18
    2e40:	33 1f       	adc	r19, r19
    2e42:	82 0f       	add	r24, r18
    2e44:	93 1f       	adc	r25, r19
    2e46:	9a 01       	movw	r18, r20
    2e48:	28 1b       	sub	r18, r24
    2e4a:	39 0b       	sbc	r19, r25
    2e4c:	c9 01       	movw	r24, r18
    2e4e:	20 e3       	ldi	r18, 0x30	; 48
    2e50:	28 0f       	add	r18, r24
    2e52:	ce 01       	movw	r24, r28
    2e54:	8d 50       	subi	r24, 0x0D	; 13
    2e56:	9e 4f       	sbci	r25, 0xFE	; 254
    2e58:	fc 01       	movw	r30, r24
    2e5a:	25 a7       	std	Z+45, r18	; 0x2d
    2e5c:	80 91 ab 03 	lds	r24, 0x03AB	; 0x8003ab <battery_voltage>
    2e60:	90 91 ac 03 	lds	r25, 0x03AC	; 0x8003ac <battery_voltage+0x1>
				dsp_reduced.data [2][4] = ((battery_voltage/100)%10)+48;
    2e64:	96 95       	lsr	r25
    2e66:	87 95       	ror	r24
    2e68:	96 95       	lsr	r25
    2e6a:	87 95       	ror	r24
    2e6c:	9c 01       	movw	r18, r24
    2e6e:	ab e7       	ldi	r26, 0x7B	; 123
    2e70:	b4 e1       	ldi	r27, 0x14	; 20
    2e72:	0e 94 4e 1f 	call	0x3e9c	; 0x3e9c <__umulhisi3>
    2e76:	ac 01       	movw	r20, r24
    2e78:	56 95       	lsr	r21
    2e7a:	47 95       	ror	r20
    2e7c:	9a 01       	movw	r18, r20
    2e7e:	ad ec       	ldi	r26, 0xCD	; 205
    2e80:	bc ec       	ldi	r27, 0xCC	; 204
    2e82:	0e 94 4e 1f 	call	0x3e9c	; 0x3e9c <__umulhisi3>
    2e86:	96 95       	lsr	r25
    2e88:	87 95       	ror	r24
    2e8a:	96 95       	lsr	r25
    2e8c:	87 95       	ror	r24
    2e8e:	96 95       	lsr	r25
    2e90:	87 95       	ror	r24
    2e92:	88 0f       	add	r24, r24
    2e94:	99 1f       	adc	r25, r25
    2e96:	9c 01       	movw	r18, r24
    2e98:	22 0f       	add	r18, r18
    2e9a:	33 1f       	adc	r19, r19
    2e9c:	22 0f       	add	r18, r18
    2e9e:	33 1f       	adc	r19, r19
    2ea0:	82 0f       	add	r24, r18
    2ea2:	93 1f       	adc	r25, r19
    2ea4:	9a 01       	movw	r18, r20
    2ea6:	28 1b       	sub	r18, r24
    2ea8:	39 0b       	sbc	r19, r25
    2eaa:	c9 01       	movw	r24, r18
    2eac:	20 e3       	ldi	r18, 0x30	; 48
    2eae:	28 0f       	add	r18, r24
    2eb0:	ce 01       	movw	r24, r28
    2eb2:	8d 50       	subi	r24, 0x0D	; 13
    2eb4:	9e 4f       	sbci	r25, 0xFE	; 254
    2eb6:	fc 01       	movw	r30, r24
    2eb8:	24 a7       	std	Z+44, r18	; 0x2c
    2eba:	40 91 99 03 	lds	r20, 0x0399	; 0x800399 <cooling_1>
    2ebe:	50 91 9a 03 	lds	r21, 0x039A	; 0x80039a <cooling_1+0x1>
				
				dsp_reduced.data [2][18] = (cooling_1%10)+48;
    2ec2:	9a 01       	movw	r18, r20
    2ec4:	ad ec       	ldi	r26, 0xCD	; 205
    2ec6:	bc ec       	ldi	r27, 0xCC	; 204
    2ec8:	e9 d7       	rcall	.+4050   	; 0x3e9c <__umulhisi3>
    2eca:	96 95       	lsr	r25
    2ecc:	87 95       	ror	r24
    2ece:	96 95       	lsr	r25
    2ed0:	87 95       	ror	r24
    2ed2:	96 95       	lsr	r25
    2ed4:	87 95       	ror	r24
    2ed6:	88 0f       	add	r24, r24
    2ed8:	99 1f       	adc	r25, r25
    2eda:	9c 01       	movw	r18, r24
    2edc:	22 0f       	add	r18, r18
    2ede:	33 1f       	adc	r19, r19
    2ee0:	22 0f       	add	r18, r18
    2ee2:	33 1f       	adc	r19, r19
    2ee4:	82 0f       	add	r24, r18
    2ee6:	93 1f       	adc	r25, r19
    2ee8:	9a 01       	movw	r18, r20
    2eea:	28 1b       	sub	r18, r24
    2eec:	39 0b       	sbc	r19, r25
    2eee:	c9 01       	movw	r24, r18
    2ef0:	20 e3       	ldi	r18, 0x30	; 48
    2ef2:	28 0f       	add	r18, r24
    2ef4:	ce 01       	movw	r24, r28
    2ef6:	8d 50       	subi	r24, 0x0D	; 13
    2ef8:	9e 4f       	sbci	r25, 0xFE	; 254
    2efa:	fc 01       	movw	r30, r24
    2efc:	22 af       	std	Z+58, r18	; 0x3a
    2efe:	80 91 99 03 	lds	r24, 0x0399	; 0x800399 <cooling_1>
				dsp_reduced.data [2][16] = ((cooling_1/10)%10)+48;
    2f02:	90 91 9a 03 	lds	r25, 0x039A	; 0x80039a <cooling_1+0x1>
    2f06:	9c 01       	movw	r18, r24
    2f08:	ad ec       	ldi	r26, 0xCD	; 205
    2f0a:	bc ec       	ldi	r27, 0xCC	; 204
    2f0c:	c7 d7       	rcall	.+3982   	; 0x3e9c <__umulhisi3>
    2f0e:	ac 01       	movw	r20, r24
    2f10:	56 95       	lsr	r21
    2f12:	47 95       	ror	r20
    2f14:	56 95       	lsr	r21
    2f16:	47 95       	ror	r20
    2f18:	56 95       	lsr	r21
    2f1a:	47 95       	ror	r20
    2f1c:	9a 01       	movw	r18, r20
    2f1e:	ad ec       	ldi	r26, 0xCD	; 205
    2f20:	bc ec       	ldi	r27, 0xCC	; 204
    2f22:	bc d7       	rcall	.+3960   	; 0x3e9c <__umulhisi3>
    2f24:	96 95       	lsr	r25
    2f26:	87 95       	ror	r24
    2f28:	96 95       	lsr	r25
    2f2a:	87 95       	ror	r24
    2f2c:	96 95       	lsr	r25
    2f2e:	87 95       	ror	r24
    2f30:	88 0f       	add	r24, r24
    2f32:	99 1f       	adc	r25, r25
    2f34:	9c 01       	movw	r18, r24
    2f36:	22 0f       	add	r18, r18
    2f38:	33 1f       	adc	r19, r19
    2f3a:	22 0f       	add	r18, r18
    2f3c:	33 1f       	adc	r19, r19
    2f3e:	82 0f       	add	r24, r18
    2f40:	93 1f       	adc	r25, r19
    2f42:	9a 01       	movw	r18, r20
    2f44:	28 1b       	sub	r18, r24
    2f46:	39 0b       	sbc	r19, r25
    2f48:	c9 01       	movw	r24, r18
    2f4a:	20 e3       	ldi	r18, 0x30	; 48
    2f4c:	28 0f       	add	r18, r24
    2f4e:	ce 01       	movw	r24, r28
    2f50:	8d 50       	subi	r24, 0x0D	; 13
    2f52:	9e 4f       	sbci	r25, 0xFE	; 254
    2f54:	fc 01       	movw	r30, r24
    2f56:	20 af       	std	Z+56, r18	; 0x38
    2f58:	80 91 99 03 	lds	r24, 0x0399	; 0x800399 <cooling_1>
				dsp_reduced.data [2][15] = ((cooling_1/100)%10)+48;
    2f5c:	90 91 9a 03 	lds	r25, 0x039A	; 0x80039a <cooling_1+0x1>
    2f60:	96 95       	lsr	r25
    2f62:	87 95       	ror	r24
    2f64:	96 95       	lsr	r25
    2f66:	87 95       	ror	r24
    2f68:	9c 01       	movw	r18, r24
    2f6a:	ab e7       	ldi	r26, 0x7B	; 123
    2f6c:	b4 e1       	ldi	r27, 0x14	; 20
    2f6e:	96 d7       	rcall	.+3884   	; 0x3e9c <__umulhisi3>
    2f70:	ac 01       	movw	r20, r24
    2f72:	56 95       	lsr	r21
    2f74:	47 95       	ror	r20
    2f76:	9a 01       	movw	r18, r20
    2f78:	ad ec       	ldi	r26, 0xCD	; 205
    2f7a:	bc ec       	ldi	r27, 0xCC	; 204
    2f7c:	8f d7       	rcall	.+3870   	; 0x3e9c <__umulhisi3>
    2f7e:	96 95       	lsr	r25
    2f80:	87 95       	ror	r24
    2f82:	96 95       	lsr	r25
    2f84:	87 95       	ror	r24
    2f86:	96 95       	lsr	r25
    2f88:	87 95       	ror	r24
    2f8a:	88 0f       	add	r24, r24
    2f8c:	99 1f       	adc	r25, r25
    2f8e:	9c 01       	movw	r18, r24
    2f90:	22 0f       	add	r18, r18
    2f92:	33 1f       	adc	r19, r19
    2f94:	22 0f       	add	r18, r18
    2f96:	33 1f       	adc	r19, r19
    2f98:	82 0f       	add	r24, r18
    2f9a:	93 1f       	adc	r25, r19
    2f9c:	9a 01       	movw	r18, r20
    2f9e:	28 1b       	sub	r18, r24
    2fa0:	39 0b       	sbc	r19, r25
    2fa2:	c9 01       	movw	r24, r18
    2fa4:	20 e3       	ldi	r18, 0x30	; 48
    2fa6:	28 0f       	add	r18, r24
    2fa8:	ce 01       	movw	r24, r28
    2faa:	8d 50       	subi	r24, 0x0D	; 13
    2fac:	9e 4f       	sbci	r25, 0xFE	; 254
    2fae:	fc 01       	movw	r30, r24
    2fb0:	27 ab       	std	Z+55, r18	; 0x37
    2fb2:	0e 94 f7 01 	call	0x3ee	; 0x3ee <get_swc_buttons>
    2fb6:	20 e3       	ldi	r18, 0x30	; 48
				
				dsp_reduced.data [3][18] = get_swc_buttons()+48;
    2fb8:	28 0f       	add	r18, r24
    2fba:	ce 01       	movw	r24, r28
    2fbc:	8d 50       	subi	r24, 0x0D	; 13
    2fbe:	9e 4f       	sbci	r25, 0xFE	; 254
    2fc0:	82 5b       	subi	r24, 0xB2	; 178
    2fc2:	9f 4f       	sbci	r25, 0xFF	; 255
    2fc4:	fc 01       	movw	r30, r24
    2fc6:	20 83       	st	Z, r18
    2fc8:	ce 01       	movw	r24, r28
    2fca:	8d 5b       	subi	r24, 0xBD	; 189
    2fcc:	9d 4f       	sbci	r25, 0xFD	; 253
				
			}
			
			if (active_display == &dsp_modes)
    2fce:	2f 81       	ldd	r18, Y+7	; 0x07
    2fd0:	38 85       	ldd	r19, Y+8	; 0x08
    2fd2:	28 17       	cp	r18, r24
    2fd4:	39 07       	cpc	r19, r25
    2fd6:	09 f0       	breq	.+2      	; 0x2fda <main+0x184a>
    2fd8:	90 c0       	rjmp	.+288    	; 0x30fa <main+0x196a>
    2fda:	0e 94 f7 01 	call	0x3ee	; 0x3ee <get_swc_buttons>
    2fde:	02 97       	sbiw	r24, 0x02	; 2
			{
				if(get_swc_buttons()==2){
    2fe0:	41 f4       	brne	.+16     	; 0x2ff2 <main+0x1862>
    2fe2:	86 e0       	ldi	r24, 0x06	; 6
    2fe4:	fa d2       	rcall	.+1524   	; 0x35da <pre_defined_led_colors>
					
					pre_defined_led_colors(PE_AMBER);
    2fe6:	81 e0       	ldi	r24, 0x01	; 1
    2fe8:	80 93 d3 03 	sts	0x03D3, r24	; 0x8003d3 <mode_selection_active>
					mode_selection_active = 1;
    2fec:	81 e0       	ldi	r24, 0x01	; 1
    2fee:	80 93 d2 03 	sts	0x03D2, r24	; 0x8003d2 <wait>
					wait = 1;
    2ff2:	80 91 d3 03 	lds	r24, 0x03D3	; 0x8003d3 <mode_selection_active>
    2ff6:	81 30       	cpi	r24, 0x01	; 1
					
				}
				if(mode_selection_active == 1 ){
    2ff8:	f1 f4       	brne	.+60     	; 0x3036 <main+0x18a6>
    2ffa:	0e 94 ee 01 	call	0x3dc	; 0x3dc <get_dsp_mode>
					selected_mode = get_dsp_mode()%6;
    2ffe:	28 2f       	mov	r18, r24
    3000:	8b ea       	ldi	r24, 0xAB	; 171
    3002:	28 9f       	mul	r18, r24
    3004:	81 2d       	mov	r24, r1
    3006:	11 24       	eor	r1, r1
    3008:	98 2f       	mov	r25, r24
    300a:	96 95       	lsr	r25
    300c:	96 95       	lsr	r25
    300e:	89 2f       	mov	r24, r25
    3010:	88 0f       	add	r24, r24
    3012:	89 0f       	add	r24, r25
    3014:	88 0f       	add	r24, r24
    3016:	92 2f       	mov	r25, r18
    3018:	98 1b       	sub	r25, r24
    301a:	90 93 0f 01 	sts	0x010F, r25	; 0x80010f <selected_mode>
    301e:	0e 94 f7 01 	call	0x3ee	; 0x3ee <get_swc_buttons>
					
					if (get_swc_buttons() == 1 ){
    3022:	01 97       	sbiw	r24, 0x01	; 1
    3024:	41 f4       	brne	.+16     	; 0x3036 <main+0x18a6>
    3026:	80 91 0f 01 	lds	r24, 0x010F	; 0x80010f <selected_mode>
						
						active_mode = selected_mode;
    302a:	80 93 0e 01 	sts	0x010E, r24	; 0x80010e <active_mode>
    302e:	82 e0       	ldi	r24, 0x02	; 2
    3030:	d4 d2       	rcall	.+1448   	; 0x35da <pre_defined_led_colors>
						pre_defined_led_colors(PE_GREEN);
    3032:	10 92 d3 03 	sts	0x03D3, r1	; 0x8003d3 <mode_selection_active>
    3036:	0e 94 f7 01 	call	0x3ee	; 0x3ee <get_swc_buttons>
						mode_selection_active = 0;
    303a:	0c 97       	sbiw	r24, 0x0c	; 12
						
					}
					
				}
				if (get_swc_buttons() == 12){
    303c:	51 f4       	brne	.+20     	; 0x3052 <main+0x18c2>
    303e:	10 92 d3 03 	sts	0x03D3, r1	; 0x8003d3 <mode_selection_active>
    3042:	10 92 d2 03 	sts	0x03D2, r1	; 0x8003d2 <wait>
					mode_selection_active = 0;
    3046:	87 e0       	ldi	r24, 0x07	; 7
					wait = 0;
    3048:	c8 d2       	rcall	.+1424   	; 0x35da <pre_defined_led_colors>
    304a:	80 91 0e 01 	lds	r24, 0x010E	; 0x80010e <active_mode>
					pre_defined_led_colors(PE_OFF);
    304e:	80 93 0f 01 	sts	0x010F, r24	; 0x80010f <selected_mode>
					selected_mode = active_mode;
    3052:	80 91 0f 01 	lds	r24, 0x010F	; 0x80010f <selected_mode>
    3056:	88 2f       	mov	r24, r24
    3058:	90 e0       	ldi	r25, 0x00	; 0
				}
				
				
				switch (selected_mode)
    305a:	82 30       	cpi	r24, 0x02	; 2
    305c:	91 05       	cpc	r25, r1
    305e:	29 f1       	breq	.+74     	; 0x30aa <main+0x191a>
    3060:	83 30       	cpi	r24, 0x03	; 3
    3062:	91 05       	cpc	r25, r1
    3064:	2c f4       	brge	.+10     	; 0x3070 <main+0x18e0>
    3066:	00 97       	sbiw	r24, 0x00	; 0
    3068:	61 f0       	breq	.+24     	; 0x3082 <main+0x18f2>
    306a:	01 97       	sbiw	r24, 0x01	; 1
    306c:	a1 f0       	breq	.+40     	; 0x3096 <main+0x1906>
    306e:	45 c0       	rjmp	.+138    	; 0x30fa <main+0x196a>
    3070:	84 30       	cpi	r24, 0x04	; 4
    3072:	91 05       	cpc	r25, r1
    3074:	71 f1       	breq	.+92     	; 0x30d2 <main+0x1942>
    3076:	84 30       	cpi	r24, 0x04	; 4
    3078:	91 05       	cpc	r25, r1
    307a:	0c f1       	brlt	.+66     	; 0x30be <main+0x192e>
    307c:	05 97       	sbiw	r24, 0x05	; 5
    307e:	99 f1       	breq	.+102    	; 0x30e6 <main+0x1956>
    3080:	3c c0       	rjmp	.+120    	; 0x30fa <main+0x196a>
    3082:	ce 01       	movw	r24, r28
    3084:	8d 5b       	subi	r24, 0xBD	; 189
    3086:	9d 4f       	sbci	r25, 0xFD	; 253
    3088:	20 e0       	ldi	r18, 0x00	; 0
				{
					case 0: 
					display_write_str(&dsp_modes,"MODE:     ACCEL     ", 1, 0);
    308a:	41 e0       	ldi	r20, 0x01	; 1
    308c:	65 e1       	ldi	r22, 0x15	; 21
    308e:	73 e0       	ldi	r23, 0x03	; 3
    3090:	0e 94 f5 07 	call	0xfea	; 0xfea <display_write_str>
    3094:	32 c0       	rjmp	.+100    	; 0x30fa <main+0x196a>
    3096:	ce 01       	movw	r24, r28
    3098:	8d 5b       	subi	r24, 0xBD	; 189
    309a:	9d 4f       	sbci	r25, 0xFD	; 253
					break;
    309c:	20 e0       	ldi	r18, 0x00	; 0
					case 1:
					display_write_str(&dsp_modes,"MODE:     SKIDPAD   ", 1, 0);
    309e:	41 e0       	ldi	r20, 0x01	; 1
    30a0:	6a e2       	ldi	r22, 0x2A	; 42
    30a2:	73 e0       	ldi	r23, 0x03	; 3
    30a4:	0e 94 f5 07 	call	0xfea	; 0xfea <display_write_str>
    30a8:	28 c0       	rjmp	.+80     	; 0x30fa <main+0x196a>
    30aa:	ce 01       	movw	r24, r28
    30ac:	8d 5b       	subi	r24, 0xBD	; 189
    30ae:	9d 4f       	sbci	r25, 0xFD	; 253
					break;
    30b0:	20 e0       	ldi	r18, 0x00	; 0
					case 2: 
					display_write_str(&dsp_modes,"MODE:     AUTOCROSS ", 1, 0);
    30b2:	41 e0       	ldi	r20, 0x01	; 1
    30b4:	6f e3       	ldi	r22, 0x3F	; 63
    30b6:	73 e0       	ldi	r23, 0x03	; 3
    30b8:	0e 94 f5 07 	call	0xfea	; 0xfea <display_write_str>
    30bc:	1e c0       	rjmp	.+60     	; 0x30fa <main+0x196a>
    30be:	ce 01       	movw	r24, r28
    30c0:	8d 5b       	subi	r24, 0xBD	; 189
					break;
    30c2:	9d 4f       	sbci	r25, 0xFD	; 253
					case 3: 
					display_write_str(&dsp_modes,"MODE:     ENDURANCE ", 1, 0);
    30c4:	20 e0       	ldi	r18, 0x00	; 0
    30c6:	41 e0       	ldi	r20, 0x01	; 1
    30c8:	60 e0       	ldi	r22, 0x00	; 0
    30ca:	73 e0       	ldi	r23, 0x03	; 3
    30cc:	0e 94 f5 07 	call	0xfea	; 0xfea <display_write_str>
    30d0:	14 c0       	rjmp	.+40     	; 0x30fa <main+0x196a>
    30d2:	ce 01       	movw	r24, r28
    30d4:	8d 5b       	subi	r24, 0xBD	; 189
					break;
    30d6:	9d 4f       	sbci	r25, 0xFD	; 253
					case 4: 
					display_write_str(&dsp_modes,"MODE:     FUN1      ", 1, 0);
    30d8:	20 e0       	ldi	r18, 0x00	; 0
    30da:	41 e0       	ldi	r20, 0x01	; 1
    30dc:	64 e5       	ldi	r22, 0x54	; 84
    30de:	73 e0       	ldi	r23, 0x03	; 3
    30e0:	0e 94 f5 07 	call	0xfea	; 0xfea <display_write_str>
    30e4:	0a c0       	rjmp	.+20     	; 0x30fa <main+0x196a>
    30e6:	ce 01       	movw	r24, r28
    30e8:	8d 5b       	subi	r24, 0xBD	; 189
					break;
    30ea:	9d 4f       	sbci	r25, 0xFD	; 253
					case 5: display_write_str(&dsp_modes,"MODE:     FUN2      ", 1, 0);
    30ec:	20 e0       	ldi	r18, 0x00	; 0
    30ee:	41 e0       	ldi	r20, 0x01	; 1
    30f0:	69 e6       	ldi	r22, 0x69	; 105
    30f2:	73 e0       	ldi	r23, 0x03	; 3
    30f4:	0e 94 f5 07 	call	0xfea	; 0xfea <display_write_str>
    30f8:	00 00       	nop
    30fa:	80 91 0d 01 	lds	r24, 0x010D	; 0x80010d <led_test>
					break;
    30fe:	88 23       	and	r24, r24
				//display_write_str(active_display, "      KÖNNTEN       ",1,0);
				//display_write_str(active_display, "     IHRE DATEN     ",2,0);
				//display_write_str(active_display, "       STEHEN       ",3,0);
			//}
			
			if(led_test){
    3100:	19 f1       	breq	.+70     	; 0x3148 <main+0x19b8>
    3102:	81 e0       	ldi	r24, 0x01	; 1
    3104:	73 d5       	rcall	.+2790   	; 0x3bec <bms_error>
    3106:	82 e2       	ldi	r24, 0x22	; 34
				bms_error(1);
    3108:	90 e0       	ldi	r25, 0x00	; 0
    310a:	22 e2       	ldi	r18, 0x22	; 34
    310c:	30 e0       	ldi	r19, 0x00	; 0
				PORTA |= (1<<PA2);		// IMD LED
    310e:	f9 01       	movw	r30, r18
    3110:	20 81       	ld	r18, Z
    3112:	24 60       	ori	r18, 0x04	; 4
    3114:	fc 01       	movw	r30, r24
    3116:	20 83       	st	Z, r18
    3118:	80 91 d5 03 	lds	r24, 0x03D5	; 0x8003d5 <sys_time>
    311c:	90 91 d6 03 	lds	r25, 0x03D6	; 0x8003d6 <sys_time+0x1>
				if (sys_time >= LED_TEST_TIME){	// IMD & AMS error LED test 
    3120:	a0 91 d7 03 	lds	r26, 0x03D7	; 0x8003d7 <sys_time+0x2>
    3124:	b0 91 d8 03 	lds	r27, 0x03D8	; 0x8003d8 <sys_time+0x3>
    3128:	88 3b       	cpi	r24, 0xB8	; 184
    312a:	9b 40       	sbci	r25, 0x0B	; 11
    312c:	a1 05       	cpc	r26, r1
    312e:	b1 05       	cpc	r27, r1
    3130:	58 f0       	brcs	.+22     	; 0x3148 <main+0x19b8>
    3132:	82 e2       	ldi	r24, 0x22	; 34
    3134:	90 e0       	ldi	r25, 0x00	; 0
    3136:	22 e2       	ldi	r18, 0x22	; 34
    3138:	30 e0       	ldi	r19, 0x00	; 0
					PORTA &= ~(1<<PA2);
    313a:	f9 01       	movw	r30, r18
    313c:	20 81       	ld	r18, Z
    313e:	2b 7f       	andi	r18, 0xFB	; 251
    3140:	fc 01       	movw	r30, r24
    3142:	20 83       	st	Z, r18
    3144:	10 92 0d 01 	sts	0x010D, r1	; 0x80010d <led_test>
    3148:	84 e3       	ldi	r24, 0x34	; 52
    314a:	90 e0       	ldi	r25, 0x00	; 0
					led_test = 0;
    314c:	24 e3       	ldi	r18, 0x34	; 52
    314e:	30 e0       	ldi	r19, 0x00	; 0
				}
			}
			
			
			PORTG ^= (1<<PG3);		//Heart LED
    3150:	f9 01       	movw	r30, r18
    3152:	30 81       	ld	r19, Z
    3154:	28 e0       	ldi	r18, 0x08	; 8
    3156:	23 27       	eor	r18, r19
    3158:	fc 01       	movw	r30, r24
    315a:	20 83       	st	Z, r18
    315c:	19 82       	std	Y+1, r1	; 0x01
    315e:	8b 81       	ldd	r24, Y+3	; 0x03
    3160:	9c 81       	ldd	r25, Y+4	; 0x04
    3162:	ad 81       	ldd	r26, Y+5	; 0x05
			time_10ms = 0;
    3164:	be 81       	ldd	r27, Y+6	; 0x06
			time_300ms++;
    3166:	01 96       	adiw	r24, 0x01	; 1
    3168:	a1 1d       	adc	r26, r1
    316a:	b1 1d       	adc	r27, r1
    316c:	8b 83       	std	Y+3, r24	; 0x03
    316e:	9c 83       	std	Y+4, r25	; 0x04
    3170:	ad 83       	std	Y+5, r26	; 0x05
    3172:	be 83       	std	Y+6, r27	; 0x06
    3174:	80 91 d5 03 	lds	r24, 0x03D5	; 0x8003d5 <sys_time>
    3178:	90 91 d6 03 	lds	r25, 0x03D6	; 0x8003d6 <sys_time+0x1>
			
			if(sys_time >= SYSTEM_STARTUP_TIME)
    317c:	a0 91 d7 03 	lds	r26, 0x03D7	; 0x8003d7 <sys_time+0x2>
    3180:	b0 91 d8 03 	lds	r27, 0x03D8	; 0x8003d8 <sys_time+0x3>
    3184:	80 3a       	cpi	r24, 0xA0	; 160
    3186:	9f 40       	sbci	r25, 0x0F	; 15
    3188:	a1 05       	cpc	r26, r1
    318a:	b1 05       	cpc	r27, r1
    318c:	58 f1       	brcs	.+86     	; 0x31e4 <main+0x1a54>
    318e:	80 91 d2 03 	lds	r24, 0x03D2	; 0x8003d2 <wait>
    3192:	88 23       	and	r24, r24
    3194:	39 f5       	brne	.+78     	; 0x31e4 <main+0x1a54>
			{
				if(wait == 0){
    3196:	0e 94 ee 01 	call	0x3dc	; 0x3dc <get_dsp_mode>
    319a:	28 2f       	mov	r18, r24
    319c:	85 e2       	ldi	r24, 0x25	; 37
					active_display = page_order[get_dsp_mode()%NELEMS(page_order)];
    319e:	28 9f       	mul	r18, r24
    31a0:	81 2d       	mov	r24, r1
    31a2:	11 24       	eor	r1, r1
    31a4:	92 2f       	mov	r25, r18
    31a6:	98 1b       	sub	r25, r24
    31a8:	96 95       	lsr	r25
    31aa:	89 0f       	add	r24, r25
    31ac:	98 2f       	mov	r25, r24
    31ae:	96 95       	lsr	r25
    31b0:	96 95       	lsr	r25
    31b2:	89 2f       	mov	r24, r25
    31b4:	88 0f       	add	r24, r24
    31b6:	88 0f       	add	r24, r24
    31b8:	88 0f       	add	r24, r24
    31ba:	89 1b       	sub	r24, r25
    31bc:	92 2f       	mov	r25, r18
    31be:	98 1b       	sub	r25, r24
    31c0:	89 2f       	mov	r24, r25
    31c2:	90 e0       	ldi	r25, 0x00	; 0
    31c4:	9e 01       	movw	r18, r28
    31c6:	2d 56       	subi	r18, 0x6D	; 109
    31c8:	3d 4f       	sbci	r19, 0xFD	; 253
    31ca:	88 0f       	add	r24, r24
    31cc:	99 1f       	adc	r25, r25
    31ce:	88 0f       	add	r24, r24
    31d0:	99 1f       	adc	r25, r25
    31d2:	82 0f       	add	r24, r18
    31d4:	93 1f       	adc	r25, r19
    31d6:	fc 01       	movw	r30, r24
    31d8:	80 81       	ld	r24, Z
    31da:	91 81       	ldd	r25, Z+1	; 0x01
    31dc:	a2 81       	ldd	r26, Z+2	; 0x02
    31de:	b3 81       	ldd	r27, Z+3	; 0x03
    31e0:	98 87       	std	Y+8, r25	; 0x08
    31e2:	8f 83       	std	Y+7, r24	; 0x07
    31e4:	8a 81       	ldd	r24, Y+2	; 0x02
    31e6:	84 36       	cpi	r24, 0x64	; 100
    31e8:	10 f4       	brcc	.+4      	; 0x31ee <main+0x1a5e>
    31ea:	0c 94 5d 0d 	jmp	0x1aba	; 0x1aba <main+0x32a>
				}
			}
			
			
		}
		if (time_100ms > 99){
    31ee:	0e 94 e1 01 	call	0x3c2	; 0x3c2 <can_transmit>
    31f2:	1a 82       	std	Y+2, r1	; 0x02
    31f4:	0c 94 5d 0d 	jmp	0x1aba	; 0x1aba <main+0x32a>

000031f8 <configure_spi_bus>:
volatile uint8_t spi_state = 0;
volatile struct SPI_MSG current_msg;


// The following function configures the AT90CAN spi hardware
void configure_spi_bus(){
    31f8:	cf 93       	push	r28
    31fa:	df 93       	push	r29
    31fc:	cd b7       	in	r28, 0x3d	; 61
    31fe:	de b7       	in	r29, 0x3e	; 62
	
	//Lest bitte das nächste mal das Datenblatt...
	//Kapitel 16.2.2 vom AT90CAN Datenblatt
	DDRB |= (1<<PB0);
    3200:	84 e2       	ldi	r24, 0x24	; 36
    3202:	90 e0       	ldi	r25, 0x00	; 0
    3204:	24 e2       	ldi	r18, 0x24	; 36
    3206:	30 e0       	ldi	r19, 0x00	; 0
    3208:	f9 01       	movw	r30, r18
    320a:	20 81       	ld	r18, Z
    320c:	21 60       	ori	r18, 0x01	; 1
    320e:	fc 01       	movw	r30, r24
    3210:	20 83       	st	Z, r18
	
	// configure MOSI and SCK as Output
	//PB1 - SCK
	//PB2 - MOSI
	DDRB |= (1<<PB2)|(1<<PB1);
    3212:	84 e2       	ldi	r24, 0x24	; 36
    3214:	90 e0       	ldi	r25, 0x00	; 0
    3216:	24 e2       	ldi	r18, 0x24	; 36
    3218:	30 e0       	ldi	r19, 0x00	; 0
    321a:	f9 01       	movw	r30, r18
    321c:	20 81       	ld	r18, Z
    321e:	26 60       	ori	r18, 0x06	; 6
    3220:	fc 01       	movw	r30, r24
    3222:	20 83       	st	Z, r18
	//Enable SPI, SPI Interrupts and select Master Mode
	SPCR = 0|(1<<SPE)|(1<<SPIE)|(1<<MSTR);
    3224:	8c e4       	ldi	r24, 0x4C	; 76
    3226:	90 e0       	ldi	r25, 0x00	; 0
    3228:	20 ed       	ldi	r18, 0xD0	; 208
    322a:	fc 01       	movw	r30, r24
    322c:	20 83       	st	Z, r18
	//SET CLOCK PRESCALER to / 16
	//CLK ~ 1MHz
	SPCR |= (1<<SPR0);
    322e:	8c e4       	ldi	r24, 0x4C	; 76
    3230:	90 e0       	ldi	r25, 0x00	; 0
    3232:	2c e4       	ldi	r18, 0x4C	; 76
    3234:	30 e0       	ldi	r19, 0x00	; 0
    3236:	f9 01       	movw	r30, r18
    3238:	20 81       	ld	r18, Z
    323a:	21 60       	ori	r18, 0x01	; 1
    323c:	fc 01       	movw	r30, r24
    323e:	20 83       	st	Z, r18
	
	//mark CS Pins as Output
	DDRA |= (1<<PA3);
    3240:	81 e2       	ldi	r24, 0x21	; 33
    3242:	90 e0       	ldi	r25, 0x00	; 0
    3244:	21 e2       	ldi	r18, 0x21	; 33
    3246:	30 e0       	ldi	r19, 0x00	; 0
    3248:	f9 01       	movw	r30, r18
    324a:	20 81       	ld	r18, Z
    324c:	28 60       	ori	r18, 0x08	; 8
    324e:	fc 01       	movw	r30, r24
    3250:	20 83       	st	Z, r18
	DDRB |= (1<<PB7);
    3252:	84 e2       	ldi	r24, 0x24	; 36
    3254:	90 e0       	ldi	r25, 0x00	; 0
    3256:	24 e2       	ldi	r18, 0x24	; 36
    3258:	30 e0       	ldi	r19, 0x00	; 0
    325a:	f9 01       	movw	r30, r18
    325c:	20 81       	ld	r18, Z
    325e:	20 68       	ori	r18, 0x80	; 128
    3260:	fc 01       	movw	r30, r24
    3262:	20 83       	st	Z, r18
	//THE CS ARE ACTIVE LOW -> PULLING THEM HIGH!
	DIS_CS_LEFT
    3264:	82 e2       	ldi	r24, 0x22	; 34
    3266:	90 e0       	ldi	r25, 0x00	; 0
    3268:	22 e2       	ldi	r18, 0x22	; 34
    326a:	30 e0       	ldi	r19, 0x00	; 0
    326c:	f9 01       	movw	r30, r18
    326e:	20 81       	ld	r18, Z
    3270:	28 60       	ori	r18, 0x08	; 8
    3272:	fc 01       	movw	r30, r24
    3274:	20 83       	st	Z, r18
	DIS_CS_LEFT
    3276:	82 e2       	ldi	r24, 0x22	; 34
    3278:	90 e0       	ldi	r25, 0x00	; 0
    327a:	22 e2       	ldi	r18, 0x22	; 34
    327c:	30 e0       	ldi	r19, 0x00	; 0
    327e:	f9 01       	movw	r30, r18
    3280:	20 81       	ld	r18, Z
    3282:	28 60       	ori	r18, 0x08	; 8
    3284:	fc 01       	movw	r30, r24
    3286:	20 83       	st	Z, r18
		
}
    3288:	00 00       	nop
    328a:	df 91       	pop	r29
    328c:	cf 91       	pop	r28
    328e:	08 95       	ret

00003290 <spi_free>:

// the following function checks if we completed our SPI Data Transfer
// 1 means busy
// 0 mens we are done!
uint8_t spi_free(){
    3290:	cf 93       	push	r28
    3292:	df 93       	push	r29
    3294:	cd b7       	in	r28, 0x3d	; 61
    3296:	de b7       	in	r29, 0x3e	; 62
	
	if(spi_state == 0){
    3298:	80 91 d4 03 	lds	r24, 0x03D4	; 0x8003d4 <spi_state>
    329c:	88 23       	and	r24, r24
    329e:	11 f4       	brne	.+4      	; 0x32a4 <spi_free+0x14>
		return 1;
    32a0:	81 e0       	ldi	r24, 0x01	; 1
    32a2:	01 c0       	rjmp	.+2      	; 0x32a6 <spi_free+0x16>
	}
	return 0;
    32a4:	80 e0       	ldi	r24, 0x00	; 0
	
}
    32a6:	df 91       	pop	r29
    32a8:	cf 91       	pop	r28
    32aa:	08 95       	ret

000032ac <send_data>:

// address is for the 2 bytes of possible Address pins
void send_data(enum portextender extender, uint8_t control, uint8_t reg, uint8_t data){
    32ac:	cf 93       	push	r28
    32ae:	df 93       	push	r29
    32b0:	00 d0       	rcall	.+0      	; 0x32b2 <send_data+0x6>
    32b2:	00 d0       	rcall	.+0      	; 0x32b4 <send_data+0x8>
    32b4:	cd b7       	in	r28, 0x3d	; 61
    32b6:	de b7       	in	r29, 0x3e	; 62
    32b8:	89 83       	std	Y+1, r24	; 0x01
    32ba:	6a 83       	std	Y+2, r22	; 0x02
    32bc:	4b 83       	std	Y+3, r20	; 0x03
    32be:	2c 83       	std	Y+4, r18	; 0x04
	
	current_msg.selected_extender = extender;
    32c0:	89 81       	ldd	r24, Y+1	; 0x01
    32c2:	80 93 7c 04 	sts	0x047C, r24	; 0x80047c <current_msg>
	current_msg.register_addr = reg;
    32c6:	8b 81       	ldd	r24, Y+3	; 0x03
    32c8:	80 93 7e 04 	sts	0x047E, r24	; 0x80047e <current_msg+0x2>
	current_msg.control_byte = control;
    32cc:	8a 81       	ldd	r24, Y+2	; 0x02
    32ce:	80 93 7d 04 	sts	0x047D, r24	; 0x80047d <current_msg+0x1>
	current_msg.data = data;
    32d2:	8c 81       	ldd	r24, Y+4	; 0x04
    32d4:	80 93 7f 04 	sts	0x047F, r24	; 0x80047f <current_msg+0x3>
	
	spi_state = 1;
    32d8:	81 e0       	ldi	r24, 0x01	; 1
    32da:	80 93 d4 03 	sts	0x03D4, r24	; 0x8003d4 <spi_state>
	
	//set chip select!
	
	//Write the control byte into the SPI Data Register
	switch(extender){
    32de:	89 81       	ldd	r24, Y+1	; 0x01
    32e0:	88 2f       	mov	r24, r24
    32e2:	90 e0       	ldi	r25, 0x00	; 0
    32e4:	00 97       	sbiw	r24, 0x00	; 0
    32e6:	19 f0       	breq	.+6      	; 0x32ee <send_data+0x42>
    32e8:	01 97       	sbiw	r24, 0x01	; 1
    32ea:	a1 f0       	breq	.+40     	; 0x3314 <send_data+0x68>
    32ec:	26 c0       	rjmp	.+76     	; 0x333a <send_data+0x8e>
		case RGB_LEFT:
			EN_CS_LEFT
    32ee:	82 e2       	ldi	r24, 0x22	; 34
    32f0:	90 e0       	ldi	r25, 0x00	; 0
    32f2:	22 e2       	ldi	r18, 0x22	; 34
    32f4:	30 e0       	ldi	r19, 0x00	; 0
    32f6:	f9 01       	movw	r30, r18
    32f8:	20 81       	ld	r18, Z
    32fa:	27 7f       	andi	r18, 0xF7	; 247
    32fc:	fc 01       	movw	r30, r24
    32fe:	20 83       	st	Z, r18
			//make sure chip select for the right is off
			DIS_CS_RIGHT
    3300:	85 e2       	ldi	r24, 0x25	; 37
    3302:	90 e0       	ldi	r25, 0x00	; 0
    3304:	25 e2       	ldi	r18, 0x25	; 37
    3306:	30 e0       	ldi	r19, 0x00	; 0
    3308:	f9 01       	movw	r30, r18
    330a:	20 81       	ld	r18, Z
    330c:	20 68       	ori	r18, 0x80	; 128
    330e:	fc 01       	movw	r30, r24
    3310:	20 83       	st	Z, r18
			break;
    3312:	13 c0       	rjmp	.+38     	; 0x333a <send_data+0x8e>
		case RGB_RIGHT:
			EN_CS_RIGHT
    3314:	85 e2       	ldi	r24, 0x25	; 37
    3316:	90 e0       	ldi	r25, 0x00	; 0
    3318:	25 e2       	ldi	r18, 0x25	; 37
    331a:	30 e0       	ldi	r19, 0x00	; 0
    331c:	f9 01       	movw	r30, r18
    331e:	20 81       	ld	r18, Z
    3320:	2f 77       	andi	r18, 0x7F	; 127
    3322:	fc 01       	movw	r30, r24
    3324:	20 83       	st	Z, r18
			//make sure chip select for the left is off
			DIS_CS_LEFT
    3326:	82 e2       	ldi	r24, 0x22	; 34
    3328:	90 e0       	ldi	r25, 0x00	; 0
    332a:	22 e2       	ldi	r18, 0x22	; 34
    332c:	30 e0       	ldi	r19, 0x00	; 0
    332e:	f9 01       	movw	r30, r18
    3330:	20 81       	ld	r18, Z
    3332:	28 60       	ori	r18, 0x08	; 8
    3334:	fc 01       	movw	r30, r24
    3336:	20 83       	st	Z, r18
			break;
    3338:	00 00       	nop
	}
	SPDR = control;
    333a:	8e e4       	ldi	r24, 0x4E	; 78
    333c:	90 e0       	ldi	r25, 0x00	; 0
    333e:	2a 81       	ldd	r18, Y+2	; 0x02
    3340:	fc 01       	movw	r30, r24
    3342:	20 83       	st	Z, r18
	
};
    3344:	00 00       	nop
    3346:	0f 90       	pop	r0
    3348:	0f 90       	pop	r0
    334a:	0f 90       	pop	r0
    334c:	0f 90       	pop	r0
    334e:	df 91       	pop	r29
    3350:	cf 91       	pop	r28
    3352:	08 95       	ret

00003354 <send_data_blocking>:

void send_data_blocking(enum portextender extender, uint8_t control, uint8_t reg, uint8_t data){
    3354:	cf 93       	push	r28
    3356:	df 93       	push	r29
    3358:	00 d0       	rcall	.+0      	; 0x335a <send_data_blocking+0x6>
    335a:	00 d0       	rcall	.+0      	; 0x335c <send_data_blocking+0x8>
    335c:	1f 92       	push	r1
    335e:	cd b7       	in	r28, 0x3d	; 61
    3360:	de b7       	in	r29, 0x3e	; 62
    3362:	8a 83       	std	Y+2, r24	; 0x02
    3364:	6b 83       	std	Y+3, r22	; 0x03
    3366:	4c 83       	std	Y+4, r20	; 0x04
    3368:	2d 83       	std	Y+5, r18	; 0x05
	//wait until the bus is free
	while (!spi_free()){
    336a:	09 c0       	rjmp	.+18     	; 0x337e <send_data_blocking+0x2a>
		//wait for some time
		WASTE_CPU_TIME
    336c:	8f ef       	ldi	r24, 0xFF	; 255
    336e:	89 83       	std	Y+1, r24	; 0x01
    3370:	03 c0       	rjmp	.+6      	; 0x3378 <send_data_blocking+0x24>
    3372:	89 81       	ldd	r24, Y+1	; 0x01
    3374:	81 50       	subi	r24, 0x01	; 1
    3376:	89 83       	std	Y+1, r24	; 0x01
    3378:	89 81       	ldd	r24, Y+1	; 0x01
    337a:	88 23       	and	r24, r24
    337c:	d1 f7       	brne	.-12     	; 0x3372 <send_data_blocking+0x1e>
	
};

void send_data_blocking(enum portextender extender, uint8_t control, uint8_t reg, uint8_t data){
	//wait until the bus is free
	while (!spi_free()){
    337e:	88 df       	rcall	.-240    	; 0x3290 <spi_free>
    3380:	88 23       	and	r24, r24
    3382:	a1 f3       	breq	.-24     	; 0x336c <send_data_blocking+0x18>
		//wait for some time
		WASTE_CPU_TIME
	}
	send_data(extender,control,reg,data);
    3384:	2d 81       	ldd	r18, Y+5	; 0x05
    3386:	4c 81       	ldd	r20, Y+4	; 0x04
    3388:	6b 81       	ldd	r22, Y+3	; 0x03
    338a:	8a 81       	ldd	r24, Y+2	; 0x02
    338c:	8f df       	rcall	.-226    	; 0x32ac <send_data>
};
    338e:	00 00       	nop
    3390:	0f 90       	pop	r0
    3392:	0f 90       	pop	r0
    3394:	0f 90       	pop	r0
    3396:	0f 90       	pop	r0
    3398:	0f 90       	pop	r0
    339a:	df 91       	pop	r29
    339c:	cf 91       	pop	r28
    339e:	08 95       	ret

000033a0 <extender_leds>:

void extender_leds(enum portextender extender, uint8_t data){
    33a0:	cf 93       	push	r28
    33a2:	df 93       	push	r29
    33a4:	00 d0       	rcall	.+0      	; 0x33a6 <extender_leds+0x6>
    33a6:	cd b7       	in	r28, 0x3d	; 61
    33a8:	de b7       	in	r29, 0x3e	; 62
    33aa:	89 83       	std	Y+1, r24	; 0x01
    33ac:	6a 83       	std	Y+2, r22	; 0x02
	
	send_data(extender,0b01000000,PE_OLAT,~data);
    33ae:	8a 81       	ldd	r24, Y+2	; 0x02
    33b0:	80 95       	com	r24
    33b2:	28 2f       	mov	r18, r24
    33b4:	4a e0       	ldi	r20, 0x0A	; 10
    33b6:	60 e4       	ldi	r22, 0x40	; 64
    33b8:	89 81       	ldd	r24, Y+1	; 0x01
    33ba:	78 df       	rcall	.-272    	; 0x32ac <send_data>
};
    33bc:	00 00       	nop
    33be:	0f 90       	pop	r0
    33c0:	0f 90       	pop	r0
    33c2:	df 91       	pop	r29
    33c4:	cf 91       	pop	r28
    33c6:	08 95       	ret

000033c8 <extender_leds_blocking>:

void extender_leds_blocking(enum portextender extender, uint8_t data){
    33c8:	cf 93       	push	r28
    33ca:	df 93       	push	r29
    33cc:	00 d0       	rcall	.+0      	; 0x33ce <extender_leds_blocking+0x6>
    33ce:	cd b7       	in	r28, 0x3d	; 61
    33d0:	de b7       	in	r29, 0x3e	; 62
    33d2:	89 83       	std	Y+1, r24	; 0x01
    33d4:	6a 83       	std	Y+2, r22	; 0x02
	send_data_blocking(extender,0b01000000,PE_OLAT,~data);
    33d6:	8a 81       	ldd	r24, Y+2	; 0x02
    33d8:	80 95       	com	r24
    33da:	28 2f       	mov	r18, r24
    33dc:	4a e0       	ldi	r20, 0x0A	; 10
    33de:	60 e4       	ldi	r22, 0x40	; 64
    33e0:	89 81       	ldd	r24, Y+1	; 0x01
    33e2:	b8 df       	rcall	.-144    	; 0x3354 <send_data_blocking>
}
    33e4:	00 00       	nop
    33e6:	0f 90       	pop	r0
    33e8:	0f 90       	pop	r0
    33ea:	df 91       	pop	r29
    33ec:	cf 91       	pop	r28
    33ee:	08 95       	ret

000033f0 <__vector_20>:

ISR(SPI_STC_vect){
    33f0:	1f 92       	push	r1
    33f2:	0f 92       	push	r0
    33f4:	00 90 5f 00 	lds	r0, 0x005F	; 0x80005f <__TEXT_REGION_LENGTH__+0x7e005f>
    33f8:	0f 92       	push	r0
    33fa:	11 24       	eor	r1, r1
    33fc:	00 90 5b 00 	lds	r0, 0x005B	; 0x80005b <__TEXT_REGION_LENGTH__+0x7e005b>
    3400:	0f 92       	push	r0
    3402:	2f 93       	push	r18
    3404:	3f 93       	push	r19
    3406:	8f 93       	push	r24
    3408:	9f 93       	push	r25
    340a:	ef 93       	push	r30
    340c:	ff 93       	push	r31
    340e:	cf 93       	push	r28
    3410:	df 93       	push	r29
    3412:	cd b7       	in	r28, 0x3d	; 61
    3414:	de b7       	in	r29, 0x3e	; 62
	switch (spi_state){
    3416:	80 91 d4 03 	lds	r24, 0x03D4	; 0x8003d4 <spi_state>
    341a:	88 2f       	mov	r24, r24
    341c:	90 e0       	ldi	r25, 0x00	; 0
    341e:	82 30       	cpi	r24, 0x02	; 2
    3420:	91 05       	cpc	r25, r1
    3422:	81 f0       	breq	.+32     	; 0x3444 <__vector_20+0x54>
    3424:	83 30       	cpi	r24, 0x03	; 3
    3426:	91 05       	cpc	r25, r1
    3428:	b9 f0       	breq	.+46     	; 0x3458 <__vector_20+0x68>
    342a:	01 97       	sbiw	r24, 0x01	; 1
    342c:	09 f0       	breq	.+2      	; 0x3430 <__vector_20+0x40>
			//set spi state to 0
			spi_state = 0;
			break;
	}
	
}
    342e:	29 c0       	rjmp	.+82     	; 0x3482 <__vector_20+0x92>
ISR(SPI_STC_vect){
	switch (spi_state){
		case 1:
			//control byte was send!
			//send register
			SPDR = current_msg.register_addr;
    3430:	8e e4       	ldi	r24, 0x4E	; 78
    3432:	90 e0       	ldi	r25, 0x00	; 0
    3434:	20 91 7e 04 	lds	r18, 0x047E	; 0x80047e <current_msg+0x2>
    3438:	fc 01       	movw	r30, r24
    343a:	20 83       	st	Z, r18
			//update SPI State			
			spi_state = 2;
    343c:	82 e0       	ldi	r24, 0x02	; 2
    343e:	80 93 d4 03 	sts	0x03D4, r24	; 0x8003d4 <spi_state>
			break;
    3442:	1f c0       	rjmp	.+62     	; 0x3482 <__vector_20+0x92>
		case 2:
			//register was send
			//send data
			SPDR = current_msg.data;
    3444:	8e e4       	ldi	r24, 0x4E	; 78
    3446:	90 e0       	ldi	r25, 0x00	; 0
    3448:	20 91 7f 04 	lds	r18, 0x047F	; 0x80047f <current_msg+0x3>
    344c:	fc 01       	movw	r30, r24
    344e:	20 83       	st	Z, r18
			//update SPI State
			spi_state = 3;
    3450:	83 e0       	ldi	r24, 0x03	; 3
    3452:	80 93 d4 03 	sts	0x03D4, r24	; 0x8003d4 <spi_state>
			break;
    3456:	15 c0       	rjmp	.+42     	; 0x3482 <__vector_20+0x92>
		case 3:
			//data was send
			//disable chip selects
			DIS_CS_RIGHT
    3458:	85 e2       	ldi	r24, 0x25	; 37
    345a:	90 e0       	ldi	r25, 0x00	; 0
    345c:	25 e2       	ldi	r18, 0x25	; 37
    345e:	30 e0       	ldi	r19, 0x00	; 0
    3460:	f9 01       	movw	r30, r18
    3462:	20 81       	ld	r18, Z
    3464:	20 68       	ori	r18, 0x80	; 128
    3466:	fc 01       	movw	r30, r24
    3468:	20 83       	st	Z, r18
			DIS_CS_LEFT
    346a:	82 e2       	ldi	r24, 0x22	; 34
    346c:	90 e0       	ldi	r25, 0x00	; 0
    346e:	22 e2       	ldi	r18, 0x22	; 34
    3470:	30 e0       	ldi	r19, 0x00	; 0
    3472:	f9 01       	movw	r30, r18
    3474:	20 81       	ld	r18, Z
    3476:	28 60       	ori	r18, 0x08	; 8
    3478:	fc 01       	movw	r30, r24
    347a:	20 83       	st	Z, r18
			//set spi state to 0
			spi_state = 0;
    347c:	10 92 d4 03 	sts	0x03D4, r1	; 0x8003d4 <spi_state>
			break;
    3480:	00 00       	nop
	}
	
}
    3482:	00 00       	nop
    3484:	df 91       	pop	r29
    3486:	cf 91       	pop	r28
    3488:	ff 91       	pop	r31
    348a:	ef 91       	pop	r30
    348c:	9f 91       	pop	r25
    348e:	8f 91       	pop	r24
    3490:	3f 91       	pop	r19
    3492:	2f 91       	pop	r18
    3494:	0f 90       	pop	r0
    3496:	00 92 5b 00 	sts	0x005B, r0	; 0x80005b <__TEXT_REGION_LENGTH__+0x7e005b>
    349a:	0f 90       	pop	r0
    349c:	00 92 5f 00 	sts	0x005F, r0	; 0x80005f <__TEXT_REGION_LENGTH__+0x7e005f>
    34a0:	0f 90       	pop	r0
    34a2:	1f 90       	pop	r1
    34a4:	18 95       	reti

000034a6 <configure_portextenders>:

void configure_portextenders(){
    34a6:	cf 93       	push	r28
    34a8:	df 93       	push	r29
    34aa:	cd b7       	in	r28, 0x3d	; 61
    34ac:	de b7       	in	r29, 0x3e	; 62
	
	//mark all pins as output
	send_data_blocking(RGB_LEFT,0b01000100,PE_IODIR,0x00);
    34ae:	20 e0       	ldi	r18, 0x00	; 0
    34b0:	40 e0       	ldi	r20, 0x00	; 0
    34b2:	64 e4       	ldi	r22, 0x44	; 68
    34b4:	80 e0       	ldi	r24, 0x00	; 0
    34b6:	4e df       	rcall	.-356    	; 0x3354 <send_data_blocking>
	send_data_blocking(RGB_RIGHT,0b01000010,PE_IODIR,0x00);
    34b8:	20 e0       	ldi	r18, 0x00	; 0
    34ba:	40 e0       	ldi	r20, 0x00	; 0
    34bc:	62 e4       	ldi	r22, 0x42	; 66
    34be:	81 e0       	ldi	r24, 0x01	; 1
    34c0:	49 df       	rcall	.-366    	; 0x3354 <send_data_blocking>

	//disable HA Pins...
	send_data_blocking(RGB_LEFT,0b01000100,PE_IOCON,0);
    34c2:	20 e0       	ldi	r18, 0x00	; 0
    34c4:	45 e0       	ldi	r20, 0x05	; 5
    34c6:	64 e4       	ldi	r22, 0x44	; 68
    34c8:	80 e0       	ldi	r24, 0x00	; 0
    34ca:	44 df       	rcall	.-376    	; 0x3354 <send_data_blocking>
	send_data_blocking(RGB_RIGHT,0b01000010,PE_IOCON,0);
    34cc:	20 e0       	ldi	r18, 0x00	; 0
    34ce:	45 e0       	ldi	r20, 0x05	; 5
    34d0:	62 e4       	ldi	r22, 0x42	; 66
    34d2:	81 e0       	ldi	r24, 0x01	; 1
    34d4:	3f df       	rcall	.-386    	; 0x3354 <send_data_blocking>
    34d6:	00 00       	nop
}
    34d8:	df 91       	pop	r29
    34da:	cf 91       	pop	r28
    34dc:	08 95       	ret

000034de <pre_defined_led_colors_right>:
    34de:	cf 93       	push	r28

void pre_defined_led_colors_right(enum led_color color){
    34e0:	df 93       	push	r29
    34e2:	1f 92       	push	r1
    34e4:	cd b7       	in	r28, 0x3d	; 61
    34e6:	de b7       	in	r29, 0x3e	; 62
    34e8:	89 83       	std	Y+1, r24	; 0x01
    34ea:	89 81       	ldd	r24, Y+1	; 0x01
	switch(color){
    34ec:	88 2f       	mov	r24, r24
    34ee:	90 e0       	ldi	r25, 0x00	; 0
    34f0:	09 2e       	mov	r0, r25
    34f2:	00 0c       	add	r0, r0
    34f4:	aa 0b       	sbc	r26, r26
    34f6:	bb 0b       	sbc	r27, r27
    34f8:	40 e0       	ldi	r20, 0x00	; 0
    34fa:	50 e0       	ldi	r21, 0x00	; 0
    34fc:	27 e0       	ldi	r18, 0x07	; 7
    34fe:	30 e0       	ldi	r19, 0x00	; 0
    3500:	84 1b       	sub	r24, r20
    3502:	95 0b       	sbc	r25, r21
    3504:	28 17       	cp	r18, r24
    3506:	39 07       	cpc	r19, r25
    3508:	20 f1       	brcs	.+72     	; 0x3552 <pre_defined_led_colors_right+0x74>
    350a:	88 5a       	subi	r24, 0xA8	; 168
    350c:	9f 4f       	sbci	r25, 0xFF	; 255
    350e:	fc 01       	movw	r30, r24
		case PE_RED:
			extender_leds_blocking(RGB_RIGHT,0|(1<<F_RED)|(1<<R_RED));
    3510:	bc c4       	rjmp	.+2424   	; 0x3e8a <__tablejump2__>
    3512:	69 e0       	ldi	r22, 0x09	; 9
    3514:	81 e0       	ldi	r24, 0x01	; 1
			break;
    3516:	58 df       	rcall	.-336    	; 0x33c8 <extender_leds_blocking>
		case PE_GREEN:
			extender_leds_blocking(RGB_RIGHT,0|(1<<F_GREEN)|(1<<R_GREEN));
    3518:	1c c0       	rjmp	.+56     	; 0x3552 <pre_defined_led_colors_right+0x74>
    351a:	66 e0       	ldi	r22, 0x06	; 6
    351c:	81 e0       	ldi	r24, 0x01	; 1
			break;
		case PE_BLUE:
			extender_leds_blocking(RGB_RIGHT,0|(1<<F_BLUE)|(1<<R_BLUE));
    351e:	54 df       	rcall	.-344    	; 0x33c8 <extender_leds_blocking>
    3520:	18 c0       	rjmp	.+48     	; 0x3552 <pre_defined_led_colors_right+0x74>
    3522:	60 e3       	ldi	r22, 0x30	; 48
			break;
    3524:	81 e0       	ldi	r24, 0x01	; 1
		case PE_PURPLE:
			extender_leds_blocking(RGB_RIGHT,0|(1<<F_BLUE)|(1<<R_BLUE)|(1<<R_RED)|(1<<F_RED));
    3526:	50 df       	rcall	.-352    	; 0x33c8 <extender_leds_blocking>
    3528:	14 c0       	rjmp	.+40     	; 0x3552 <pre_defined_led_colors_right+0x74>
    352a:	69 e3       	ldi	r22, 0x39	; 57
			break;
    352c:	81 e0       	ldi	r24, 0x01	; 1
		case PE_LIGHTBLUE:
			extender_leds_blocking(RGB_RIGHT,0|(1<<F_GREEN)|(1<<R_GREEN)|(1<<R_BLUE)|(1<<F_BLUE));
    352e:	4c df       	rcall	.-360    	; 0x33c8 <extender_leds_blocking>
    3530:	10 c0       	rjmp	.+32     	; 0x3552 <pre_defined_led_colors_right+0x74>
    3532:	66 e3       	ldi	r22, 0x36	; 54
			break;
    3534:	81 e0       	ldi	r24, 0x01	; 1
		case PE_WHITE:
			extender_leds_blocking(RGB_RIGHT,0xff);
    3536:	48 df       	rcall	.-368    	; 0x33c8 <extender_leds_blocking>
    3538:	0c c0       	rjmp	.+24     	; 0x3552 <pre_defined_led_colors_right+0x74>
    353a:	6f ef       	ldi	r22, 0xFF	; 255
    353c:	81 e0       	ldi	r24, 0x01	; 1
			break;
    353e:	44 df       	rcall	.-376    	; 0x33c8 <extender_leds_blocking>
		case PE_OFF:
			extender_leds_blocking(RGB_RIGHT,0);
    3540:	08 c0       	rjmp	.+16     	; 0x3552 <pre_defined_led_colors_right+0x74>
    3542:	60 e0       	ldi	r22, 0x00	; 0
    3544:	81 e0       	ldi	r24, 0x01	; 1
    3546:	40 df       	rcall	.-384    	; 0x33c8 <extender_leds_blocking>
			break;
    3548:	04 c0       	rjmp	.+8      	; 0x3552 <pre_defined_led_colors_right+0x74>
		case PE_AMBER:
			extender_leds_blocking(RGB_RIGHT,0|(1<<F_GREEN)|(1<<R_GREEN)|(1<<R_RED)|(1<<F_RED));
    354a:	6f e0       	ldi	r22, 0x0F	; 15
    354c:	81 e0       	ldi	r24, 0x01	; 1
    354e:	3c df       	rcall	.-392    	; 0x33c8 <extender_leds_blocking>
    3550:	00 00       	nop
			break;
    3552:	00 00       	nop
	}

}
    3554:	0f 90       	pop	r0
    3556:	df 91       	pop	r29
    3558:	cf 91       	pop	r28
    355a:	08 95       	ret

0000355c <pre_defined_led_colors_left>:
    355c:	cf 93       	push	r28


void pre_defined_led_colors_left(enum led_color color){
    355e:	df 93       	push	r29
    3560:	1f 92       	push	r1
    3562:	cd b7       	in	r28, 0x3d	; 61
    3564:	de b7       	in	r29, 0x3e	; 62
    3566:	89 83       	std	Y+1, r24	; 0x01
    3568:	89 81       	ldd	r24, Y+1	; 0x01
	switch(color){
    356a:	88 2f       	mov	r24, r24
    356c:	90 e0       	ldi	r25, 0x00	; 0
    356e:	09 2e       	mov	r0, r25
    3570:	00 0c       	add	r0, r0
    3572:	aa 0b       	sbc	r26, r26
    3574:	bb 0b       	sbc	r27, r27
    3576:	40 e0       	ldi	r20, 0x00	; 0
    3578:	50 e0       	ldi	r21, 0x00	; 0
    357a:	27 e0       	ldi	r18, 0x07	; 7
    357c:	30 e0       	ldi	r19, 0x00	; 0
    357e:	84 1b       	sub	r24, r20
    3580:	95 0b       	sbc	r25, r21
    3582:	28 17       	cp	r18, r24
    3584:	39 07       	cpc	r19, r25
    3586:	20 f1       	brcs	.+72     	; 0x35d0 <pre_defined_led_colors_left+0x74>
    3588:	80 5a       	subi	r24, 0xA0	; 160
    358a:	9f 4f       	sbci	r25, 0xFF	; 255
		case PE_RED:
		extender_leds_blocking(RGB_LEFT,0|(1<<F_RED)|(1<<R_RED));
    358c:	fc 01       	movw	r30, r24
    358e:	7d c4       	rjmp	.+2298   	; 0x3e8a <__tablejump2__>
    3590:	69 e0       	ldi	r22, 0x09	; 9
		break;
		case PE_GREEN:
		extender_leds_blocking(RGB_LEFT,0|(1<<F_GREEN)|(1<<R_GREEN));
    3592:	80 e0       	ldi	r24, 0x00	; 0
    3594:	19 df       	rcall	.-462    	; 0x33c8 <extender_leds_blocking>
    3596:	1c c0       	rjmp	.+56     	; 0x35d0 <pre_defined_led_colors_left+0x74>
		break;
    3598:	66 e0       	ldi	r22, 0x06	; 6
		case PE_BLUE:
		extender_leds_blocking(RGB_LEFT,0|(1<<F_BLUE)|(1<<R_BLUE));
    359a:	80 e0       	ldi	r24, 0x00	; 0
    359c:	15 df       	rcall	.-470    	; 0x33c8 <extender_leds_blocking>
    359e:	18 c0       	rjmp	.+48     	; 0x35d0 <pre_defined_led_colors_left+0x74>
		break;
    35a0:	60 e3       	ldi	r22, 0x30	; 48
		case PE_PURPLE:
		extender_leds_blocking(RGB_LEFT,0|(1<<F_BLUE)|(1<<R_BLUE)|(1<<R_RED)|(1<<F_RED));
    35a2:	80 e0       	ldi	r24, 0x00	; 0
    35a4:	11 df       	rcall	.-478    	; 0x33c8 <extender_leds_blocking>
    35a6:	14 c0       	rjmp	.+40     	; 0x35d0 <pre_defined_led_colors_left+0x74>
    35a8:	69 e3       	ldi	r22, 0x39	; 57
		break;
    35aa:	80 e0       	ldi	r24, 0x00	; 0
		case PE_LIGHTBLUE:
		extender_leds_blocking(RGB_LEFT,0|(1<<F_GREEN)|(1<<R_GREEN)|(1<<R_BLUE)|(1<<F_BLUE));
    35ac:	0d df       	rcall	.-486    	; 0x33c8 <extender_leds_blocking>
    35ae:	10 c0       	rjmp	.+32     	; 0x35d0 <pre_defined_led_colors_left+0x74>
    35b0:	66 e3       	ldi	r22, 0x36	; 54
    35b2:	80 e0       	ldi	r24, 0x00	; 0
		break;
    35b4:	09 df       	rcall	.-494    	; 0x33c8 <extender_leds_blocking>
		case PE_WHITE:
		extender_leds_blocking(RGB_LEFT,0xff);
    35b6:	0c c0       	rjmp	.+24     	; 0x35d0 <pre_defined_led_colors_left+0x74>
    35b8:	6f ef       	ldi	r22, 0xFF	; 255
    35ba:	80 e0       	ldi	r24, 0x00	; 0
    35bc:	05 df       	rcall	.-502    	; 0x33c8 <extender_leds_blocking>
		break;
    35be:	08 c0       	rjmp	.+16     	; 0x35d0 <pre_defined_led_colors_left+0x74>
		case PE_OFF:
		extender_leds_blocking(RGB_LEFT,0);
    35c0:	60 e0       	ldi	r22, 0x00	; 0
    35c2:	80 e0       	ldi	r24, 0x00	; 0
    35c4:	01 df       	rcall	.-510    	; 0x33c8 <extender_leds_blocking>
    35c6:	04 c0       	rjmp	.+8      	; 0x35d0 <pre_defined_led_colors_left+0x74>
		break;
    35c8:	6f e0       	ldi	r22, 0x0F	; 15
		case PE_AMBER:
		extender_leds_blocking(RGB_LEFT,0|(1<<F_GREEN)|(1<<R_GREEN)|(1<<R_RED)|(1<<F_RED));
    35ca:	80 e0       	ldi	r24, 0x00	; 0
    35cc:	fd de       	rcall	.-518    	; 0x33c8 <extender_leds_blocking>
    35ce:	00 00       	nop
    35d0:	00 00       	nop
		break;
    35d2:	0f 90       	pop	r0
	}

}
    35d4:	df 91       	pop	r29
    35d6:	cf 91       	pop	r28
    35d8:	08 95       	ret

000035da <pre_defined_led_colors>:
    35da:	cf 93       	push	r28
    35dc:	df 93       	push	r29


void pre_defined_led_colors(enum led_color color){
    35de:	1f 92       	push	r1
    35e0:	cd b7       	in	r28, 0x3d	; 61
    35e2:	de b7       	in	r29, 0x3e	; 62
    35e4:	89 83       	std	Y+1, r24	; 0x01
	switch(color){
    35e6:	89 81       	ldd	r24, Y+1	; 0x01
    35e8:	88 2f       	mov	r24, r24
    35ea:	90 e0       	ldi	r25, 0x00	; 0
    35ec:	09 2e       	mov	r0, r25
    35ee:	00 0c       	add	r0, r0
    35f0:	aa 0b       	sbc	r26, r26
    35f2:	bb 0b       	sbc	r27, r27
    35f4:	40 e0       	ldi	r20, 0x00	; 0
    35f6:	50 e0       	ldi	r21, 0x00	; 0
    35f8:	27 e0       	ldi	r18, 0x07	; 7
    35fa:	30 e0       	ldi	r19, 0x00	; 0
    35fc:	84 1b       	sub	r24, r20
    35fe:	95 0b       	sbc	r25, r21
    3600:	28 17       	cp	r18, r24
    3602:	39 07       	cpc	r19, r25
    3604:	08 f4       	brcc	.+2      	; 0x3608 <pre_defined_led_colors+0x2e>
    3606:	3c c0       	rjmp	.+120    	; 0x3680 <pre_defined_led_colors+0xa6>
		case PE_RED:
		extender_leds_blocking(RGB_LEFT,0|(1<<F_RED)|(1<<R_RED));
    3608:	88 59       	subi	r24, 0x98	; 152
    360a:	9f 4f       	sbci	r25, 0xFF	; 255
    360c:	fc 01       	movw	r30, r24
		extender_leds_blocking(RGB_RIGHT,0|(1<<F_RED)|(1<<R_RED));
    360e:	3d c4       	rjmp	.+2170   	; 0x3e8a <__tablejump2__>
    3610:	69 e0       	ldi	r22, 0x09	; 9
    3612:	80 e0       	ldi	r24, 0x00	; 0
		break;
    3614:	d9 de       	rcall	.-590    	; 0x33c8 <extender_leds_blocking>
		case PE_GREEN:
		extender_leds_blocking(RGB_LEFT,0|(1<<F_GREEN)|(1<<R_GREEN));
    3616:	69 e0       	ldi	r22, 0x09	; 9
    3618:	81 e0       	ldi	r24, 0x01	; 1
    361a:	d6 de       	rcall	.-596    	; 0x33c8 <extender_leds_blocking>
		extender_leds_blocking(RGB_RIGHT,0|(1<<F_GREEN)|(1<<R_GREEN));
    361c:	31 c0       	rjmp	.+98     	; 0x3680 <pre_defined_led_colors+0xa6>
    361e:	66 e0       	ldi	r22, 0x06	; 6
    3620:	80 e0       	ldi	r24, 0x00	; 0
		break;
		case PE_BLUE:
		extender_leds_blocking(RGB_LEFT,0|(1<<F_BLUE)|(1<<R_BLUE));
    3622:	d2 de       	rcall	.-604    	; 0x33c8 <extender_leds_blocking>
    3624:	66 e0       	ldi	r22, 0x06	; 6
    3626:	81 e0       	ldi	r24, 0x01	; 1
		extender_leds_blocking(RGB_RIGHT,0|(1<<F_BLUE)|(1<<R_BLUE));
    3628:	cf de       	rcall	.-610    	; 0x33c8 <extender_leds_blocking>
    362a:	2a c0       	rjmp	.+84     	; 0x3680 <pre_defined_led_colors+0xa6>
    362c:	60 e3       	ldi	r22, 0x30	; 48
		break;
    362e:	80 e0       	ldi	r24, 0x00	; 0
		case PE_PURPLE:
		extender_leds_blocking(RGB_LEFT,0|(1<<F_BLUE)|(1<<R_BLUE)|(1<<R_RED)|(1<<F_RED));
    3630:	cb de       	rcall	.-618    	; 0x33c8 <extender_leds_blocking>
    3632:	60 e3       	ldi	r22, 0x30	; 48
    3634:	81 e0       	ldi	r24, 0x01	; 1
		extender_leds_blocking(RGB_RIGHT,0|(1<<F_BLUE)|(1<<R_BLUE)|(1<<R_RED)|(1<<F_RED));
    3636:	c8 de       	rcall	.-624    	; 0x33c8 <extender_leds_blocking>
    3638:	23 c0       	rjmp	.+70     	; 0x3680 <pre_defined_led_colors+0xa6>
    363a:	69 e3       	ldi	r22, 0x39	; 57
    363c:	80 e0       	ldi	r24, 0x00	; 0
		break;
    363e:	c4 de       	rcall	.-632    	; 0x33c8 <extender_leds_blocking>
		case PE_LIGHTBLUE:
		extender_leds_blocking(RGB_LEFT,0|(1<<F_GREEN)|(1<<R_GREEN)|(1<<R_BLUE)|(1<<F_BLUE));
    3640:	69 e3       	ldi	r22, 0x39	; 57
    3642:	81 e0       	ldi	r24, 0x01	; 1
    3644:	c1 de       	rcall	.-638    	; 0x33c8 <extender_leds_blocking>
    3646:	1c c0       	rjmp	.+56     	; 0x3680 <pre_defined_led_colors+0xa6>
		extender_leds_blocking(RGB_RIGHT,0|(1<<F_GREEN)|(1<<R_GREEN)|(1<<R_BLUE)|(1<<F_BLUE));
    3648:	66 e3       	ldi	r22, 0x36	; 54
    364a:	80 e0       	ldi	r24, 0x00	; 0
    364c:	bd de       	rcall	.-646    	; 0x33c8 <extender_leds_blocking>
    364e:	66 e3       	ldi	r22, 0x36	; 54
		break;
    3650:	81 e0       	ldi	r24, 0x01	; 1
		case PE_WHITE:
		extender_leds_blocking(RGB_LEFT,0xff);
    3652:	ba de       	rcall	.-652    	; 0x33c8 <extender_leds_blocking>
    3654:	15 c0       	rjmp	.+42     	; 0x3680 <pre_defined_led_colors+0xa6>
    3656:	6f ef       	ldi	r22, 0xFF	; 255
    3658:	80 e0       	ldi	r24, 0x00	; 0
		extender_leds_blocking(RGB_RIGHT,0xff);
    365a:	b6 de       	rcall	.-660    	; 0x33c8 <extender_leds_blocking>
    365c:	6f ef       	ldi	r22, 0xFF	; 255
    365e:	81 e0       	ldi	r24, 0x01	; 1
    3660:	b3 de       	rcall	.-666    	; 0x33c8 <extender_leds_blocking>
		break;
    3662:	0e c0       	rjmp	.+28     	; 0x3680 <pre_defined_led_colors+0xa6>
		case PE_OFF:
		extender_leds_blocking(RGB_LEFT,0);
    3664:	60 e0       	ldi	r22, 0x00	; 0
    3666:	80 e0       	ldi	r24, 0x00	; 0
    3668:	af de       	rcall	.-674    	; 0x33c8 <extender_leds_blocking>
    366a:	60 e0       	ldi	r22, 0x00	; 0
		extender_leds_blocking(RGB_RIGHT,0);
    366c:	81 e0       	ldi	r24, 0x01	; 1
    366e:	ac de       	rcall	.-680    	; 0x33c8 <extender_leds_blocking>
    3670:	07 c0       	rjmp	.+14     	; 0x3680 <pre_defined_led_colors+0xa6>
    3672:	6f e0       	ldi	r22, 0x0F	; 15
		break;
    3674:	80 e0       	ldi	r24, 0x00	; 0
		case PE_AMBER:
		extender_leds_blocking(RGB_LEFT,0|(1<<F_GREEN)|(1<<R_GREEN)|(1<<R_RED)|(1<<F_RED));
    3676:	a8 de       	rcall	.-688    	; 0x33c8 <extender_leds_blocking>
    3678:	6f e0       	ldi	r22, 0x0F	; 15
    367a:	81 e0       	ldi	r24, 0x01	; 1
    367c:	a5 de       	rcall	.-694    	; 0x33c8 <extender_leds_blocking>
		extender_leds_blocking(RGB_RIGHT,0|(1<<F_GREEN)|(1<<R_GREEN)|(1<<R_RED)|(1<<F_RED));
    367e:	00 00       	nop
    3680:	00 00       	nop
    3682:	0f 90       	pop	r0
    3684:	df 91       	pop	r29
		break;
    3686:	cf 91       	pop	r28
	}

}
    3688:	08 95       	ret

0000368a <clear_top_left_bar>:
    368a:	cf 93       	push	r28
    368c:	df 93       	push	r29
    368e:	cd b7       	in	r28, 0x3d	; 61
    3690:	de b7       	in	r29, 0x3e	; 62



//This Function turns off the left Top Bar
void clear_top_left_bar(void)
{
    3692:	82 e2       	ldi	r24, 0x22	; 34
    3694:	90 e0       	ldi	r25, 0x00	; 0
    3696:	22 e2       	ldi	r18, 0x22	; 34
    3698:	30 e0       	ldi	r19, 0x00	; 0
	PORTA &= ~(1<<PA4) & ~(1<<PA5) & ~(1<<PA6) & ~(1<<PA7);
    369a:	f9 01       	movw	r30, r18
    369c:	20 81       	ld	r18, Z
    369e:	2f 70       	andi	r18, 0x0F	; 15
    36a0:	fc 01       	movw	r30, r24
    36a2:	20 83       	st	Z, r18
    36a4:	84 e3       	ldi	r24, 0x34	; 52
    36a6:	90 e0       	ldi	r25, 0x00	; 0
    36a8:	24 e3       	ldi	r18, 0x34	; 52
    36aa:	30 e0       	ldi	r19, 0x00	; 0
	PORTG &= ~(1<<PG2);
    36ac:	f9 01       	movw	r30, r18
    36ae:	20 81       	ld	r18, Z
    36b0:	2b 7f       	andi	r18, 0xFB	; 251
    36b2:	fc 01       	movw	r30, r24
    36b4:	20 83       	st	Z, r18
    36b6:	00 00       	nop
    36b8:	df 91       	pop	r29
    36ba:	cf 91       	pop	r28
}
    36bc:	08 95       	ret

000036be <clear_top_right_bar>:
    36be:	cf 93       	push	r28
    36c0:	df 93       	push	r29
    36c2:	cd b7       	in	r28, 0x3d	; 61

//This Function turns off the right Top Bar
void clear_top_right_bar(void)
{
    36c4:	de b7       	in	r29, 0x3e	; 62
    36c6:	88 e2       	ldi	r24, 0x28	; 40
    36c8:	90 e0       	ldi	r25, 0x00	; 0
    36ca:	fc 01       	movw	r30, r24
	PORTC = 0;
    36cc:	10 82       	st	Z, r1
    36ce:	84 e3       	ldi	r24, 0x34	; 52
    36d0:	90 e0       	ldi	r25, 0x00	; 0
    36d2:	24 e3       	ldi	r18, 0x34	; 52
	PORTG &= ~(1<<PG0) & ~(1<<PG1);
    36d4:	30 e0       	ldi	r19, 0x00	; 0
    36d6:	f9 01       	movw	r30, r18
    36d8:	20 81       	ld	r18, Z
    36da:	2c 7f       	andi	r18, 0xFC	; 252
    36dc:	fc 01       	movw	r30, r24
    36de:	20 83       	st	Z, r18
    36e0:	00 00       	nop
    36e2:	df 91       	pop	r29
    36e4:	cf 91       	pop	r28
}
    36e6:	08 95       	ret

000036e8 <led_top_left_bar>:
    36e8:	cf 93       	push	r28
    36ea:	df 93       	push	r29
    36ec:	cd b7       	in	r28, 0x3d	; 61

//This Function calculates the amount of LEDs of the left Top Bar which needs to be turned on
void led_top_left_bar(uint16_t max_value_l, uint16_t min_value_l, uint16_t current_value_l)
{
    36ee:	de b7       	in	r29, 0x3e	; 62
    36f0:	29 97       	sbiw	r28, 0x09	; 9
    36f2:	0f b6       	in	r0, 0x3f	; 63
    36f4:	f8 94       	cli
    36f6:	de bf       	out	0x3e, r29	; 62
    36f8:	0f be       	out	0x3f, r0	; 63
    36fa:	cd bf       	out	0x3d, r28	; 61
    36fc:	9d 83       	std	Y+5, r25	; 0x05
    36fe:	8c 83       	std	Y+4, r24	; 0x04
    3700:	7f 83       	std	Y+7, r23	; 0x07
    3702:	6e 83       	std	Y+6, r22	; 0x06
    3704:	59 87       	std	Y+9, r21	; 0x09
    3706:	48 87       	std	Y+8, r20	; 0x08
	clear_top_left_bar();
    3708:	c0 df       	rcall	.-128    	; 0x368a <clear_top_left_bar>
    370a:	2c 81       	ldd	r18, Y+4	; 0x04
	uint16_t Top_Left_Bar_Divider = (max_value_l - min_value_l) / (LED_COUNT_TOP_LEFT - 1);
    370c:	3d 81       	ldd	r19, Y+5	; 0x05
    370e:	8e 81       	ldd	r24, Y+6	; 0x06
    3710:	9f 81       	ldd	r25, Y+7	; 0x07
    3712:	a9 01       	movw	r20, r18
    3714:	48 1b       	sub	r20, r24
    3716:	59 0b       	sbc	r21, r25
    3718:	ca 01       	movw	r24, r20
    371a:	96 95       	lsr	r25
    371c:	87 95       	ror	r24
    371e:	96 95       	lsr	r25
    3720:	87 95       	ror	r24
    3722:	9a 83       	std	Y+2, r25	; 0x02
    3724:	89 83       	std	Y+1, r24	; 0x01
    3726:	28 85       	ldd	r18, Y+8	; 0x08
	int8_t amount_l = (current_value_l - min_value_l + Top_Left_Bar_Divider) / Top_Left_Bar_Divider;
    3728:	39 85       	ldd	r19, Y+9	; 0x09
    372a:	8e 81       	ldd	r24, Y+6	; 0x06
    372c:	9f 81       	ldd	r25, Y+7	; 0x07
    372e:	28 1b       	sub	r18, r24
    3730:	39 0b       	sbc	r19, r25
    3732:	89 81       	ldd	r24, Y+1	; 0x01
    3734:	9a 81       	ldd	r25, Y+2	; 0x02
    3736:	82 0f       	add	r24, r18
    3738:	93 1f       	adc	r25, r19
    373a:	29 81       	ldd	r18, Y+1	; 0x01
    373c:	3a 81       	ldd	r19, Y+2	; 0x02
    373e:	b9 01       	movw	r22, r18
    3740:	61 d3       	rcall	.+1730   	; 0x3e04 <__udivmodhi4>
    3742:	cb 01       	movw	r24, r22
    3744:	8b 83       	std	Y+3, r24	; 0x03
    3746:	8b 81       	ldd	r24, Y+3	; 0x03
	if (amount_l > 0) {led_left_top_bar_select(amount_l);}
    3748:	18 16       	cp	r1, r24
    374a:	1c f4       	brge	.+6      	; 0x3752 <led_top_left_bar+0x6a>
    374c:	8b 81       	ldd	r24, Y+3	; 0x03
    374e:	54 d0       	rcall	.+168    	; 0x37f8 <led_left_top_bar_select>
    3750:	02 c0       	rjmp	.+4      	; 0x3756 <led_top_left_bar+0x6e>
	else {led_left_top_bar_select(0);}
}
    3752:	80 e0       	ldi	r24, 0x00	; 0
{
	clear_top_left_bar();
	uint16_t Top_Left_Bar_Divider = (max_value_l - min_value_l) / (LED_COUNT_TOP_LEFT - 1);
	int8_t amount_l = (current_value_l - min_value_l + Top_Left_Bar_Divider) / Top_Left_Bar_Divider;
	if (amount_l > 0) {led_left_top_bar_select(amount_l);}
	else {led_left_top_bar_select(0);}
    3754:	51 d0       	rcall	.+162    	; 0x37f8 <led_left_top_bar_select>
    3756:	00 00       	nop
    3758:	29 96       	adiw	r28, 0x09	; 9
}
    375a:	0f b6       	in	r0, 0x3f	; 63
    375c:	f8 94       	cli
    375e:	de bf       	out	0x3e, r29	; 62
    3760:	0f be       	out	0x3f, r0	; 63
    3762:	cd bf       	out	0x3d, r28	; 61
    3764:	df 91       	pop	r29
    3766:	cf 91       	pop	r28
    3768:	08 95       	ret

0000376a <led_top_right_bar>:
    376a:	cf 93       	push	r28
    376c:	df 93       	push	r29

//This Function calculates the amount of LEDs of the right Top Bar which needs to be turned on
void led_top_right_bar(uint16_t max_value_r, uint16_t min_value_r, uint16_t current_value_r)
{
    376e:	cd b7       	in	r28, 0x3d	; 61
    3770:	de b7       	in	r29, 0x3e	; 62
    3772:	29 97       	sbiw	r28, 0x09	; 9
    3774:	0f b6       	in	r0, 0x3f	; 63
    3776:	f8 94       	cli
    3778:	de bf       	out	0x3e, r29	; 62
    377a:	0f be       	out	0x3f, r0	; 63
    377c:	cd bf       	out	0x3d, r28	; 61
    377e:	9d 83       	std	Y+5, r25	; 0x05
    3780:	8c 83       	std	Y+4, r24	; 0x04
    3782:	7f 83       	std	Y+7, r23	; 0x07
    3784:	6e 83       	std	Y+6, r22	; 0x06
    3786:	59 87       	std	Y+9, r21	; 0x09
	clear_top_right_bar();
    3788:	48 87       	std	Y+8, r20	; 0x08
    378a:	99 df       	rcall	.-206    	; 0x36be <clear_top_right_bar>
	uint16_t Top_Right_Bar_Divider = (max_value_r - min_value_r) / (LED_COUNT_TOP_RIGHT - 1);
    378c:	2c 81       	ldd	r18, Y+4	; 0x04
    378e:	3d 81       	ldd	r19, Y+5	; 0x05
    3790:	8e 81       	ldd	r24, Y+6	; 0x06
    3792:	9f 81       	ldd	r25, Y+7	; 0x07
    3794:	a9 01       	movw	r20, r18
    3796:	48 1b       	sub	r20, r24
    3798:	59 0b       	sbc	r21, r25
    379a:	ca 01       	movw	r24, r20
    379c:	9c 01       	movw	r18, r24
    379e:	af e8       	ldi	r26, 0x8F	; 143
    37a0:	b3 ee       	ldi	r27, 0xE3	; 227
    37a2:	7c d3       	rcall	.+1784   	; 0x3e9c <__umulhisi3>
    37a4:	96 95       	lsr	r25
    37a6:	87 95       	ror	r24
    37a8:	96 95       	lsr	r25
    37aa:	87 95       	ror	r24
    37ac:	96 95       	lsr	r25
    37ae:	87 95       	ror	r24
    37b0:	9a 83       	std	Y+2, r25	; 0x02
    37b2:	89 83       	std	Y+1, r24	; 0x01
    37b4:	28 85       	ldd	r18, Y+8	; 0x08
	int8_t amount_r = (current_value_r - min_value_r + Top_Right_Bar_Divider) / Top_Right_Bar_Divider;
    37b6:	39 85       	ldd	r19, Y+9	; 0x09
    37b8:	8e 81       	ldd	r24, Y+6	; 0x06
    37ba:	9f 81       	ldd	r25, Y+7	; 0x07
    37bc:	28 1b       	sub	r18, r24
    37be:	39 0b       	sbc	r19, r25
    37c0:	89 81       	ldd	r24, Y+1	; 0x01
    37c2:	9a 81       	ldd	r25, Y+2	; 0x02
    37c4:	82 0f       	add	r24, r18
    37c6:	93 1f       	adc	r25, r19
    37c8:	29 81       	ldd	r18, Y+1	; 0x01
    37ca:	3a 81       	ldd	r19, Y+2	; 0x02
    37cc:	b9 01       	movw	r22, r18
    37ce:	1a d3       	rcall	.+1588   	; 0x3e04 <__udivmodhi4>
    37d0:	cb 01       	movw	r24, r22
    37d2:	8b 83       	std	Y+3, r24	; 0x03
    37d4:	8b 81       	ldd	r24, Y+3	; 0x03
    37d6:	18 16       	cp	r1, r24
	if (amount_r > 0) {led_right_top_bar_select(amount_r);}
    37d8:	1c f4       	brge	.+6      	; 0x37e0 <led_top_right_bar+0x76>
    37da:	8b 81       	ldd	r24, Y+3	; 0x03
    37dc:	49 d0       	rcall	.+146    	; 0x3870 <led_right_top_bar_select>
    37de:	02 c0       	rjmp	.+4      	; 0x37e4 <led_top_right_bar+0x7a>
    37e0:	80 e0       	ldi	r24, 0x00	; 0
    37e2:	46 d0       	rcall	.+140    	; 0x3870 <led_right_top_bar_select>
	else {led_right_top_bar_select(0);}
}
    37e4:	00 00       	nop
{
	clear_top_right_bar();
	uint16_t Top_Right_Bar_Divider = (max_value_r - min_value_r) / (LED_COUNT_TOP_RIGHT - 1);
	int8_t amount_r = (current_value_r - min_value_r + Top_Right_Bar_Divider) / Top_Right_Bar_Divider;
	if (amount_r > 0) {led_right_top_bar_select(amount_r);}
	else {led_right_top_bar_select(0);}
    37e6:	29 96       	adiw	r28, 0x09	; 9
    37e8:	0f b6       	in	r0, 0x3f	; 63
    37ea:	f8 94       	cli
}
    37ec:	de bf       	out	0x3e, r29	; 62
    37ee:	0f be       	out	0x3f, r0	; 63
    37f0:	cd bf       	out	0x3d, r28	; 61
    37f2:	df 91       	pop	r29
    37f4:	cf 91       	pop	r28
    37f6:	08 95       	ret

000037f8 <led_left_top_bar_select>:
    37f8:	cf 93       	push	r28
    37fa:	df 93       	push	r29
    37fc:	1f 92       	push	r1
    37fe:	cd b7       	in	r28, 0x3d	; 61

//This Function turns on the desired amount of LEDs of the left Top Bar
void led_left_top_bar_select(uint8_t select_l)
{
    3800:	de b7       	in	r29, 0x3e	; 62
    3802:	89 83       	std	Y+1, r24	; 0x01
    3804:	82 e2       	ldi	r24, 0x22	; 34
    3806:	90 e0       	ldi	r25, 0x00	; 0
    3808:	22 e2       	ldi	r18, 0x22	; 34
    380a:	30 e0       	ldi	r19, 0x00	; 0
	PORTA |= ~(0xFF << select_l) << PA4;
    380c:	f9 01       	movw	r30, r18
    380e:	20 81       	ld	r18, Z
    3810:	62 2f       	mov	r22, r18
    3812:	29 81       	ldd	r18, Y+1	; 0x01
    3814:	42 2f       	mov	r20, r18
    3816:	50 e0       	ldi	r21, 0x00	; 0
    3818:	2f ef       	ldi	r18, 0xFF	; 255
    381a:	30 e0       	ldi	r19, 0x00	; 0
    381c:	02 c0       	rjmp	.+4      	; 0x3822 <led_left_top_bar_select+0x2a>
    381e:	22 0f       	add	r18, r18
    3820:	33 1f       	adc	r19, r19
    3822:	4a 95       	dec	r20
    3824:	e2 f7       	brpl	.-8      	; 0x381e <led_left_top_bar_select+0x26>
    3826:	20 95       	com	r18
    3828:	30 95       	com	r19
    382a:	22 95       	swap	r18
    382c:	32 95       	swap	r19
    382e:	30 7f       	andi	r19, 0xF0	; 240
    3830:	32 27       	eor	r19, r18
    3832:	20 7f       	andi	r18, 0xF0	; 240
    3834:	32 27       	eor	r19, r18
    3836:	26 2b       	or	r18, r22
    3838:	fc 01       	movw	r30, r24
    383a:	20 83       	st	Z, r18
    383c:	84 e3       	ldi	r24, 0x34	; 52
    383e:	90 e0       	ldi	r25, 0x00	; 0
    3840:	24 e3       	ldi	r18, 0x34	; 52
    3842:	30 e0       	ldi	r19, 0x00	; 0
	PORTG |= (1<<PG2) & ((0x80) >> select_l);
    3844:	f9 01       	movw	r30, r18
    3846:	20 81       	ld	r18, Z
    3848:	62 2f       	mov	r22, r18
    384a:	29 81       	ldd	r18, Y+1	; 0x01
    384c:	42 2f       	mov	r20, r18
    384e:	50 e0       	ldi	r21, 0x00	; 0
    3850:	20 e8       	ldi	r18, 0x80	; 128
    3852:	30 e0       	ldi	r19, 0x00	; 0
    3854:	02 c0       	rjmp	.+4      	; 0x385a <led_left_top_bar_select+0x62>
    3856:	35 95       	asr	r19
    3858:	27 95       	ror	r18
    385a:	4a 95       	dec	r20
    385c:	e2 f7       	brpl	.-8      	; 0x3856 <led_left_top_bar_select+0x5e>
    385e:	24 70       	andi	r18, 0x04	; 4
    3860:	26 2b       	or	r18, r22
    3862:	fc 01       	movw	r30, r24
    3864:	20 83       	st	Z, r18
    3866:	00 00       	nop
    3868:	0f 90       	pop	r0
    386a:	df 91       	pop	r29
    386c:	cf 91       	pop	r28
}
    386e:	08 95       	ret

00003870 <led_right_top_bar_select>:
    3870:	cf 93       	push	r28
    3872:	df 93       	push	r29
    3874:	1f 92       	push	r1
    3876:	cd b7       	in	r28, 0x3d	; 61

//This Function turns on the desired amount of LEDs of the right Top Bar
void led_right_top_bar_select(uint8_t select_r)
{
    3878:	de b7       	in	r29, 0x3e	; 62
    387a:	89 83       	std	Y+1, r24	; 0x01
    387c:	88 e2       	ldi	r24, 0x28	; 40
    387e:	90 e0       	ldi	r25, 0x00	; 0
    3880:	28 e2       	ldi	r18, 0x28	; 40
    3882:	30 e0       	ldi	r19, 0x00	; 0
	PORTC |= ~(0xFF >> select_r);
    3884:	f9 01       	movw	r30, r18
    3886:	20 81       	ld	r18, Z
    3888:	62 2f       	mov	r22, r18
    388a:	29 81       	ldd	r18, Y+1	; 0x01
    388c:	42 2f       	mov	r20, r18
    388e:	50 e0       	ldi	r21, 0x00	; 0
    3890:	2f ef       	ldi	r18, 0xFF	; 255
    3892:	30 e0       	ldi	r19, 0x00	; 0
    3894:	02 c0       	rjmp	.+4      	; 0x389a <led_right_top_bar_select+0x2a>
    3896:	35 95       	asr	r19
    3898:	27 95       	ror	r18
    389a:	4a 95       	dec	r20
    389c:	e2 f7       	brpl	.-8      	; 0x3896 <led_right_top_bar_select+0x26>
    389e:	20 95       	com	r18
    38a0:	26 2b       	or	r18, r22
    38a2:	fc 01       	movw	r30, r24
    38a4:	20 83       	st	Z, r18
    38a6:	84 e3       	ldi	r24, 0x34	; 52
    38a8:	90 e0       	ldi	r25, 0x00	; 0
    38aa:	24 e3       	ldi	r18, 0x34	; 52
    38ac:	30 e0       	ldi	r19, 0x00	; 0
	PORTG |= (~(0xFF << (select_r/9)) << (select_r/9)) + (select_r/10);
    38ae:	f9 01       	movw	r30, r18
    38b0:	20 81       	ld	r18, Z
    38b2:	62 2f       	mov	r22, r18
    38b4:	39 81       	ldd	r19, Y+1	; 0x01
    38b6:	29 e3       	ldi	r18, 0x39	; 57
    38b8:	32 9f       	mul	r19, r18
    38ba:	21 2d       	mov	r18, r1
    38bc:	11 24       	eor	r1, r1
    38be:	26 95       	lsr	r18
    38c0:	42 2f       	mov	r20, r18
    38c2:	50 e0       	ldi	r21, 0x00	; 0
    38c4:	2f ef       	ldi	r18, 0xFF	; 255
    38c6:	30 e0       	ldi	r19, 0x00	; 0
    38c8:	02 c0       	rjmp	.+4      	; 0x38ce <led_right_top_bar_select+0x5e>
    38ca:	22 0f       	add	r18, r18
    38cc:	33 1f       	adc	r19, r19
    38ce:	4a 95       	dec	r20
    38d0:	e2 f7       	brpl	.-8      	; 0x38ca <led_right_top_bar_select+0x5a>
    38d2:	20 95       	com	r18
    38d4:	30 95       	com	r19
    38d6:	59 81       	ldd	r21, Y+1	; 0x01
    38d8:	49 e3       	ldi	r20, 0x39	; 57
    38da:	54 9f       	mul	r21, r20
    38dc:	41 2d       	mov	r20, r1
    38de:	11 24       	eor	r1, r1
    38e0:	46 95       	lsr	r20
    38e2:	44 2f       	mov	r20, r20
    38e4:	50 e0       	ldi	r21, 0x00	; 0
    38e6:	02 c0       	rjmp	.+4      	; 0x38ec <led_right_top_bar_select+0x7c>
    38e8:	22 0f       	add	r18, r18
    38ea:	33 1f       	adc	r19, r19
    38ec:	4a 95       	dec	r20
    38ee:	e2 f7       	brpl	.-8      	; 0x38e8 <led_right_top_bar_select+0x78>
    38f0:	42 2f       	mov	r20, r18
    38f2:	39 81       	ldd	r19, Y+1	; 0x01
    38f4:	2d ec       	ldi	r18, 0xCD	; 205
    38f6:	32 9f       	mul	r19, r18
    38f8:	21 2d       	mov	r18, r1
    38fa:	11 24       	eor	r1, r1
    38fc:	26 95       	lsr	r18
    38fe:	26 95       	lsr	r18
    3900:	26 95       	lsr	r18
    3902:	24 0f       	add	r18, r20
    3904:	26 2b       	or	r18, r22
    3906:	fc 01       	movw	r30, r24
    3908:	20 83       	st	Z, r18
    390a:	00 00       	nop
    390c:	0f 90       	pop	r0
    390e:	df 91       	pop	r29
}
    3910:	cf 91       	pop	r28
    3912:	08 95       	ret

00003914 <led_top_light>:
    3914:	cf 93       	push	r28
    3916:	df 93       	push	r29
    3918:	1f 92       	push	r1

void led_top_light( uint8_t LED)
{
    391a:	cd b7       	in	r28, 0x3d	; 61
    391c:	de b7       	in	r29, 0x3e	; 62
    391e:	89 83       	std	Y+1, r24	; 0x01
    3920:	89 81       	ldd	r24, Y+1	; 0x01
    3922:	88 2f       	mov	r24, r24
    3924:	90 e0       	ldi	r25, 0x00	; 0
	
		switch(LED){
    3926:	09 2e       	mov	r0, r25
    3928:	00 0c       	add	r0, r0
    392a:	aa 0b       	sbc	r26, r26
    392c:	bb 0b       	sbc	r27, r27
    392e:	40 e0       	ldi	r20, 0x00	; 0
    3930:	50 e0       	ldi	r21, 0x00	; 0
    3932:	2e e0       	ldi	r18, 0x0E	; 14
    3934:	30 e0       	ldi	r19, 0x00	; 0
    3936:	84 1b       	sub	r24, r20
    3938:	95 0b       	sbc	r25, r21
    393a:	28 17       	cp	r18, r24
    393c:	39 07       	cpc	r19, r25
    393e:	08 f4       	brcc	.+2      	; 0x3942 <led_top_light+0x2e>
    3940:	9a c0       	rjmp	.+308    	; 0x3a76 <led_top_light+0x162>
    3942:	80 59       	subi	r24, 0x90	; 144
    3944:	9f 4f       	sbci	r25, 0xFF	; 255
    3946:	fc 01       	movw	r30, r24
    3948:	a0 c2       	rjmp	.+1344   	; 0x3e8a <__tablejump2__>
    394a:	82 e2       	ldi	r24, 0x22	; 34
    394c:	90 e0       	ldi	r25, 0x00	; 0
    394e:	22 e2       	ldi	r18, 0x22	; 34
    3950:	30 e0       	ldi	r19, 0x00	; 0
			
			case 0: {PORTA |= (1<<PA4); break;}
    3952:	f9 01       	movw	r30, r18
    3954:	20 81       	ld	r18, Z
    3956:	20 61       	ori	r18, 0x10	; 16
    3958:	fc 01       	movw	r30, r24
    395a:	20 83       	st	Z, r18
    395c:	8c c0       	rjmp	.+280    	; 0x3a76 <led_top_light+0x162>
    395e:	82 e2       	ldi	r24, 0x22	; 34
    3960:	90 e0       	ldi	r25, 0x00	; 0
    3962:	22 e2       	ldi	r18, 0x22	; 34
    3964:	30 e0       	ldi	r19, 0x00	; 0
			case 1: {PORTA |= (1<<PA5); break;}	
    3966:	f9 01       	movw	r30, r18
    3968:	20 81       	ld	r18, Z
    396a:	20 62       	ori	r18, 0x20	; 32
    396c:	fc 01       	movw	r30, r24
    396e:	20 83       	st	Z, r18
    3970:	82 c0       	rjmp	.+260    	; 0x3a76 <led_top_light+0x162>
    3972:	82 e2       	ldi	r24, 0x22	; 34
    3974:	90 e0       	ldi	r25, 0x00	; 0
    3976:	22 e2       	ldi	r18, 0x22	; 34
    3978:	30 e0       	ldi	r19, 0x00	; 0
			case 2: {PORTA |= (1<<PA6); break;}
    397a:	f9 01       	movw	r30, r18
    397c:	20 81       	ld	r18, Z
    397e:	20 64       	ori	r18, 0x40	; 64
    3980:	fc 01       	movw	r30, r24
    3982:	20 83       	st	Z, r18
    3984:	78 c0       	rjmp	.+240    	; 0x3a76 <led_top_light+0x162>
    3986:	82 e2       	ldi	r24, 0x22	; 34
    3988:	90 e0       	ldi	r25, 0x00	; 0
    398a:	22 e2       	ldi	r18, 0x22	; 34
    398c:	30 e0       	ldi	r19, 0x00	; 0
			case 3: {PORTA |= (1<<PA7); break;}
    398e:	f9 01       	movw	r30, r18
    3990:	20 81       	ld	r18, Z
    3992:	20 68       	ori	r18, 0x80	; 128
    3994:	fc 01       	movw	r30, r24
    3996:	20 83       	st	Z, r18
    3998:	6e c0       	rjmp	.+220    	; 0x3a76 <led_top_light+0x162>
    399a:	84 e3       	ldi	r24, 0x34	; 52
    399c:	90 e0       	ldi	r25, 0x00	; 0
    399e:	24 e3       	ldi	r18, 0x34	; 52
    39a0:	30 e0       	ldi	r19, 0x00	; 0
			case 4: {PORTG |= (1<<PG2); break;}
    39a2:	f9 01       	movw	r30, r18
    39a4:	20 81       	ld	r18, Z
    39a6:	24 60       	ori	r18, 0x04	; 4
    39a8:	fc 01       	movw	r30, r24
    39aa:	20 83       	st	Z, r18
    39ac:	64 c0       	rjmp	.+200    	; 0x3a76 <led_top_light+0x162>
    39ae:	88 e2       	ldi	r24, 0x28	; 40
    39b0:	90 e0       	ldi	r25, 0x00	; 0
    39b2:	28 e2       	ldi	r18, 0x28	; 40
    39b4:	30 e0       	ldi	r19, 0x00	; 0
			case 5: {PORTC |= (1<<PC7); break;}
    39b6:	f9 01       	movw	r30, r18
    39b8:	20 81       	ld	r18, Z
    39ba:	20 68       	ori	r18, 0x80	; 128
    39bc:	fc 01       	movw	r30, r24
    39be:	20 83       	st	Z, r18
    39c0:	5a c0       	rjmp	.+180    	; 0x3a76 <led_top_light+0x162>
    39c2:	88 e2       	ldi	r24, 0x28	; 40
    39c4:	90 e0       	ldi	r25, 0x00	; 0
    39c6:	28 e2       	ldi	r18, 0x28	; 40
    39c8:	30 e0       	ldi	r19, 0x00	; 0
			case 6: {PORTC |= (1<<PC6); break;}
    39ca:	f9 01       	movw	r30, r18
    39cc:	20 81       	ld	r18, Z
    39ce:	20 64       	ori	r18, 0x40	; 64
    39d0:	fc 01       	movw	r30, r24
    39d2:	20 83       	st	Z, r18
    39d4:	50 c0       	rjmp	.+160    	; 0x3a76 <led_top_light+0x162>
    39d6:	88 e2       	ldi	r24, 0x28	; 40
    39d8:	90 e0       	ldi	r25, 0x00	; 0
    39da:	28 e2       	ldi	r18, 0x28	; 40
    39dc:	30 e0       	ldi	r19, 0x00	; 0
			case 7: {PORTC |= (1<<PC5); break;}
    39de:	f9 01       	movw	r30, r18
    39e0:	20 81       	ld	r18, Z
    39e2:	20 62       	ori	r18, 0x20	; 32
    39e4:	fc 01       	movw	r30, r24
    39e6:	20 83       	st	Z, r18
    39e8:	46 c0       	rjmp	.+140    	; 0x3a76 <led_top_light+0x162>
    39ea:	88 e2       	ldi	r24, 0x28	; 40
    39ec:	90 e0       	ldi	r25, 0x00	; 0
    39ee:	28 e2       	ldi	r18, 0x28	; 40
    39f0:	30 e0       	ldi	r19, 0x00	; 0
			case 8: {PORTC |= (1<<PC4); break;}
    39f2:	f9 01       	movw	r30, r18
    39f4:	20 81       	ld	r18, Z
    39f6:	20 61       	ori	r18, 0x10	; 16
    39f8:	fc 01       	movw	r30, r24
    39fa:	20 83       	st	Z, r18
    39fc:	3c c0       	rjmp	.+120    	; 0x3a76 <led_top_light+0x162>
    39fe:	88 e2       	ldi	r24, 0x28	; 40
    3a00:	90 e0       	ldi	r25, 0x00	; 0
    3a02:	28 e2       	ldi	r18, 0x28	; 40
    3a04:	30 e0       	ldi	r19, 0x00	; 0
			case 9: {PORTC |= (1<<PC3); break;}
    3a06:	f9 01       	movw	r30, r18
    3a08:	20 81       	ld	r18, Z
    3a0a:	28 60       	ori	r18, 0x08	; 8
    3a0c:	fc 01       	movw	r30, r24
    3a0e:	20 83       	st	Z, r18
    3a10:	32 c0       	rjmp	.+100    	; 0x3a76 <led_top_light+0x162>
    3a12:	88 e2       	ldi	r24, 0x28	; 40
    3a14:	90 e0       	ldi	r25, 0x00	; 0
    3a16:	28 e2       	ldi	r18, 0x28	; 40
    3a18:	30 e0       	ldi	r19, 0x00	; 0
			case 10: {PORTC |= (1<<PC2); break;}
    3a1a:	f9 01       	movw	r30, r18
    3a1c:	20 81       	ld	r18, Z
    3a1e:	24 60       	ori	r18, 0x04	; 4
    3a20:	fc 01       	movw	r30, r24
    3a22:	20 83       	st	Z, r18
    3a24:	28 c0       	rjmp	.+80     	; 0x3a76 <led_top_light+0x162>
    3a26:	88 e2       	ldi	r24, 0x28	; 40
    3a28:	90 e0       	ldi	r25, 0x00	; 0
    3a2a:	28 e2       	ldi	r18, 0x28	; 40
    3a2c:	30 e0       	ldi	r19, 0x00	; 0
			case 11: {PORTC |= (1<<PC1); break;}
    3a2e:	f9 01       	movw	r30, r18
    3a30:	20 81       	ld	r18, Z
    3a32:	22 60       	ori	r18, 0x02	; 2
    3a34:	fc 01       	movw	r30, r24
    3a36:	20 83       	st	Z, r18
    3a38:	1e c0       	rjmp	.+60     	; 0x3a76 <led_top_light+0x162>
    3a3a:	88 e2       	ldi	r24, 0x28	; 40
    3a3c:	90 e0       	ldi	r25, 0x00	; 0
    3a3e:	28 e2       	ldi	r18, 0x28	; 40
    3a40:	30 e0       	ldi	r19, 0x00	; 0
			case 12: {PORTC |= (1<<PC0); break;}
    3a42:	f9 01       	movw	r30, r18
    3a44:	20 81       	ld	r18, Z
    3a46:	21 60       	ori	r18, 0x01	; 1
    3a48:	fc 01       	movw	r30, r24
    3a4a:	20 83       	st	Z, r18
    3a4c:	14 c0       	rjmp	.+40     	; 0x3a76 <led_top_light+0x162>
    3a4e:	84 e3       	ldi	r24, 0x34	; 52
    3a50:	90 e0       	ldi	r25, 0x00	; 0
    3a52:	24 e3       	ldi	r18, 0x34	; 52
			case 13: {PORTG |= (1<<PG1); break;}
    3a54:	30 e0       	ldi	r19, 0x00	; 0
    3a56:	f9 01       	movw	r30, r18
    3a58:	20 81       	ld	r18, Z
    3a5a:	22 60       	ori	r18, 0x02	; 2
    3a5c:	fc 01       	movw	r30, r24
    3a5e:	20 83       	st	Z, r18
    3a60:	0a c0       	rjmp	.+20     	; 0x3a76 <led_top_light+0x162>
    3a62:	84 e3       	ldi	r24, 0x34	; 52
    3a64:	90 e0       	ldi	r25, 0x00	; 0
    3a66:	24 e3       	ldi	r18, 0x34	; 52
			case 14: {PORTG |= (1<<PG0); break;}
    3a68:	30 e0       	ldi	r19, 0x00	; 0
    3a6a:	f9 01       	movw	r30, r18
    3a6c:	20 81       	ld	r18, Z
    3a6e:	21 60       	ori	r18, 0x01	; 1
    3a70:	fc 01       	movw	r30, r24
    3a72:	20 83       	st	Z, r18
    3a74:	00 00       	nop
    3a76:	00 00       	nop
    3a78:	0f 90       	pop	r0
    3a7a:	df 91       	pop	r29
		}

	
}
    3a7c:	cf 91       	pop	r28
    3a7e:	08 95       	ret

00003a80 <led_top_clear>:
    3a80:	cf 93       	push	r28
    3a82:	df 93       	push	r29
    3a84:	1f 92       	push	r1

void led_top_clear( uint8_t LED)
{
    3a86:	cd b7       	in	r28, 0x3d	; 61
    3a88:	de b7       	in	r29, 0x3e	; 62
    3a8a:	89 83       	std	Y+1, r24	; 0x01
    3a8c:	89 81       	ldd	r24, Y+1	; 0x01
    3a8e:	88 2f       	mov	r24, r24
    3a90:	90 e0       	ldi	r25, 0x00	; 0
	
	switch(LED){
    3a92:	09 2e       	mov	r0, r25
    3a94:	00 0c       	add	r0, r0
    3a96:	aa 0b       	sbc	r26, r26
    3a98:	bb 0b       	sbc	r27, r27
    3a9a:	40 e0       	ldi	r20, 0x00	; 0
    3a9c:	50 e0       	ldi	r21, 0x00	; 0
    3a9e:	2e e0       	ldi	r18, 0x0E	; 14
    3aa0:	30 e0       	ldi	r19, 0x00	; 0
    3aa2:	84 1b       	sub	r24, r20
    3aa4:	95 0b       	sbc	r25, r21
    3aa6:	28 17       	cp	r18, r24
    3aa8:	39 07       	cpc	r19, r25
    3aaa:	08 f4       	brcc	.+2      	; 0x3aae <led_top_clear+0x2e>
    3aac:	9a c0       	rjmp	.+308    	; 0x3be2 <led_top_clear+0x162>
    3aae:	81 58       	subi	r24, 0x81	; 129
    3ab0:	9f 4f       	sbci	r25, 0xFF	; 255
    3ab2:	fc 01       	movw	r30, r24
    3ab4:	ea c1       	rjmp	.+980    	; 0x3e8a <__tablejump2__>
    3ab6:	82 e2       	ldi	r24, 0x22	; 34
    3ab8:	90 e0       	ldi	r25, 0x00	; 0
    3aba:	22 e2       	ldi	r18, 0x22	; 34
    3abc:	30 e0       	ldi	r19, 0x00	; 0
		
		case 0: {PORTA &= (1<<PA4); break;}
    3abe:	f9 01       	movw	r30, r18
    3ac0:	20 81       	ld	r18, Z
    3ac2:	20 71       	andi	r18, 0x10	; 16
    3ac4:	fc 01       	movw	r30, r24
    3ac6:	20 83       	st	Z, r18
    3ac8:	8c c0       	rjmp	.+280    	; 0x3be2 <led_top_clear+0x162>
    3aca:	82 e2       	ldi	r24, 0x22	; 34
    3acc:	90 e0       	ldi	r25, 0x00	; 0
    3ace:	22 e2       	ldi	r18, 0x22	; 34
    3ad0:	30 e0       	ldi	r19, 0x00	; 0
		case 1: {PORTA &= (1<<PA5); break;}
    3ad2:	f9 01       	movw	r30, r18
    3ad4:	20 81       	ld	r18, Z
    3ad6:	20 72       	andi	r18, 0x20	; 32
    3ad8:	fc 01       	movw	r30, r24
    3ada:	20 83       	st	Z, r18
    3adc:	82 c0       	rjmp	.+260    	; 0x3be2 <led_top_clear+0x162>
    3ade:	82 e2       	ldi	r24, 0x22	; 34
    3ae0:	90 e0       	ldi	r25, 0x00	; 0
    3ae2:	22 e2       	ldi	r18, 0x22	; 34
    3ae4:	30 e0       	ldi	r19, 0x00	; 0
		case 2: {PORTA &= (1<<PA6); break;}
    3ae6:	f9 01       	movw	r30, r18
    3ae8:	20 81       	ld	r18, Z
    3aea:	20 74       	andi	r18, 0x40	; 64
    3aec:	fc 01       	movw	r30, r24
    3aee:	20 83       	st	Z, r18
    3af0:	78 c0       	rjmp	.+240    	; 0x3be2 <led_top_clear+0x162>
    3af2:	82 e2       	ldi	r24, 0x22	; 34
    3af4:	90 e0       	ldi	r25, 0x00	; 0
    3af6:	22 e2       	ldi	r18, 0x22	; 34
    3af8:	30 e0       	ldi	r19, 0x00	; 0
		case 3: {PORTA &= (1<<PA7); break;}
    3afa:	f9 01       	movw	r30, r18
    3afc:	20 81       	ld	r18, Z
    3afe:	20 78       	andi	r18, 0x80	; 128
    3b00:	fc 01       	movw	r30, r24
    3b02:	20 83       	st	Z, r18
    3b04:	6e c0       	rjmp	.+220    	; 0x3be2 <led_top_clear+0x162>
    3b06:	84 e3       	ldi	r24, 0x34	; 52
    3b08:	90 e0       	ldi	r25, 0x00	; 0
    3b0a:	24 e3       	ldi	r18, 0x34	; 52
    3b0c:	30 e0       	ldi	r19, 0x00	; 0
		case 4: {PORTG &= (1<<PG2); break;}
    3b0e:	f9 01       	movw	r30, r18
    3b10:	20 81       	ld	r18, Z
    3b12:	24 70       	andi	r18, 0x04	; 4
    3b14:	fc 01       	movw	r30, r24
    3b16:	20 83       	st	Z, r18
    3b18:	64 c0       	rjmp	.+200    	; 0x3be2 <led_top_clear+0x162>
    3b1a:	88 e2       	ldi	r24, 0x28	; 40
    3b1c:	90 e0       	ldi	r25, 0x00	; 0
    3b1e:	28 e2       	ldi	r18, 0x28	; 40
    3b20:	30 e0       	ldi	r19, 0x00	; 0
		case 5: {PORTC &= (1<<PC7); break;}
    3b22:	f9 01       	movw	r30, r18
    3b24:	20 81       	ld	r18, Z
    3b26:	20 78       	andi	r18, 0x80	; 128
    3b28:	fc 01       	movw	r30, r24
    3b2a:	20 83       	st	Z, r18
    3b2c:	5a c0       	rjmp	.+180    	; 0x3be2 <led_top_clear+0x162>
    3b2e:	88 e2       	ldi	r24, 0x28	; 40
    3b30:	90 e0       	ldi	r25, 0x00	; 0
    3b32:	28 e2       	ldi	r18, 0x28	; 40
    3b34:	30 e0       	ldi	r19, 0x00	; 0
		case 6: {PORTC &= (1<<PC6); break;}
    3b36:	f9 01       	movw	r30, r18
    3b38:	20 81       	ld	r18, Z
    3b3a:	20 74       	andi	r18, 0x40	; 64
    3b3c:	fc 01       	movw	r30, r24
    3b3e:	20 83       	st	Z, r18
    3b40:	50 c0       	rjmp	.+160    	; 0x3be2 <led_top_clear+0x162>
    3b42:	88 e2       	ldi	r24, 0x28	; 40
    3b44:	90 e0       	ldi	r25, 0x00	; 0
    3b46:	28 e2       	ldi	r18, 0x28	; 40
    3b48:	30 e0       	ldi	r19, 0x00	; 0
		case 7: {PORTC &= (1<<PC5); break;}
    3b4a:	f9 01       	movw	r30, r18
    3b4c:	20 81       	ld	r18, Z
    3b4e:	20 72       	andi	r18, 0x20	; 32
    3b50:	fc 01       	movw	r30, r24
    3b52:	20 83       	st	Z, r18
    3b54:	46 c0       	rjmp	.+140    	; 0x3be2 <led_top_clear+0x162>
    3b56:	88 e2       	ldi	r24, 0x28	; 40
    3b58:	90 e0       	ldi	r25, 0x00	; 0
    3b5a:	28 e2       	ldi	r18, 0x28	; 40
    3b5c:	30 e0       	ldi	r19, 0x00	; 0
		case 8: {PORTC &= (1<<PC4); break;}
    3b5e:	f9 01       	movw	r30, r18
    3b60:	20 81       	ld	r18, Z
    3b62:	20 71       	andi	r18, 0x10	; 16
    3b64:	fc 01       	movw	r30, r24
    3b66:	20 83       	st	Z, r18
    3b68:	3c c0       	rjmp	.+120    	; 0x3be2 <led_top_clear+0x162>
    3b6a:	88 e2       	ldi	r24, 0x28	; 40
    3b6c:	90 e0       	ldi	r25, 0x00	; 0
    3b6e:	28 e2       	ldi	r18, 0x28	; 40
    3b70:	30 e0       	ldi	r19, 0x00	; 0
		case 9: {PORTC &= (1<<PC3); break;}
    3b72:	f9 01       	movw	r30, r18
    3b74:	20 81       	ld	r18, Z
    3b76:	28 70       	andi	r18, 0x08	; 8
    3b78:	fc 01       	movw	r30, r24
    3b7a:	20 83       	st	Z, r18
    3b7c:	32 c0       	rjmp	.+100    	; 0x3be2 <led_top_clear+0x162>
    3b7e:	88 e2       	ldi	r24, 0x28	; 40
    3b80:	90 e0       	ldi	r25, 0x00	; 0
    3b82:	28 e2       	ldi	r18, 0x28	; 40
    3b84:	30 e0       	ldi	r19, 0x00	; 0
		case 10: {PORTC &= (1<<PC2); break;}
    3b86:	f9 01       	movw	r30, r18
    3b88:	20 81       	ld	r18, Z
    3b8a:	24 70       	andi	r18, 0x04	; 4
    3b8c:	fc 01       	movw	r30, r24
    3b8e:	20 83       	st	Z, r18
    3b90:	28 c0       	rjmp	.+80     	; 0x3be2 <led_top_clear+0x162>
    3b92:	88 e2       	ldi	r24, 0x28	; 40
    3b94:	90 e0       	ldi	r25, 0x00	; 0
    3b96:	28 e2       	ldi	r18, 0x28	; 40
    3b98:	30 e0       	ldi	r19, 0x00	; 0
		case 11: {PORTC &= (1<<PC1); break;}
    3b9a:	f9 01       	movw	r30, r18
    3b9c:	20 81       	ld	r18, Z
    3b9e:	22 70       	andi	r18, 0x02	; 2
    3ba0:	fc 01       	movw	r30, r24
    3ba2:	20 83       	st	Z, r18
    3ba4:	1e c0       	rjmp	.+60     	; 0x3be2 <led_top_clear+0x162>
    3ba6:	88 e2       	ldi	r24, 0x28	; 40
    3ba8:	90 e0       	ldi	r25, 0x00	; 0
    3baa:	28 e2       	ldi	r18, 0x28	; 40
    3bac:	30 e0       	ldi	r19, 0x00	; 0
		case 12: {PORTC &= (1<<PC0); break;}
    3bae:	f9 01       	movw	r30, r18
    3bb0:	20 81       	ld	r18, Z
    3bb2:	21 70       	andi	r18, 0x01	; 1
    3bb4:	fc 01       	movw	r30, r24
    3bb6:	20 83       	st	Z, r18
    3bb8:	14 c0       	rjmp	.+40     	; 0x3be2 <led_top_clear+0x162>
    3bba:	84 e3       	ldi	r24, 0x34	; 52
    3bbc:	90 e0       	ldi	r25, 0x00	; 0
    3bbe:	24 e3       	ldi	r18, 0x34	; 52
    3bc0:	30 e0       	ldi	r19, 0x00	; 0
		case 13: {PORTG &= (1<<PG1); break;}
    3bc2:	f9 01       	movw	r30, r18
    3bc4:	20 81       	ld	r18, Z
    3bc6:	22 70       	andi	r18, 0x02	; 2
    3bc8:	fc 01       	movw	r30, r24
    3bca:	20 83       	st	Z, r18
    3bcc:	0a c0       	rjmp	.+20     	; 0x3be2 <led_top_clear+0x162>
    3bce:	84 e3       	ldi	r24, 0x34	; 52
    3bd0:	90 e0       	ldi	r25, 0x00	; 0
    3bd2:	24 e3       	ldi	r18, 0x34	; 52
    3bd4:	30 e0       	ldi	r19, 0x00	; 0
		case 14: {PORTG &= (1<<PG0); break;}
    3bd6:	f9 01       	movw	r30, r18
    3bd8:	20 81       	ld	r18, Z
    3bda:	21 70       	andi	r18, 0x01	; 1
    3bdc:	fc 01       	movw	r30, r24
    3bde:	20 83       	st	Z, r18
    3be0:	00 00       	nop
    3be2:	00 00       	nop
    3be4:	0f 90       	pop	r0
    3be6:	df 91       	pop	r29
		
	}

	
}
    3be8:	cf 91       	pop	r28
    3bea:	08 95       	ret

00003bec <bms_error>:
    3bec:	cf 93       	push	r28
    3bee:	df 93       	push	r29

void bms_error(uint8_t error)
{
    3bf0:	1f 92       	push	r1
    3bf2:	cd b7       	in	r28, 0x3d	; 61
    3bf4:	de b7       	in	r29, 0x3e	; 62
    3bf6:	89 83       	std	Y+1, r24	; 0x01
    3bf8:	89 81       	ldd	r24, Y+1	; 0x01
	switch (error)
    3bfa:	88 2f       	mov	r24, r24
    3bfc:	90 e0       	ldi	r25, 0x00	; 0
    3bfe:	00 97       	sbiw	r24, 0x00	; 0
    3c00:	19 f0       	breq	.+6      	; 0x3c08 <bms_error+0x1c>
    3c02:	01 97       	sbiw	r24, 0x01	; 1
    3c04:	59 f0       	breq	.+22     	; 0x3c1c <bms_error+0x30>
	{
		case 0: {PORTD &= (0b01100000); break;}	//Every 1 in this number represents an Pin which is connected to the bottom LED bar, 0 = on
		case 1: {PORTD |= (0b10011111); break;}	//Every 1 in this number represents an Pin which is connected to the bottom LED bar, 1 = on
	}
}
    3c06:	14 c0       	rjmp	.+40     	; 0x3c30 <bms_error+0x44>

void bms_error(uint8_t error)
{
	switch (error)
	{
		case 0: {PORTD &= (0b01100000); break;}	//Every 1 in this number represents an Pin which is connected to the bottom LED bar, 0 = on
    3c08:	8b e2       	ldi	r24, 0x2B	; 43
    3c0a:	90 e0       	ldi	r25, 0x00	; 0
    3c0c:	2b e2       	ldi	r18, 0x2B	; 43
    3c0e:	30 e0       	ldi	r19, 0x00	; 0
    3c10:	f9 01       	movw	r30, r18
    3c12:	20 81       	ld	r18, Z
    3c14:	20 76       	andi	r18, 0x60	; 96
    3c16:	fc 01       	movw	r30, r24
		case 1: {PORTD |= (0b10011111); break;}	//Every 1 in this number represents an Pin which is connected to the bottom LED bar, 1 = on
    3c18:	20 83       	st	Z, r18
    3c1a:	0a c0       	rjmp	.+20     	; 0x3c30 <bms_error+0x44>
    3c1c:	8b e2       	ldi	r24, 0x2B	; 43
    3c1e:	90 e0       	ldi	r25, 0x00	; 0
    3c20:	2b e2       	ldi	r18, 0x2B	; 43
    3c22:	30 e0       	ldi	r19, 0x00	; 0
    3c24:	f9 01       	movw	r30, r18
    3c26:	20 81       	ld	r18, Z
    3c28:	2f 69       	ori	r18, 0x9F	; 159
    3c2a:	fc 01       	movw	r30, r24
	}
}
    3c2c:	20 83       	st	Z, r18
    3c2e:	00 00       	nop
    3c30:	00 00       	nop
    3c32:	0f 90       	pop	r0
    3c34:	df 91       	pop	r29

void led_startup_animation(uint8_t frame)
{
    3c36:	cf 91       	pop	r28
    3c38:	08 95       	ret

00003c3a <led_startup_animation>:
    3c3a:	cf 93       	push	r28
    3c3c:	df 93       	push	r29
    3c3e:	1f 92       	push	r1
    3c40:	cd b7       	in	r28, 0x3d	; 61
	
			led_top_light(7+frame);
    3c42:	de b7       	in	r29, 0x3e	; 62
    3c44:	89 83       	std	Y+1, r24	; 0x01
    3c46:	89 81       	ldd	r24, Y+1	; 0x01
    3c48:	89 5f       	subi	r24, 0xF9	; 249
			led_top_light(7-frame);
    3c4a:	64 de       	rcall	.-824    	; 0x3914 <led_top_light>
    3c4c:	97 e0       	ldi	r25, 0x07	; 7
    3c4e:	89 81       	ldd	r24, Y+1	; 0x01
    3c50:	29 2f       	mov	r18, r25
    3c52:	28 1b       	sub	r18, r24
    3c54:	82 2f       	mov	r24, r18
    3c56:	5e de       	rcall	.-836    	; 0x3914 <led_top_light>
			
				

			if(frame >= 8)
    3c58:	89 81       	ldd	r24, Y+1	; 0x01
    3c5a:	88 30       	cpi	r24, 0x08	; 8
    3c5c:	10 f0       	brcs	.+4      	; 0x3c62 <led_startup_animation+0x28>
			{
				pre_defined_led_colors(PE_GREEN);
    3c5e:	82 e0       	ldi	r24, 0x02	; 2
    3c60:	bc dc       	rcall	.-1672   	; 0x35da <pre_defined_led_colors>
    3c62:	89 81       	ldd	r24, Y+1	; 0x01
			}
			
			if(frame >= 9)
    3c64:	89 30       	cpi	r24, 0x09	; 9
    3c66:	10 f0       	brcs	.+4      	; 0x3c6c <led_startup_animation+0x32>
    3c68:	81 e0       	ldi	r24, 0x01	; 1
			{
				bms_error(1);
    3c6a:	c0 df       	rcall	.-128    	; 0x3bec <bms_error>
    3c6c:	89 81       	ldd	r24, Y+1	; 0x01
    3c6e:	8e 30       	cpi	r24, 0x0E	; 14
			} 
			
			if(frame >= 14)
    3c70:	20 f0       	brcs	.+8      	; 0x3c7a <led_startup_animation+0x40>
    3c72:	87 e0       	ldi	r24, 0x07	; 7
    3c74:	b2 dc       	rcall	.-1692   	; 0x35da <pre_defined_led_colors>
			{
				pre_defined_led_colors(PE_OFF);
    3c76:	80 e0       	ldi	r24, 0x00	; 0
    3c78:	b9 df       	rcall	.-142    	; 0x3bec <bms_error>
    3c7a:	00 00       	nop
				bms_error(0);
    3c7c:	0f 90       	pop	r0
    3c7e:	df 91       	pop	r29
    3c80:	cf 91       	pop	r28
					led_top_clear(7 + (frame - 2));
					led_top_clear(7 - (frame + 2));
				}
				*/
		
    3c82:	08 95       	ret

00003c84 <port_config>:
#include <avr/interrupt.h>
#include <stdio.h>
#include "port_definitions.h"


void port_config(){
    3c84:	cf 93       	push	r28
    3c86:	df 93       	push	r29
    3c88:	cd b7       	in	r28, 0x3d	; 61
    3c8a:	de b7       	in	r29, 0x3e	; 62
	//DDRB = 0 | (1<<PB6) | (1<<PB5)| (1<<PB4) | (1<<PB3);
	
	//PA2 --> IMD_LED
	//PA3 --> Chip_Select_RGB_Left
	//(PA4 - PA7) --> Top Bar
	DDRA |= (1<<PA2) | (1<<PA3) | (1<<PA4) | (1<<PA5) | (1<<PA6) | (1<<PA7);
    3c8c:	81 e2       	ldi	r24, 0x21	; 33
    3c8e:	90 e0       	ldi	r25, 0x00	; 0
    3c90:	21 e2       	ldi	r18, 0x21	; 33
    3c92:	30 e0       	ldi	r19, 0x00	; 0
    3c94:	f9 01       	movw	r30, r18
    3c96:	20 81       	ld	r18, Z
    3c98:	2c 6f       	ori	r18, 0xFC	; 252
    3c9a:	fc 01       	movw	r30, r24
    3c9c:	20 83       	st	Z, r18
	
	//Button Inputs
	DDRA &= ~(1<<PA0) & ~(1<<PA1);
    3c9e:	81 e2       	ldi	r24, 0x21	; 33
    3ca0:	90 e0       	ldi	r25, 0x00	; 0
    3ca2:	21 e2       	ldi	r18, 0x21	; 33
    3ca4:	30 e0       	ldi	r19, 0x00	; 0
    3ca6:	f9 01       	movw	r30, r18
    3ca8:	20 81       	ld	r18, Z
    3caa:	2c 7f       	andi	r18, 0xFC	; 252
    3cac:	fc 01       	movw	r30, r24
    3cae:	20 83       	st	Z, r18
	//PB2 --> MOSI
	//PB4 --> Display_Enable
	//PB5 --> Display_R/W
	//PB6 --> Display_RS
	//PB7 --> Chip_Select_RGB_Right
	DDRB |= (1<<PB1) | (1<<PB2) | (1<<PB4) | (1<<PB5) | (1<<PB6) | (1<<PB7);
    3cb0:	84 e2       	ldi	r24, 0x24	; 36
    3cb2:	90 e0       	ldi	r25, 0x00	; 0
    3cb4:	24 e2       	ldi	r18, 0x24	; 36
    3cb6:	30 e0       	ldi	r19, 0x00	; 0
    3cb8:	f9 01       	movw	r30, r18
    3cba:	20 81       	ld	r18, Z
    3cbc:	26 6f       	ori	r18, 0xF6	; 246
    3cbe:	fc 01       	movw	r30, r24
    3cc0:	20 83       	st	Z, r18
	
	//PB3 --> MISO
	DDRB &= ~(1<<PB3);
    3cc2:	84 e2       	ldi	r24, 0x24	; 36
    3cc4:	90 e0       	ldi	r25, 0x00	; 0
    3cc6:	24 e2       	ldi	r18, 0x24	; 36
    3cc8:	30 e0       	ldi	r19, 0x00	; 0
    3cca:	f9 01       	movw	r30, r18
    3ccc:	20 81       	ld	r18, Z
    3cce:	27 7f       	andi	r18, 0xF7	; 247
    3cd0:	fc 01       	movw	r30, r24
    3cd2:	20 83       	st	Z, r18
	
	//Top Bar
	DDRC = 0xFF;
    3cd4:	87 e2       	ldi	r24, 0x27	; 39
    3cd6:	90 e0       	ldi	r25, 0x00	; 0
    3cd8:	2f ef       	ldi	r18, 0xFF	; 255
    3cda:	fc 01       	movw	r30, r24
    3cdc:	20 83       	st	Z, r18
	
	//Bottom Bar
	DDRD |= (1<<PD0) | (1<<PD1) | (1<<PD2) | (1<<PD3) | (1<<PD4) | (1<<PD7);
    3cde:	8a e2       	ldi	r24, 0x2A	; 42
    3ce0:	90 e0       	ldi	r25, 0x00	; 0
    3ce2:	2a e2       	ldi	r18, 0x2A	; 42
    3ce4:	30 e0       	ldi	r19, 0x00	; 0
    3ce6:	f9 01       	movw	r30, r18
    3ce8:	20 81       	ld	r18, Z
    3cea:	2f 69       	ori	r18, 0x9F	; 159
    3cec:	fc 01       	movw	r30, r24
    3cee:	20 83       	st	Z, r18
	
	//Display-Bus Bar
	DDRE = 0xFF;
    3cf0:	8d e2       	ldi	r24, 0x2D	; 45
    3cf2:	90 e0       	ldi	r25, 0x00	; 0
    3cf4:	2f ef       	ldi	r18, 0xFF	; 255
    3cf6:	fc 01       	movw	r30, r24
    3cf8:	20 83       	st	Z, r18
	
	//SDCI Inputs:
	//PF1 --> SDB_DB
	//PF2 --> Inertia
	//PF3 --> BOTS
	DDRF &= ~(1<<PF1) & ~(1<<PF2) & ~(1<<PF3);
    3cfa:	80 e3       	ldi	r24, 0x30	; 48
    3cfc:	90 e0       	ldi	r25, 0x00	; 0
    3cfe:	20 e3       	ldi	r18, 0x30	; 48
    3d00:	30 e0       	ldi	r19, 0x00	; 0
    3d02:	f9 01       	movw	r30, r18
    3d04:	20 81       	ld	r18, Z
    3d06:	21 7f       	andi	r18, 0xF1	; 241
    3d08:	fc 01       	movw	r30, r24
    3d0a:	20 83       	st	Z, r18
	
	//(PG0 - PG2) --> Top Bar
	//PG3 --> Heart
	//PG4 --> Fault
	DDRG |= (1<<PG0) | (1<<PG1) | (1<<PG2) | (1<<PG3) | (1<<PG4);
    3d0c:	83 e3       	ldi	r24, 0x33	; 51
    3d0e:	90 e0       	ldi	r25, 0x00	; 0
    3d10:	23 e3       	ldi	r18, 0x33	; 51
    3d12:	30 e0       	ldi	r19, 0x00	; 0
    3d14:	f9 01       	movw	r30, r18
    3d16:	20 81       	ld	r18, Z
    3d18:	2f 61       	ori	r18, 0x1F	; 31
    3d1a:	fc 01       	movw	r30, r24
    3d1c:	20 83       	st	Z, r18
	
	//Resetting all PORTS
	PORTA = 0;
    3d1e:	82 e2       	ldi	r24, 0x22	; 34
    3d20:	90 e0       	ldi	r25, 0x00	; 0
    3d22:	fc 01       	movw	r30, r24
    3d24:	10 82       	st	Z, r1
	//Resetting Display-Control-Ports
	PORTB = 0;
    3d26:	85 e2       	ldi	r24, 0x25	; 37
    3d28:	90 e0       	ldi	r25, 0x00	; 0
    3d2a:	fc 01       	movw	r30, r24
    3d2c:	10 82       	st	Z, r1
	PORTC = 0;
    3d2e:	88 e2       	ldi	r24, 0x28	; 40
    3d30:	90 e0       	ldi	r25, 0x00	; 0
    3d32:	fc 01       	movw	r30, r24
    3d34:	10 82       	st	Z, r1
	PORTD = 0;
    3d36:	8b e2       	ldi	r24, 0x2B	; 43
    3d38:	90 e0       	ldi	r25, 0x00	; 0
    3d3a:	fc 01       	movw	r30, r24
    3d3c:	10 82       	st	Z, r1
	//Resetting Display-Bus Bar
	PORTE = 0;
    3d3e:	8e e2       	ldi	r24, 0x2E	; 46
    3d40:	90 e0       	ldi	r25, 0x00	; 0
    3d42:	fc 01       	movw	r30, r24
    3d44:	10 82       	st	Z, r1
	PORTF = 0;
    3d46:	81 e3       	ldi	r24, 0x31	; 49
    3d48:	90 e0       	ldi	r25, 0x00	; 0
    3d4a:	fc 01       	movw	r30, r24
    3d4c:	10 82       	st	Z, r1
	PORTG = 0;
    3d4e:	84 e3       	ldi	r24, 0x34	; 52
    3d50:	90 e0       	ldi	r25, 0x00	; 0
    3d52:	fc 01       	movw	r30, r24
    3d54:	10 82       	st	Z, r1
	
	//Selecting Pull-Up Resistors for Button - Inputs
	PORTA |= (1<<PA0) | (1<<PA1);
    3d56:	82 e2       	ldi	r24, 0x22	; 34
    3d58:	90 e0       	ldi	r25, 0x00	; 0
    3d5a:	22 e2       	ldi	r18, 0x22	; 34
    3d5c:	30 e0       	ldi	r19, 0x00	; 0
    3d5e:	f9 01       	movw	r30, r18
    3d60:	20 81       	ld	r18, Z
    3d62:	23 60       	ori	r18, 0x03	; 3
    3d64:	fc 01       	movw	r30, r24
    3d66:	20 83       	st	Z, r18
    3d68:	00 00       	nop
    3d6a:	df 91       	pop	r29
    3d6c:	cf 91       	pop	r28
    3d6e:	08 95       	ret

00003d70 <sys_timer_config>:
volatile unsigned long sys_time = 0;
volatile uint8_t draw_data = 0;


void sys_timer_config(void)
{
    3d70:	cf 93       	push	r28
    3d72:	df 93       	push	r29
    3d74:	cd b7       	in	r28, 0x3d	; 61
    3d76:	de b7       	in	r29, 0x3e	; 62

	//8 bit Timer 0 configuration
	//Mode --> CTC, Divider --> /64
	TCCR0A = 0 | (1<<WGM01) | (1<<CS01) | (1<<CS00);
    3d78:	84 e4       	ldi	r24, 0x44	; 68
    3d7a:	90 e0       	ldi	r25, 0x00	; 0
    3d7c:	2b e0       	ldi	r18, 0x0B	; 11
    3d7e:	fc 01       	movw	r30, r24
    3d80:	20 83       	st	Z, r18
	//compare interrupt enable
	TIMSK0 = 0 | (1<<OCIE0A);
    3d82:	8e e6       	ldi	r24, 0x6E	; 110
    3d84:	90 e0       	ldi	r25, 0x00	; 0
    3d86:	22 e0       	ldi	r18, 0x02	; 2
    3d88:	fc 01       	movw	r30, r24
    3d8a:	20 83       	st	Z, r18
	//compare value for 1ms;
	OCR0A = 250-1;
    3d8c:	87 e4       	ldi	r24, 0x47	; 71
    3d8e:	90 e0       	ldi	r25, 0x00	; 0
    3d90:	29 ef       	ldi	r18, 0xF9	; 249
    3d92:	fc 01       	movw	r30, r24
    3d94:	20 83       	st	Z, r18
}
    3d96:	00 00       	nop
    3d98:	df 91       	pop	r29
    3d9a:	cf 91       	pop	r28
    3d9c:	08 95       	ret

00003d9e <__vector_16>:

/*	Interrupt Service Routines	*/
ISR(TIMER0_COMP_vect)
{
    3d9e:	1f 92       	push	r1
    3da0:	0f 92       	push	r0
    3da2:	00 90 5f 00 	lds	r0, 0x005F	; 0x80005f <__TEXT_REGION_LENGTH__+0x7e005f>
    3da6:	0f 92       	push	r0
    3da8:	11 24       	eor	r1, r1
    3daa:	8f 93       	push	r24
    3dac:	9f 93       	push	r25
    3dae:	af 93       	push	r26
    3db0:	bf 93       	push	r27
    3db2:	cf 93       	push	r28
    3db4:	df 93       	push	r29
    3db6:	cd b7       	in	r28, 0x3d	; 61
    3db8:	de b7       	in	r29, 0x3e	; 62
	sys_time++;
    3dba:	80 91 d5 03 	lds	r24, 0x03D5	; 0x8003d5 <sys_time>
    3dbe:	90 91 d6 03 	lds	r25, 0x03D6	; 0x8003d6 <sys_time+0x1>
    3dc2:	a0 91 d7 03 	lds	r26, 0x03D7	; 0x8003d7 <sys_time+0x2>
    3dc6:	b0 91 d8 03 	lds	r27, 0x03D8	; 0x8003d8 <sys_time+0x3>
    3dca:	01 96       	adiw	r24, 0x01	; 1
    3dcc:	a1 1d       	adc	r26, r1
    3dce:	b1 1d       	adc	r27, r1
    3dd0:	80 93 d5 03 	sts	0x03D5, r24	; 0x8003d5 <sys_time>
    3dd4:	90 93 d6 03 	sts	0x03D6, r25	; 0x8003d6 <sys_time+0x1>
    3dd8:	a0 93 d7 03 	sts	0x03D7, r26	; 0x8003d7 <sys_time+0x2>
    3ddc:	b0 93 d8 03 	sts	0x03D8, r27	; 0x8003d8 <sys_time+0x3>
	draw_data++;
    3de0:	80 91 d9 03 	lds	r24, 0x03D9	; 0x8003d9 <draw_data>
    3de4:	8f 5f       	subi	r24, 0xFF	; 255
    3de6:	80 93 d9 03 	sts	0x03D9, r24	; 0x8003d9 <draw_data>
    3dea:	00 00       	nop
    3dec:	df 91       	pop	r29
    3dee:	cf 91       	pop	r28
    3df0:	bf 91       	pop	r27
    3df2:	af 91       	pop	r26
    3df4:	9f 91       	pop	r25
    3df6:	8f 91       	pop	r24
    3df8:	0f 90       	pop	r0
    3dfa:	00 92 5f 00 	sts	0x005F, r0	; 0x80005f <__TEXT_REGION_LENGTH__+0x7e005f>
    3dfe:	0f 90       	pop	r0
    3e00:	1f 90       	pop	r1
    3e02:	18 95       	reti

00003e04 <__udivmodhi4>:
    3e04:	aa 1b       	sub	r26, r26
    3e06:	bb 1b       	sub	r27, r27
    3e08:	51 e1       	ldi	r21, 0x11	; 17
    3e0a:	07 c0       	rjmp	.+14     	; 0x3e1a <__udivmodhi4_ep>

00003e0c <__udivmodhi4_loop>:
    3e0c:	aa 1f       	adc	r26, r26
    3e0e:	bb 1f       	adc	r27, r27
    3e10:	a6 17       	cp	r26, r22
    3e12:	b7 07       	cpc	r27, r23
    3e14:	10 f0       	brcs	.+4      	; 0x3e1a <__udivmodhi4_ep>
    3e16:	a6 1b       	sub	r26, r22
    3e18:	b7 0b       	sbc	r27, r23

00003e1a <__udivmodhi4_ep>:
    3e1a:	88 1f       	adc	r24, r24
    3e1c:	99 1f       	adc	r25, r25
    3e1e:	5a 95       	dec	r21
    3e20:	a9 f7       	brne	.-22     	; 0x3e0c <__udivmodhi4_loop>
    3e22:	80 95       	com	r24
    3e24:	90 95       	com	r25
    3e26:	bc 01       	movw	r22, r24
    3e28:	cd 01       	movw	r24, r26
    3e2a:	08 95       	ret

00003e2c <__divmodhi4>:
    3e2c:	97 fb       	bst	r25, 7
    3e2e:	07 2e       	mov	r0, r23
    3e30:	16 f4       	brtc	.+4      	; 0x3e36 <__divmodhi4+0xa>
    3e32:	00 94       	com	r0
    3e34:	06 d0       	rcall	.+12     	; 0x3e42 <__divmodhi4_neg1>
    3e36:	77 fd       	sbrc	r23, 7
    3e38:	08 d0       	rcall	.+16     	; 0x3e4a <__divmodhi4_neg2>
    3e3a:	e4 df       	rcall	.-56     	; 0x3e04 <__udivmodhi4>
    3e3c:	07 fc       	sbrc	r0, 7
    3e3e:	05 d0       	rcall	.+10     	; 0x3e4a <__divmodhi4_neg2>
    3e40:	3e f4       	brtc	.+14     	; 0x3e50 <__divmodhi4_exit>

00003e42 <__divmodhi4_neg1>:
    3e42:	90 95       	com	r25
    3e44:	81 95       	neg	r24
    3e46:	9f 4f       	sbci	r25, 0xFF	; 255
    3e48:	08 95       	ret

00003e4a <__divmodhi4_neg2>:
    3e4a:	70 95       	com	r23
    3e4c:	61 95       	neg	r22
    3e4e:	7f 4f       	sbci	r23, 0xFF	; 255

00003e50 <__divmodhi4_exit>:
    3e50:	08 95       	ret

00003e52 <__divmodsi4>:
    3e52:	05 2e       	mov	r0, r21
    3e54:	97 fb       	bst	r25, 7
    3e56:	16 f4       	brtc	.+4      	; 0x3e5c <__divmodsi4+0xa>
    3e58:	00 94       	com	r0
    3e5a:	0f d0       	rcall	.+30     	; 0x3e7a <__negsi2>
    3e5c:	57 fd       	sbrc	r21, 7
    3e5e:	05 d0       	rcall	.+10     	; 0x3e6a <__divmodsi4_neg2>
    3e60:	2c d0       	rcall	.+88     	; 0x3eba <__udivmodsi4>
    3e62:	07 fc       	sbrc	r0, 7
    3e64:	02 d0       	rcall	.+4      	; 0x3e6a <__divmodsi4_neg2>
    3e66:	46 f4       	brtc	.+16     	; 0x3e78 <__divmodsi4_exit>
    3e68:	08 c0       	rjmp	.+16     	; 0x3e7a <__negsi2>

00003e6a <__divmodsi4_neg2>:
    3e6a:	50 95       	com	r21
    3e6c:	40 95       	com	r20
    3e6e:	30 95       	com	r19
    3e70:	21 95       	neg	r18
    3e72:	3f 4f       	sbci	r19, 0xFF	; 255
    3e74:	4f 4f       	sbci	r20, 0xFF	; 255
    3e76:	5f 4f       	sbci	r21, 0xFF	; 255

00003e78 <__divmodsi4_exit>:
    3e78:	08 95       	ret

00003e7a <__negsi2>:
    3e7a:	90 95       	com	r25
    3e7c:	80 95       	com	r24
    3e7e:	70 95       	com	r23
    3e80:	61 95       	neg	r22
    3e82:	7f 4f       	sbci	r23, 0xFF	; 255
    3e84:	8f 4f       	sbci	r24, 0xFF	; 255
    3e86:	9f 4f       	sbci	r25, 0xFF	; 255
    3e88:	08 95       	ret

00003e8a <__tablejump2__>:
    3e8a:	ee 0f       	add	r30, r30
    3e8c:	ff 1f       	adc	r31, r31
    3e8e:	00 24       	eor	r0, r0
    3e90:	00 1c       	adc	r0, r0
    3e92:	0b be       	out	0x3b, r0	; 59
    3e94:	07 90       	elpm	r0, Z+
    3e96:	f6 91       	elpm	r31, Z
    3e98:	e0 2d       	mov	r30, r0
    3e9a:	09 94       	ijmp

00003e9c <__umulhisi3>:
    3e9c:	a2 9f       	mul	r26, r18
    3e9e:	b0 01       	movw	r22, r0
    3ea0:	b3 9f       	mul	r27, r19
    3ea2:	c0 01       	movw	r24, r0
    3ea4:	a3 9f       	mul	r26, r19
    3ea6:	70 0d       	add	r23, r0
    3ea8:	81 1d       	adc	r24, r1
    3eaa:	11 24       	eor	r1, r1
    3eac:	91 1d       	adc	r25, r1
    3eae:	b2 9f       	mul	r27, r18
    3eb0:	70 0d       	add	r23, r0
    3eb2:	81 1d       	adc	r24, r1
    3eb4:	11 24       	eor	r1, r1
    3eb6:	91 1d       	adc	r25, r1
    3eb8:	08 95       	ret

00003eba <__udivmodsi4>:
    3eba:	a1 e2       	ldi	r26, 0x21	; 33
    3ebc:	1a 2e       	mov	r1, r26
    3ebe:	aa 1b       	sub	r26, r26
    3ec0:	bb 1b       	sub	r27, r27
    3ec2:	fd 01       	movw	r30, r26
    3ec4:	0d c0       	rjmp	.+26     	; 0x3ee0 <__udivmodsi4_ep>

00003ec6 <__udivmodsi4_loop>:
    3ec6:	aa 1f       	adc	r26, r26
    3ec8:	bb 1f       	adc	r27, r27
    3eca:	ee 1f       	adc	r30, r30
    3ecc:	ff 1f       	adc	r31, r31
    3ece:	a2 17       	cp	r26, r18
    3ed0:	b3 07       	cpc	r27, r19
    3ed2:	e4 07       	cpc	r30, r20
    3ed4:	f5 07       	cpc	r31, r21
    3ed6:	20 f0       	brcs	.+8      	; 0x3ee0 <__udivmodsi4_ep>
    3ed8:	a2 1b       	sub	r26, r18
    3eda:	b3 0b       	sbc	r27, r19
    3edc:	e4 0b       	sbc	r30, r20
    3ede:	f5 0b       	sbc	r31, r21

00003ee0 <__udivmodsi4_ep>:
    3ee0:	66 1f       	adc	r22, r22
    3ee2:	77 1f       	adc	r23, r23
    3ee4:	88 1f       	adc	r24, r24
    3ee6:	99 1f       	adc	r25, r25
    3ee8:	1a 94       	dec	r1
    3eea:	69 f7       	brne	.-38     	; 0x3ec6 <__udivmodsi4_loop>
    3eec:	60 95       	com	r22
    3eee:	70 95       	com	r23
    3ef0:	80 95       	com	r24
    3ef2:	90 95       	com	r25
    3ef4:	9b 01       	movw	r18, r22
    3ef6:	ac 01       	movw	r20, r24
    3ef8:	bd 01       	movw	r22, r26
    3efa:	cf 01       	movw	r24, r30
    3efc:	08 95       	ret

00003efe <_exit>:
    3efe:	f8 94       	cli

00003f00 <__stop_program>:
    3f00:	ff cf       	rjmp	.-2      	; 0x3f00 <__stop_program>
